<COLLADA xmlns="http://www.collada.org/2005/11/COLLADASchema" version="1.4.1">
  <asset>
    <contributor/>
    <created>2026-05-15T12:55:00.293955</created>
    <modified>2026-05-15T12:55:00.293958</modified>
    <unit name="meter" meter="1.0"/>
    <up_axis>Z_UP</up_axis>
  </asset>
  <library_effects>
    <effect id="effect_Solid117" name="effect_Solid117">
      <profile_COMMON>
        <technique sid="common">
          <phong>
            <emission>
              <color>0.0 0.0 0.0 1.0</color>
            </emission>
            <ambient>
              <color>0.0 0.0 0.0 1.0</color>
            </ambient>
            <diffuse>
              <color>0.9647058844566345 1.0 0.0 1.0</color>
            </diffuse>
            <specular>
              <color>1 1 1 1.0</color>
            </specular>
            <shininess>
              <float>0.0</float>
            </shininess>
            <reflective>
              <color>0.0 0.0 0.0 1.0</color>
            </reflective>
            <reflectivity>
              <float>0.0</float>
            </reflectivity>
            <transparent>
              <color>0.0 0.0 0.0 1.0</color>
            </transparent>
            <transparency>
              <float>1.0</float>
            </transparency>
          </phong>
        </technique>
        <extra>
          <technique profile="GOOGLEEARTH">
            <double_sided>0</double_sided>
          </technique>
        </extra>
      </profile_COMMON>
    </effect>
  </library_effects>
  <library_geometries>
    <geometry id="geometry0" name="Sphere">
      <mesh>
        <source id="cubeverts-array0">
          <float_array count="12006" id="cubeverts-array0-array">0.002439989 0.03908521 -0.04741474 0.003484875 0.039 -0.04732608 0.001744606 0.039 -0.04745649 0.002428102 0.0392552 -0.04741474 2.143132e-18 0.039 -0.0475 0.002404385 0.03942396 -0.04741474 0.002368954 0.03959064 -0.04741474 0.004859193 0.03933979 -0.04715938 0.005216479 0.039 -0.04710908 0.006935115 0.039 -0.04680604 0.002321982 0.03975446 -0.04741474 0.004823654 0.03967792 -0.04715938 0.002263698 0.03991459 -0.04741474 0.004764614 0.04001275 -0.04715938 0.002194385 0.04007027 -0.04741474 0.007272476 0.03925396 -0.04673516 0.008636509 0.039 -0.04641771 0.004682362 0.04034265 -0.04715938 0.002114381 0.04022074 -0.04741474 0.007237045 0.03976064 -0.04673516 0.004577298 0.040666 -0.04715938 0.002024076 0.04036526 -0.04741474 0.007166357 0.04026362 -0.04673516 0.004449934 0.04098124 -0.04715938 0.00192391 0.04050312 -0.04741474 0.007060754 0.04076044 -0.04673516 0.004300889 0.04128682 -0.04715938 0.009623807 0.03967296 -0.04614416 0.01031643 0.039 -0.04594505 0.001814371 0.04063367 -0.04741474 0.006920752 0.04124869 -0.04673516 0.004130892 0.04158127 -0.04715938 0.00955342 0.04034265 -0.04614416 0.001695992 0.04075625 -0.04741474 0.006747033 0.04172598 -0.04673516 0.003940769 0.04186314 -0.04715938 0.009436491 0.04100579 -0.04614416 0.001569351 0.04087028 -0.04741474 0.006540442 0.04218999 -0.04673516 0.01196341 0.03941777 -0.04538924 0.01197071 0.039 -0.04538924 0.01359522 0.039 -0.04475167 0.003731447 0.04213106 -0.04715938 0.009273587 0.04165916 -0.04614416 0.001435064 0.0409752 -0.04741474 0.006301988 0.04263845 -0.04673516 0.01190513 0.04025128 -0.04538924 0.003503946 0.04238372 -0.04715938 0.009065504 0.04229957 -0.04614416 0.001293785 0.04107049 -0.04741474 0.006032831 0.04306919 -0.04673516 0.01178884 0.04107869 -0.04538924 0.003259374 0.0426199 -0.04715938 0.008813254 0.04292391 -0.04614416 0.001146204 0.0411557 -0.04741474 0.005734282 0.04348011 -0.04673516 0.01161512 0.04189598 -0.04538924 0.002998923 0.04283845 -0.04715938 0.008518067 0.04352914 -0.04614416 0.01420111 0.03999304 -0.04447409 0.01518593 0.039 -0.04403391 0.000993038 0.0412304 -0.04741474 0.005407797 0.0438692 -0.04673516 0.01138482 0.04269915 -0.04538924 0.002723861 0.04303829 -0.04715938 0.00818138 0.04411229 -0.04614416 0.01409724 0.04098124 -0.04447409 0.0008350342 0.04129424 -0.04741474 0.005054966 0.04423457 -0.04673516 0.01109904 0.04348431 -0.04538924 0.002435529 0.04321846 -0.04715938 0.007804836 0.04467054 -0.04614416 0.0139247 0.04195979 -0.04447409 0.0006729621 0.0413469 -0.04741474 0.004677507 0.04457444 -0.04673516 0.0107592 0.04424761 -0.04538924 0.0164215 0.03957345 -0.04340316 0.01673889 0.039 -0.04323775 0.002135332 0.04337808 -0.04715938 0.007390266 0.04520117 -0.04614416 0.01368431 0.04292391 -0.04447409 0.0005076115 0.04138812 -0.04741474 0.00427726 0.04488714 -0.04673516 0.01036693 0.04498535 -0.04538924 0.01634149 0.04071756 -0.04340316 0.001824731 0.04351637 -0.04715938 0.006939692 0.04570158 -0.04614416 0.01337726 0.04386892 -0.04447409 0.0003397879 0.04141772 -0.04741474 0.003856174 0.04517117 -0.04673516 0.009924164 0.04569393 -0.04538924 0.01618187 0.0418533 -0.04340316 0.00150524 0.04363265 -0.04715938 0.006455309 0.04616935 -0.04614416 0.01300503 0.04479021 -0.04447409 0.0001703088 0.04143553 -0.04741474 0.003416302 0.04542513 -0.04673516 0.009433044 0.0463699 -0.04538924 0.01594342 0.04297514 -0.04340316 0.001178416 0.04372637 -0.04715938 0.005939476 0.04660218 -0.04614416 0.01256945 0.0456833 -0.04447409 0.018502 0.04029379 -0.04218168 0.01825023 0.039 -0.04236518 0.0197162 0.039 -0.04141836 -1.476853e-18 0.04144147 -0.04741474 0.002959786 0.04564779 -0.04673516 0.008895967 0.04700996 -0.04538924 0.01562729 0.04407761 -0.04340316 0.0008458504 0.04379706 -0.04715938 0.005394706 0.04699798 -0.04614416 0.01207263 0.04654382 -0.04447409 0.01836667 0.04158127 -0.04218168 -0.0001703088 0.04143553 -0.04741474 0.002488849 0.04583806 -0.04673516 0.008315551 0.047611 -0.04538924 0.01523503 0.04515535 -0.04340316 0.0005091643 0.04384438 -0.04715938 0.004823654 0.04735481 -0.04614416 0.01151699 0.04736758 -0.04447409 0.01814187 0.04285617 -0.04218168 -0.0003397879 0.04141772 -0.04741474 0.002005788 0.04599501 -0.04673516 0.007694621 0.04817009 -0.04538924 0.01476854 0.0462031 -0.04340316 0.02055995 0.03971797 -0.04081559 0.02113315 0.039 -0.04039964 0.0001699975 0.04386809 -0.04715938 0.004229101 0.04767094 -0.04614416 0.01090524 0.04815059 -0.04447409 0.01782869 0.04411229 -0.04218168 -0.0005076115 0.04138812 -0.04741474 0.001512954 0.04611789 -0.04673516 0.007036204 0.04868451 -0.04538924 0.0142301 0.04721575 -0.04340316 0.02045979 0.04115041 -0.04081559 -0.0001699975 0.04386809 -0.04715938 0.003613945 0.04794483 -0.04614416 0.01024037 0.048889 -0.04447409 0.01742864 0.04534351 -0.04218168 -0.0006729621 0.0413469 -0.04741474 0.00101275 0.04620609 -0.04673516 0.006343507 0.04915173 -0.04538924 0.01362233 0.04818838 -0.04340316 0.02025994 0.04257237 -0.04081559 -0.0005091643 0.04384438 -0.04715938 0.002981182 0.04817513 -0.04614416 0.009525598 0.04957925 -0.04447409 0.01694369 0.04654382 -0.04218168 -0.0008350342 0.04129424 -0.04741474 0.0005076115 0.04625918 -0.04673516 0.005619905 0.0495695 -0.04538924 0.0129482 0.04911625 -0.04340316 0.01996139 0.04397693 -0.04081559 -0.0008458504 0.04379706 -0.04715938 0.002333895 0.04836074 -0.04614416 0.008764422 0.05021795 -0.04447409 0.01637618 0.04770737 -0.04218168 0.02244276 0.04056935 -0.03931155 0.02249757 0.039 -0.03931155 0.02380605 0.039 -0.03815681 -0.000993038 0.0412304 -0.04741474 -4.401813e-18 0.04627691 -0.04673516 0.004868924 0.04993578 -0.04538924 0.01221099 0.04999482 -0.04340316 0.0195656 0.04535725 -0.04081559 -0.001178416 0.04372637 -0.04715938 0.001675237 0.04850074 -0.04614416 0.007960548 0.050802 -0.04447409 0.0157289 0.04882851 -0.04218168 0.02227862 0.04213106 -0.03931155 -0.001146204 0.0411557 -0.04741474 -0.0005076115 0.04625918 -0.04673516 0.004094222 0.05024878 -0.04538924 0.01141428 0.05081984 -0.04340316 0.01907447 0.04670659 -0.04081559 -0.00150524 0.04363265 -0.04715938 0.001008418 0.04859446 -0.04614416 0.007117891 0.05132855 -0.04447409 0.01500498 0.04990176 -0.04218168 0.02200594 0.04367751 -0.03931155 -0.001293785 0.04107049 -0.04741474 -0.00101275 0.04620609 -0.04673516 0.003299573 0.05050698 -0.04538924 0.01056197 0.05158726 -0.04340316 0.01849043 0.04801838 -0.04081559 0.02429823 0.03984851 -0.03767689 0.02505534 0.039 -0.03693829 -0.001824731 0.04351637 -0.04715938 0.0003366862 0.04864143 -0.04614416 0.006240556 0.05179504 -0.04447409 0.01420796 0.05092189 -0.04218168 0.02162605 0.04520117 -0.03931155 -0.001435064 0.0409752 -0.04741474 -0.001512954 0.04611789 -0.04673516 0.002488849 0.05070912 -0.04538924 0.009658196 0.05229337 -0.04340316 0.01781629 0.04928624 -0.04081559 0.02417985 0.0415414 -0.03767689 -0.002135332 0.04337808 -0.04715938 -0.0003366862 0.04864143 -0.04614416 0.005332818 0.05219919 -0.04447409 0.01334172 0.05188395 -0.04218168 0.0211408 0.04669462 -0.03931155 -0.001569351 0.04087028 -0.04741474 -0.002005788 0.04599501 -0.04673516 0.001666 0.05085421 -0.04538924 0.008707371 0.05293471 -0.04340316 0.01705536 0.05050399 -0.04081559 0.02394367 0.04322192 -0.03767689 -0.002435529 0.04321846 -0.04715938 -0.001008418 0.04859446 -0.04614416 0.004399099 0.05253903 -0.04447409 0.01241048 0.05278324 -0.04218168 0.02055255 0.04815059 -0.03931155 -0.001695992 0.04075625 -0.04741474 -0.002488849 0.04583806 -0.04673516 0.0008350342 0.05094154 -0.04538924 0.007714124 0.05350816 -0.04340316 0.01621134 0.05166569 -0.04081559 0.02359084 0.04488186 -0.03767689 -0.002723861 0.04303829 -0.04715938 -0.001675237 0.04850074 -0.04614416 0.003443948 0.05281292 -0.04447409 0.01141878 0.05361537 -0.04218168 0.01986417 0.04956197 -0.03931155 0.02594671 0.04081437 -0.03591957 0.02624234 0.039 -0.035659 0.0273641 0.039 -0.03432214 -0.001814371 0.04063367 -0.04741474 -0.002959786 0.04564779 -0.04673516 -7.241097e-18 0.0509707 -0.04538924 0.006683295 0.05401093 -0.04340316 0.01528833 0.05276568 -0.04081559 0.02312308 0.04651314 -0.03767689 -0.002998923 0.04283845 -0.04715938 -0.002333895 0.04836074 -0.04614416 0.002472018 0.05301951 -0.04447409 0.01037145 0.0543763 -0.04218168 0.01907902 0.05092189 -0.03931155 0.02575694 0.0426199 -0.03591957 -0.00192391 0.04050312 -0.04741474 -0.003416302 0.04542513 -0.04673516 -0.0008350342 0.05094154 -0.04538924 0.005619905 0.05444056 -0.04340316 0.01429085 0.05379861 -0.04081559 0.02254266 0.04810783 -0.03767689 -0.003259374 0.0426199 -0.04715938 -0.002981182 0.04817513 -0.04614416 0.001488045 0.0531578 -0.04447409 0.009273587 0.05506232 -0.04218168 0.01820091 0.05222374 -0.03931155 0.02544169 0.0444078 -0.03591957 -0.002024076 0.04036526 -0.04741474 -0.003856174 0.04517117 -0.04673516 -0.001666 0.05085421 -0.04538924 0.004529137 0.05479498 -0.04340316 0.01322374 0.05475944 -0.04081559 0.02185242 0.04965814 -0.03767689 0.02756358 0.03996254 -0.03404815 0.02841783 0.039 -0.03293103 -0.003503946 0.04238372 -0.04715938 -0.003613945 0.04794483 -0.04614416 0.0004968216 0.05322711 -0.04447409 0.008130546 0.05567009 -0.04218168 0.01723414 0.05346116 -0.03931155 0.02500248 0.04616935 -0.03591957 -0.002114381 0.04022074 -0.04741474 -0.00427726 0.04488714 -0.04673516 -0.002488849 0.05070912 -0.04538924 0.003416302 0.05507244 -0.04340316 0.0120922 0.05564349 -0.04081559 0.02105571 0.05115652 -0.03767689 0.02742929 0.04188293 -0.03404815 -0.003731447 0.04213106 -0.04715938 -0.004229101 0.04767094 -0.04614416 -0.0004968216 0.05322711 -0.04447409 0.006947894 0.05619664 -0.04218168 0.0161834 0.05462812 -0.03931155 0.02444147 0.04789597 -0.03591957 -0.002194385 0.04007027 -0.04741474 -0.004677507 0.04457444 -0.04673516 -0.003299573 0.05050698 -0.04538924 0.002286824 0.0552716 -0.04340316 0.01090176 0.05644646 -0.04081559 0.02015643 0.05259568 -0.03767689 0.02716137 0.04378928 -0.03404815 -0.003940769 0.04186314 -0.04715938 -0.004823654 0.04735481 -0.04614416 -0.001488045 0.0531578 -0.04447409 0.005731392 0.05663941 -0.04218168 0.01505381 0.05571895 -0.03931155 0.02376138 0.04957925 -0.03591957 -0.002263698 0.03991459 -0.04741474 -0.005054966 0.04423457 -0.04673516 -0.004094222 0.05024878 -0.04538924 0.001146204 0.05539148 -0.04340316 0.009658196 0.05716442 -0.04081559 0.01915894 0.05396861 -0.03767689 0.02676112 0.0456723 -0.03404815 -0.004130892 0.04158127 -0.04715938 -0.005394706 0.04699798 -0.04614416 -0.002472018 0.05301951 -0.04447409 0.004486968 0.05699624 -0.04218168 0.01385088 0.05672832 -0.03931155 0.02296553 0.05121099 -0.03591957 0.02894563 0.04102407 -0.03207175 0.02940091 0.039 -0.03148912 -0.002321982 0.03975446 -0.04741474 -0.005407797 0.0438692 -0.04673516 -0.004868924 0.04993578 -0.04538924 -9.939441e-18 0.0554315 -0.04340316 0.008367583 0.0577939 -0.04081559 0.01806811 0.0552686 -0.03767689 0.0262305 0.0475228 -0.03404815 -0.004300889 0.04128682 -0.04715938 -0.005939476 0.04660218 -0.04614416 -0.003443948 0.05281292 -0.04447409 0.003220683 0.0572654 -0.04218168 0.01258048 0.05765133 -0.03931155 0.02205779 0.05278324 -0.03591957 0.02873393 0.04303829 -0.03207175 -0.002368954 0.03959064 -0.04741474 -0.005734282 0.04348011 -0.04673516 -0.005619905 0.0495695 -0.04538924 -0.001146204 0.05539148 -0.04340316 0.007036204 0.05833181 -0.04081559 0.01688926 0.05648934 -0.03767689 0.02557208 0.04933179 -0.03404815 -0.004449934 0.04098124 -0.04715938 -0.006455309 0.04616935 -0.04614416 -0.004399099 0.05253903 -0.04447409 0.001938708 0.05744557 -0.04218168 0.01124878 0.05848346 -0.03931155 0.02104259 0.05428833 -0.03591957 0.02838224 0.04503283 -0.03207175 -0.002404385 0.03942396 -0.04741474 -0.006032831 0.04306919 -0.04673516 -0.006343507 0.04915173 -0.04538924 -0.002286824 0.0552716 -0.04340316 0.005670545 0.05877554 -0.04081559 0.01562812 0.05762487 -0.03767689 0.02478908 0.05109044 -0.03404815 0.03029243 0.04005783 -0.03 0.03031089 0.039 -0.03 0.03114551 0.039 -0.02846737 -0.004577298 0.040666 -0.04715938 -0.006939692 0.04570158 -0.04614416 -0.005332818 0.05219919 -0.04447409 0.0006472871 0.05753588 -0.04218168 0.009862284 0.05922068 -0.03931155 0.01992487 0.05571895 -0.03591957 0.02789227 0.04699798 -0.03207175 -0.002428102 0.0392552 -0.04741474 -0.006301988 0.04263845 -0.04673516 -0.007036204 0.04868451 -0.04538924 -0.003416302 0.05507244 -0.04340316 0.00427726 0.05912292 -0.04081559 0.01429085 0.05866967 -0.03767689 0.02388531 0.05279019 -0.03404815 0.03014484 0.04216835 -0.03 -0.004682362 0.04034265 -0.04715938 -0.007390266 0.04520117 -0.04614416 -0.006240556 0.05179504 -0.04447409 -0.0006472871 0.05753588 -0.04218168 0.008427736 0.05985938 -0.03931155 0.01871008 0.05706811 -0.03591957 0.02726642 0.04892416 -0.03207175 -0.002439989 0.03908521 -0.04741474 -0.006540442 0.04218999 -0.04673516 -0.007694621 0.04817009 -0.04538924 -0.004529137 0.05479498 -0.04340316 0.002863136 0.05937227 -0.04081559 0.01288395 0.05961863 -0.03767689 0.02286517 0.05442275 -0.03404815 0.0298504 0.04426343 -0.03 -0.004764614 0.04001275 -0.04715938 -0.007804836 0.04467054 -0.04614416 -0.007117891 0.05132855 -0.04447409 -0.001938708 0.05744557 -0.04218168 0.00695213 0.06039646 -0.03931155 0.01740413 0.05832925 -0.03591957 0.02650772 0.050802 -0.03207175 -0.002439989 0.03891479 -0.04741474 -0.006747033 0.04172598 -0.04673516 -0.008315551 0.047611 -0.04538924 -0.005619905 0.05444056 -0.04340316 0.001435064 0.05952237 -0.04081559 0.01141428 0.06046714 -0.03767689 0.02173363 0.05598018 -0.03404815 0.02941053 0.04633287 -0.03 -0.004823654 0.03967792 -0.04715938 -0.00818138 0.04411229 -0.04614416 -0.007960548 0.050802 -0.04447409 -0.003220683 0.0572654 -0.04218168 0.005442654 0.06082929 -0.03931155 0.0160134 0.05949622 -0.03591957 0.02561989 0.05262233 -0.03207175 0.03138116 0.04119439 -0.02784299 0.0319027 0.039 -0.02689505 -0.002428102 0.0387448 -0.04741474 -0.006920752 0.04124869 -0.04673516 -0.008895967 0.04700996 -0.04538924 -0.006683295 0.05401093 -0.04340316 -1.244433e-17 0.05957248 -0.04081559 0.009889006 0.06121107 -0.03767689 0.02049621 0.05745487 -0.03404815 0.02882737 0.04836658 -0.03 -0.004859193 0.03933979 -0.04715938 -0.008518067 0.04352914 -0.04614416 -0.008764422 0.05021795 -0.04447409 -0.004486968 0.05699624 -0.04218168 0.003906662 0.06115578 -0.03931155 0.01454465 0.06056332 -0.03591957 0.02460723 0.0543763 -0.03207175 0.03115165 0.04337808 -0.02784299 -0.002404385 0.03857604 -0.04741474 -0.007060754 0.04076044 -0.04673516 -0.009433044 0.0463699 -0.04538924 -0.007714124 0.05350816 -0.04340316 -0.001435064 0.05952237 -0.04081559 0.008315551 0.06184679 -0.03767689 0.01915894 0.05883966 -0.03404815 0.02810377 0.05035466 -0.03 -0.004871058 0.039 -0.04715938 -0.008813254 0.04292391 -0.04614416 -0.009525598 0.04957925 -0.04447409 -0.005731392 0.05663941 -0.04218168 0.002351636 0.06137432 -0.03931155 0.01300503 0.06152538 -0.03591957 0.02347469 0.05605536 -0.03207175 0.03077036 0.04554044 -0.02784299 -0.002368954 0.03840936 -0.04741474 -0.007166357 0.04026362 -0.04673516 -0.009924164 0.04569393 -0.04538924 -0.008707371 0.05293471 -0.04340316 -0.002863136 0.05937227 -0.04081559 0.006701583 0.0623712 -0.03767689 0.01772832 0.06012779 -0.03404815 0.02724325 0.05228742 -0.03 0.03243167 0.04013254 -0.02561123 0.03258058 0.039 -0.02528694 -0.004859193 0.03866021 -0.04715938 -0.009065504 0.04229957 -0.04614416 -0.01024037 0.048889 -0.04447409 -0.006947894 0.05619664 -0.04218168 0.0007851537 0.06148386 -0.03931155 0.01140206 0.06237769 -0.03591957 0.02222779 0.05765133 -0.03207175 0.03023917 0.04767094 -0.02784299 -0.002321982 0.03824554 -0.04741474 -0.007237045 0.03976064 -0.04673516 -0.01036693 0.04498535 -0.04538924 -0.009658196 0.05229337 -0.04340316 -0.00427726 0.05912292 -0.04081559 0.005054966 0.06278175 -0.03767689 0.01621134 0.06131299 -0.03404815 0.02625 0.05415545 -0.03 0.03227366 0.0423921 -0.02561123 -0.004823654 0.03832208 -0.04715938 -0.009273587 0.04165916 -0.04614416 -0.01090524 0.04815059 -0.04447409 -0.008130546 0.05567009 -0.04218168 -0.0007851537 0.06148386 -0.03931155 0.009743544 0.06311612 -0.03591957 0.02087259 0.05915643 -0.03207175 0.02956066 0.0497592 -0.02784299 -0.002263698 0.03808541 -0.04741474 -0.007272476 0.03925396 -0.04673516 -0.0107592 0.04424761 -0.04538924 -0.01056197 0.05158726 -0.04340316 -0.005670545 0.05877554 -0.04081559 0.003383722 0.06307643 -0.03767689 0.01461537 0.06238948 -0.03404815 0.02512887 0.05594963 -0.03 0.03195843 0.04463513 -0.02561123 -0.004764614 0.03798725 -0.04715938 -0.009436491 0.04100579 -0.04614416 -0.01151699 0.04736758 -0.04447409 -0.009273587 0.05506232 -0.04218168 -0.002351636 0.06137432 -0.03931155 0.008037554 0.06373705 -0.03591957 0.0194157 0.06056332 -0.03207175 0.02873812 0.05179504 -0.02784299 -0.002194385 0.03792973 -0.04741474 -0.007272476 0.03874604 -0.04673516 -0.01109904 0.04348431 -0.04538924 -0.01141428 0.05081984 -0.04340316 -0.007036204 0.05833181 -0.04081559 0.001695992 0.06325382 -0.03767689 0.0129482 0.06335203 -0.03404815 0.02388531 0.05766125 -0.03 0.03148749 0.04685071 -0.02561123 -0.004682362 0.03765735 -0.04715938 -0.00955342 0.04034265 -0.04614416 -0.01207263 0.04654382 -0.04447409 -0.01037145 0.0543763 -0.04218168 -0.003906662 0.06115578 -0.03931155 0.006292405 0.06423746 -0.03591957 0.01786423 0.06186517 -0.03207175 0.02777558 0.05376854 -0.02784299 0.03320589 0.04132198 -0.0233156 0.03317746 0.039 -0.02364703 0.03369185 0.039 -0.02197942 -0.002114381 0.03777926 -0.04741474 -0.007237045 0.03823936 -0.04673516 -0.01138482 0.04269915 -0.04538924 -0.01221099 0.04999482 -0.04340316 -0.008367583 0.0577939 -0.04081559 -1.4707e-17 0.06331304 -0.03767689 0.01121795 0.06419593 -0.03404815 0.02252538 0.05928194 -0.03 0.03086315 0.04902805 -0.02561123 -0.004577298 0.037334 -0.04715938 -0.009623807 0.03967296 -0.04614416 -0.01256945 0.0456833 -0.04447409 -0.01141878 0.05361537 -0.04218168 -0.005442654 0.06082929 -0.03931155 0.004516601 0.06461491 -0.03591957 0.01622572 0.06305561 -0.03207175 0.02667772 0.05567009 -0.02784299 0.03296303 0.04363265 -0.0233156 -0.002024076 0.03763474 -0.04741474 -0.007166357 0.03773638 -0.04673516 -0.01161512 0.04189598 -0.04538924 -0.0129482 0.04911625 -0.04340316 -0.009658196 0.05716442 -0.04081559 -0.001695992 0.06325382 -0.03767689 0.009433044 0.06491708 -0.03404815 0.02105571 0.06080383 -0.03 0.03008845 0.05115652 -0.02561123 -0.004449934 0.03701876 -0.04715938 -0.009647307 0.039 -0.04614416 -0.01300503 0.04479021 -0.04447409 -0.01241048 0.05278324 -0.04218168 -0.00695213 0.06039646 -0.03931155 0.002718792 0.06486758 -0.03591957 0.01450816 0.06412887 -0.03207175 0.02544989 0.05749043 -0.02784299 0.03255958 0.04592075 -0.0233156 -0.00192391 0.03749688 -0.04741474 -0.007060754 0.03723956 -0.04673516 -0.01178884 0.04107869 -0.04538924 -0.01362233 0.04818838 -0.04340316 -0.01090176 0.05644646 -0.04081559 -0.003383722 0.06307643 -0.03767689 0.007602182 0.06551196 -0.03404815 0.01948346 0.06221949 -0.03 0.02916716 0.05322577 -0.02561123 0.03393966 0.0401852 -0.02096727 0.03412248 0.039 -0.02028823 -0.004300889 0.03671318 -0.04715938 -0.009623807 0.03832704 -0.04614416 -0.01337726 0.04386892 -0.04447409 -0.01334172 0.05188395 -0.04218168 -0.008427736 0.05985938 -0.03931155 0.0009077383 0.06499422 -0.03591957 0.01271992 0.06507969 -0.03207175 0.02409807 0.05922068 -0.02784299 0.0319975 0.04817513 -0.0233156 -0.001814371 0.03736633 -0.04741474 -0.006920752 0.03675131 -0.04673516 -0.01190513 0.04025128 -0.04538924 -0.0142301 0.04721575 -0.04340316 -0.0120922 0.05564349 -0.04081559 -0.005054966 0.06278175 -0.03767689 0.005734282 0.06597768 -0.03404815 0.01781629 0.06352203 -0.03 0.02810377 0.05522572 -0.02561123 0.03377431 0.04254982 -0.02096727 -0.004130892 0.03641873 -0.04715938 -0.00955342 0.03765735 -0.04614416 -0.01368431 0.04292391 -0.04447409 -0.01420796 0.05092189 -0.04218168 -0.009862284 0.05922068 -0.03931155 -0.0009077383 0.06499422 -0.03591957 0.0108697 0.06590346 -0.03207175 0.02262884 0.06085242 -0.02784299 0.03127953 0.05038482 -0.0233156 -0.001695992 0.03724375 -0.04741474 -0.006747033 0.03627402 -0.04673516 -0.01196341 0.03941777 -0.04538924 -0.01476854 0.0462031 -0.04340316 -0.01322374 0.05475944 -0.04081559 -0.006701583 0.0623712 -0.03767689 0.003838447 0.06631197 -0.03404815 0.01606232 0.06470509 -0.03 0.02690346 0.05714661 -0.02561123 0.03344442 0.04489715 -0.02096727 -0.003940769 0.03613686 -0.04715938 -0.009436491 0.03699421 -0.04614416 -0.0139247 0.04195979 -0.04447409 -0.01500498 0.04990176 -0.04218168 -0.01124878 0.05848346 -0.03931155 -0.002718792 0.06486758 -0.03591957 0.008966535 0.06659615 -0.03207175 0.02104937 0.06237769 -0.02784299 0.03040917 0.05253903 -0.0233156 -0.001569351 0.03712972 -0.04741474 -0.006540442 0.03581001 -0.04673516 -0.01196341 0.03858223 -0.04538924 -0.01523503 0.04515535 -0.04340316 -0.01429085 0.05379861 -0.04081559 -0.008315551 0.06184679 -0.03767689 0.00192391 0.06651319 -0.03404815 0.0142301 0.06576292 -0.03 0.02557208 0.0589791 -0.02561123 0.03295158 0.04721575 -0.02096727 -0.003731447 0.03586894 -0.04715938 -0.009273587 0.03634084 -0.04614416 -0.01409724 0.04098124 -0.04447409 -0.0157289 0.04882851 -0.04218168 -0.01258048 0.05765133 -0.03931155 -0.004516601 0.06461491 -0.03591957 0.007019682 0.0671544 -0.03207175 0.01936735 0.06378908 -0.02784299 0.02939066 0.05462729 -0.0233156 0.03438431 0.04140438 -0.01857769 0.03446827 0.039 -0.01857769 0.03472837 0.039 -0.01685203 -0.001435064 0.0370248 -0.04741474 -0.006301988 0.03536155 -0.04673516 -0.01190513 0.03774872 -0.04538924 -0.01562729 0.04407761 -0.04340316 -0.01528833 0.05276568 -0.04081559 -0.009889006 0.06121107 -0.03767689 -1.668341e-17 0.06658038 -0.03404815 0.01232855 0.06669038 -0.03 0.02411612 0.06071425 -0.02561123 0.03229821 0.04949432 -0.02096727 -0.003503946 0.03561628 -0.04715938 -0.009065504 0.03570043 -0.04614416 -0.01420111 0.03999304 -0.04447409 -0.01637618 0.04770737 -0.04218168 -0.01385088 0.05672832 -0.03931155 -0.006292405 0.06423746 -0.03591957 0.00503863 0.06757549 -0.03207175 0.01759097 0.06507969 -0.02784299 0.02822896 0.05663941 -0.0233156 0.03413283 0.04379706 -0.01857769 -0.001293785 0.03692951 -0.04741474 -0.006032831 0.03493081 -0.04673516 -0.01178884 0.03692131 -0.04538924 -0.01594342 0.04297514 -0.04340316 -0.01621134 0.05166569 -0.04081559 -0.01141428 0.06046714 -0.03767689 -0.00192391 0.06651319 -0.03404815 0.01036693 0.06748292 -0.03 0.02254266 0.06234361 -0.02561123 0.03148749 0.05172177 -0.02096727 -0.003259374 0.0353801 -0.04715938 -0.008813254 0.03507609 -0.04614416 -0.01423578 0.039 -0.04447409 -0.01694369 0.04654382 -0.04218168 -0.01505381 0.05571895 -0.03931155 -0.008037554 0.06373705 -0.03591957 0.003033031 0.06785736 -0.03207175 0.0157289 0.06624325 -0.02784299 0.02692973 0.05856559 -0.0233156 0.03371506 0.04616636 -0.01857769 -0.001146204 0.0368443 -0.04741474 -0.005734282 0.03451989 -0.04673516 -0.01161512 0.03610402 -0.04538924 -0.01618187 0.0418533 -0.04340316 -0.01705536 0.05050399 -0.04081559 -0.01288395 0.05961863 -0.03767689 -0.003838447 0.06631197 -0.03404815 0.008354814 0.0681367 -0.03 0.02085938 0.06385924 -0.02561123 0.03052336 0.05388724 -0.02096727 0.03478706 0.04021479 -0.0161585 0.03490213 0.039 -0.01511555 -0.002998923 0.03516155 -0.04715938 -0.008518067 0.03447086 -0.04614416 -0.01420111 0.03800696 -0.04447409 -0.01742864 0.04534351 -0.04218168 -0.0161834 0.05462812 -0.03931155 -0.009743544 0.06311612 -0.03591957 0.001012655 0.06799864 -0.03207175 0.01379019 0.06727408 -0.02784299 0.0254993 0.06039646 -0.0233156 0.03313303 0.04850074 -0.01857769 -0.000993038 0.0367696 -0.04741474 -0.005407797 0.0341308 -0.04673516 -0.01138482 0.03530085 -0.04538924 -0.01634149 0.04071756 -0.04340316 -0.01781629 0.04928624 -0.04081559 -0.01429085 0.05866967 -0.03767689 -0.005734282 0.06597768 -0.03404815 0.006301988 0.06864852 -0.03 0.01907447 0.06525376 -0.02561123 0.02941053 0.05598018 -0.02096727 0.03461758 0.04263845 -0.0161585 -0.002723861 0.03496171 -0.04715938 -0.00818138 0.03388771 -0.04614416 -0.01409724 0.03701876 -0.04447409 -0.01782869 0.04411229 -0.04218168 -0.01723414 0.05346116 -0.03931155 -0.01140206 0.06237769 -0.03591957 -0.001012655 0.06799864 -0.03207175 0.0117843 0.06816716 -0.02784299 0.02394465 0.06212308 -0.0233156 0.03238958 0.05078884 -0.01857769 -0.0008350342 0.03670576 -0.04741474 -0.005054966 0.03376543 -0.04673516 -0.01109904 0.03451569 -0.04538924 -0.0164215 0.03957345 -0.04340316 -0.01849043 0.04801838 -0.04081559 -0.01562812 0.05762487 -0.03767689 -0.007602182 0.06551196 -0.03404815 0.004218461 0.06901591 -0.03 0.01719664 0.06652038 -0.02561123 0.02815441 0.05799039 -0.02096727 0.03427945 0.04504439 -0.0161585 -0.002435529 0.03478154 -0.04715938 -0.007804836 0.03332946 -0.04614416 -0.0139247 0.03604021 -0.04447409 -0.01814187 0.04285617 -0.04218168 -0.01820091 0.05222374 -0.03931155 -0.01300503 0.06152538 -0.03591957 -0.003033031 0.06785736 -0.03207175 0.009720992 0.06891814 -0.02784299 0.02227334 0.06373705 -0.0233156 0.03148833 0.05301951 -0.01857769 -0.0006729621 0.0366531 -0.04741474 -0.004677507 0.03342556 -0.04673516 -0.0107592 0.03375239 -0.04538924 -0.0164215 0.03842655 -0.04340316 -0.01907447 0.04670659 -0.04081559 -0.01688926 0.05648934 -0.03767689 -0.009433044 0.06491708 -0.03404815 0.002114381 0.06923705 -0.03 0.01523503 0.06765292 -0.02561123 0.02676112 0.05990808 -0.02096727 0.03377431 0.04742088 -0.0161585 -0.002135332 0.03462192 -0.04715938 -0.007390266 0.03279883 -0.04614416 -0.01368431 0.03507609 -0.04447409 -0.01836667 0.04158127 -0.04218168 -0.01907902 0.05092189 -0.03931155 -0.01454465 0.06056332 -0.03591957 -0.00503863 0.06757549 -0.03207175 0.007610329 0.06952336 -0.02784299 0.02049351 0.0652305 -0.0233156 0.03043368 0.05518187 -0.01857769 0.03489347 0.04143999 -0.01372148 0.03498912 0.039 -0.01337257 0.03498912 0.039 -0.01162743 -0.0005076115 0.03661188 -0.04741474 -0.00427726 0.03311286 -0.04673516 -0.01036693 0.03301465 -0.04538924 -0.01634149 0.03728244 -0.04340316 -0.0195656 0.04535725 -0.04081559 -0.01806811 0.0552686 -0.03767689 -0.01121795 0.06419593 -0.03404815 -1.83351e-17 0.06931089 -0.03 0.01319919 0.06864586 -0.02561123 0.02523746 0.06172391 -0.02096727 0.03310463 0.04975635 -0.0161585 -0.001824731 0.03448363 -0.04715938 -0.006939692 0.03229842 -0.04614416 -0.01337726 0.03413108 -0.04447409 -0.018502 0.04029379 -0.04218168 -0.01986417 0.04956197 -0.03931155 -0.0160134 0.05949622 -0.03591957 -0.007019682 0.0671544 -0.03207175 0.005462588 0.06997987 -0.02784299 0.01861384 0.06659615 -0.0233156 0.02923075 0.0572654 -0.01857769 0.03463827 0.04386809 -0.01372148 -0.0003397879 0.03658228 -0.04741474 -0.003856174 0.03282883 -0.04673516 -0.009924164 0.03230607 -0.04538924 -0.01618187 0.0361467 -0.04340316 -0.01996139 0.04397693 -0.04081559 -0.01915894 0.05396861 -0.03767689 -0.0129482 0.06335203 -0.03404815 -0.002114381 0.06923705 -0.03 0.01109904 0.06949438 -0.02561123 0.02359084 0.06342903 -0.02096727 0.03227366 0.05203941 -0.0161585 -0.00150524 0.03436735 -0.04715938 -0.006455309 0.03183065 -0.04614416 -0.01300503 0.03320979 -0.04447409 -0.01854717 0.039 -0.04218168 -0.02055255 0.04815059 -0.03931155 -0.01740413 0.05832925 -0.03591957 -0.008966535 0.06659615 -0.03207175 0.003288235 0.07028546 -0.02784299 0.01664349 0.06782737 -0.0233156 0.02788542 0.05925994 -0.01857769 0.03421431 0.04627248 -0.01372148 -0.0001703088 0.03656447 -0.04741474 -0.003416302 0.03257487 -0.04673516 -0.009433044 0.0316301 -0.04538924 -0.01594342 0.03502486 -0.04340316 -0.02025994 0.04257237 -0.04081559 -0.02015643 0.05259568 -0.03767689 -0.01461537 0.06238948 -0.03404815 -0.004218461 0.06901591 -0.03 0.008944828 0.07019432 -0.02561123 0.02182929 0.06501514 -0.02096727 0.03128546 0.05425894 -0.0161585 0.03495737 0.04022074 -0.01127852 0.03490213 0.039 -0.009884447 -0.001178416 0.03427363 -0.04715938 -0.005939476 0.03139782 -0.04614416 -0.01256945 0.0323167 -0.04447409 -0.018502 0.03770621 -0.04218168 -0.0211408 0.04669462 -0.03931155 -0.01871008 0.05706811 -0.03591957 -0.0108697 0.06590346 -0.03207175 0.001097861 0.07043863 -0.02784299 0.01459205 0.06891814 -0.0233156 0.02640423 0.06115578 -0.01857769 0.03362366 0.04864143 -0.01372148 1.039384e-17 0.03655853 -0.04741474 -0.002959786 0.03235221 -0.04673516 -0.008895967 0.03099003 -0.04538924 -0.01562729 0.03392239 -0.04340316 -0.02045979 0.04115041 -0.04081559 -0.02105571 0.05115652 -0.03767689 -0.01621134 0.06131299 -0.03404815 -0.006301988 0.06864852 -0.03 0.006747033 0.07074229 -0.02561123 0.01996139 0.0664745 -0.02096727 0.03014484 0.05640413 -0.0161585 0.03478706 0.04265627 -0.01127852 -0.0008458504 0.03420294 -0.04715938 -0.005394706 0.03100202 -0.04614416 -0.01207263 0.03145618 -0.04447409 -0.01836667 0.03641873 -0.04218168 -0.02162605 0.04520117 -0.03931155 -0.01992487 0.05571895 -0.03591957 -0.01271992 0.06507969 -0.03207175 -0.001097861 0.07043863 -0.02784299 0.01246952 0.06986315 -0.0233156 0.0247944 0.06294367 -0.01857769 0.03286921 0.05096341 -0.01372148 0.0001703088 0.03656447 -0.04741474 -0.002488849 0.03216194 -0.04673516 -0.008315551 0.030389 -0.04538924 -0.01523503 0.03284465 -0.04340316 -0.02055995 0.03971797 -0.04081559 -0.02185242 0.04965814 -0.03767689 -0.01772832 0.06012779 -0.03404815 -0.008354814 0.0681367 -0.03 0.004516367 0.07113562 -0.02561123 0.01799624 0.06780001 -0.02096727 0.02885736 0.05846453 -0.0161585 0.03444727 0.04507398 -0.01127852 -0.0005091643 0.03415562 -0.04715938 -0.004823654 0.03064519 -0.04614416 -0.01151699 0.03063242 -0.04447409 -0.01814187 0.03514383 -0.04218168 -0.02200594 0.04367751 -0.03931155 -0.02104259 0.05428833 -0.03591957 -0.01450816 0.06412887 -0.03207175 -0.003288235 0.07028546 -0.02784299 0.01028624 0.0706578 -0.0233156 0.02306378 0.06461491 -0.01857769 0.03195461 0.05322711 -0.01372148 0.0003397879 0.03658228 -0.04741474 -0.002005788 0.03200499 -0.04673516 -0.007694621 0.02982991 -0.04538924 -0.01476854 0.0317969 -0.04340316 -0.02055995 0.03828203 -0.04081559 -0.02254266 0.04810783 -0.03767689 -0.01915894 0.05883966 -0.03404815 -0.01036693 0.06748292 -0.03 0.002263698 0.07137238 -0.02561123 0.01594342 0.06898521 -0.02096727 0.02742929 0.06043011 -0.0161585 0.03393966 0.04746211 -0.01127852 -0.0001699975 0.03413191 -0.04715938 -0.004229101 0.03032906 -0.04614416 -0.01090524 0.02984941 -0.04447409 -0.01782869 0.03388771 -0.04218168 -0.02227862 0.04213106 -0.03931155 -0.02205779 0.05278324 -0.03591957 -0.01622572 0.06305561 -0.03207175 -0.005462588 0.06997987 -0.02784299 0.008052849 0.07129821 -0.0233156 0.02122079 0.06616137 -0.01857769 0.03088434 0.05542149 -0.01372148 0.03472348 0.0414281 -0.008841504 0.03472837 0.039 -0.00814797 0.0005076115 0.03661188 -0.04741474 -0.001512954 0.03188211 -0.04673516 -0.007036204 0.0293155 -0.04538924 -0.0142301 0.03078425 -0.04340316 -0.02045979 0.03684959 -0.04081559 -0.02312308 0.04651314 -0.03767689 -0.02049621 0.05745487 -0.03404815 -0.01232855 0.06669038 -0.03 -1.962992e-17 0.07145143 -0.02561123 0.01381292 0.07002432 -0.02096727 0.02586758 0.06229128 -0.0161585 0.0332667 0.04980901 -0.01127852 0.0001699975 0.03413191 -0.04715938 -0.003613945 0.03005517 -0.04614416 -0.01024037 0.02911099 -0.04447409 -0.01742864 0.03265649 -0.04218168 -0.02244276 0.04056935 -0.03931155 -0.02296553 0.05121099 -0.03591957 -0.01786423 0.06186517 -0.03207175 -0.007610329 0.06952336 -0.02784299 0.005780223 0.07178127 -0.0233156 0.01927441 0.06757549 -0.01857769 0.0296636 0.05753588 -0.01372148 0.03446951 0.04384438 -0.008841504 0.0006729621 0.0366531 -0.04741474 -0.00101275 0.03179391 -0.04673516 -0.006343507 0.02884827 -0.04538924 -0.01362233 0.02981162 -0.04340316 -0.02025994 0.03542763 -0.04081559 -0.02359084 0.04488186 -0.03767689 -0.02173363 0.05598018 -0.03404815 -0.0142301 0.06576292 -0.03 -0.002263698 0.07137238 -0.02561123 0.01161512 0.07091229 -0.02096727 0.02417985 0.06403897 -0.0161585 0.03243167 0.05210324 -0.01127852 0.0005091643 0.03415562 -0.04715938 -0.002981182 0.02982487 -0.04614416 -0.009525598 0.02842075 -0.04447409 -0.01694369 0.03145618 -0.04218168 -0.02249757 0.039 -0.03931155 -0.02376138 0.04957925 -0.03591957 -0.0194157 0.06056332 -0.03207175 -0.009720992 0.06891814 -0.02784299 0.003479437 0.07210463 -0.0233156 0.01723414 0.0688504 -0.01857769 0.02829835 0.05955995 -0.01372148 0.03404762 0.04623705 -0.008841504 0.0008350342 0.03670576 -0.04741474 -0.0005076115 0.03174082 -0.04673516 -0.005619905 0.02843049 -0.04538924 -0.0129482 0.02888375 -0.04340316 -0.01996139 0.03402307 -0.04081559 -0.02394367 0.04322192 -0.03767689 -0.02286517 0.05442275 -0.03404815 -0.01606232 0.06470509 -0.03 -0.004516367 0.07113562 -0.02561123 0.009360742 0.07164478 -0.02096727 0.02237432 0.06566468 -0.0161585 0.03143863 0.05433364 -0.01127852 0.03444727 0.04020293 -0.006422314 0.03446827 0.039 -0.006422314 0.03412248 0.039 -0.004711767 0.0008458504 0.03420294 -0.04715938 -0.002333895 0.02963926 -0.04614416 -0.008764422 0.02778205 -0.04447409 -0.01637618 0.03029263 -0.04218168 -0.02244276 0.03743065 -0.03931155 -0.02444147 0.04789597 -0.03591957 -0.02087259 0.05915643 -0.03207175 -0.0117843 0.06816716 -0.02784299 0.001161699 0.0722667 -0.0233156 0.0151099 0.06997987 -0.01857769 0.02679522 0.06148386 -0.01372148 0.03345985 0.04859446 -0.008841504 0.000993038 0.0367696 -0.04741474 3.097922e-17 0.03172309 -0.04673516 -0.004868924 0.02806422 -0.04538924 -0.01221099 0.02800518 -0.04340316 -0.0195656 0.03264275 -0.04081559 -0.02417985 0.0415414 -0.03767689 -0.02388531 0.05279019 -0.03404815 -0.01781629 0.06352203 -0.03 -0.006747033 0.07074229 -0.02561123 0.007060754 0.07221824 -0.02096727 0.02045979 0.06716048 -0.0161585 0.03029243 0.05648934 -0.01127852 0.03427945 0.04260292 -0.006422314 0.001178416 0.03427363 -0.04715938 -0.001675237 0.02949926 -0.04614416 -0.007960548 0.027198 -0.04447409 -0.0157289 0.0291715 -0.04218168 -0.02227862 0.03586894 -0.03931155 -0.02500248 0.04616935 -0.03591957 -0.02222779 0.05765133 -0.03207175 -0.01379019 0.06727408 -0.02784299 -0.001161699 0.0722667 -0.0233156 0.01291204 0.07095843 -0.01857769 0.02516156 0.06329823 -0.01372148 0.03270907 0.05090513 -0.008841504 0.001146204 0.0368443 -0.04741474 0.0005076115 0.03174082 -0.04673516 -0.004094222 0.02775122 -0.04538924 -0.01141428 0.02718016 -0.04340316 -0.01907447 0.03129341 -0.04081559 -0.02429823 0.03984851 -0.03767689 -0.02478908 0.05109044 -0.03404815 -0.01948346 0.06221949 -0.03 -0.008944828 0.07019432 -0.02561123 0.004726367 0.07262985 -0.02096727 0.01844557 0.06851908 -0.0161585 0.02899864 0.05855983 -0.01127852 0.03394462 0.04498535 -0.006422314 0.00150524 0.03436735 -0.04715938 -0.001008418 0.02940554 -0.04614416 -0.007117891 0.02667145 -0.04447409 -0.01500498 0.02809824 -0.04218168 -0.02200594 0.03432249 -0.03931155 -0.02544169 0.0444078 -0.03591957 -0.02347469 0.05605536 -0.03207175 -0.0157289 0.06624325 -0.02784299 -0.003479437 0.07210463 -0.0233156 0.01065128 0.07178127 -0.01857769 0.0234053 0.06499422 -0.01372148 0.03179893 0.0531578 -0.008841504 0.001293785 0.03692951 -0.04741474 0.00101275 0.03179391 -0.04673516 -0.003299573 0.02749302 -0.04538924 -0.01056197 0.02641274 -0.04340316 -0.01849043 0.02998162 -0.04081559 -0.02429823 0.03815149 -0.03767689 -0.02557208 0.04933179 -0.03404815 -0.02105571 0.06080383 -0.03 -0.01109904 0.06949438 -0.02561123 0.002368954 0.07287762 -0.02096727 0.01634149 0.06973387 -0.0161585 0.02756358 0.06053503 -0.01127852 0.03344442 0.04733863 -0.006422314 0.001824731 0.03448363 -0.04715938 -0.0003366862 0.02935857 -0.04614416 -0.006240556 0.02620496 -0.04447409 -0.01420796 0.02707811 -0.04218168 -0.02162605 0.03279883 -0.03931155 -0.02575694 0.0426199 -0.03591957 -0.02460723 0.0543763 -0.03207175 -0.01759097 0.06507969 -0.02784299 -0.005780223 0.07178127 -0.0233156 0.00833863 0.07244442 -0.01857769 0.02153502 0.06656358 -0.01372148 0.03073388 0.05534149 -0.008841504 0.03387762 0.04136895 -0.004032733 0.03369185 0.039 -0.003020584 0.001435064 0.0370248 -0.04741474 0.001512954 0.03188211 -0.04673516 -0.002488849 0.02729088 -0.04538924 -0.009658196 0.02570663 -0.04340316 -0.01781629 0.02871376 -0.04081559 -0.02417985 0.0364586 -0.03767689 -0.0262305 0.0475228 -0.03404815 -0.02252538 0.05928194 -0.03 -0.01319919 0.06864586 -0.02561123 -2.054267e-17 0.07296035 -0.02096727 0.0141578 0.07079893 -0.0161585 0.02599422 0.0624053 -0.01127852 0.03278127 0.04965128 -0.006422314 0.002135332 0.03462192 -0.04715938 0.0003366862 0.02935857 -0.04614416 -0.005332818 0.02580081 -0.04447409 -0.01334172 0.02611605 -0.04218168 -0.0211408 0.03130538 -0.03931155 -0.02594671 0.04081437 -0.03591957 -0.02561989 0.05262233 -0.03207175 -0.01936735 0.06378908 -0.02784299 -0.008052849 0.07129821 -0.0233156 0.005985353 0.07294462 -0.01857769 0.01955983 0.06799864 -0.01372148 0.02951908 0.05744557 -0.008841504 0.03362985 0.04372637 -0.004032733 0.001569351 0.03712972 -0.04741474 0.002005788 0.03200499 -0.04673516 -0.001666 0.02714579 -0.04538924 -0.008707371 0.02506529 -0.04340316 -0.01705536 0.02749601 -0.04081559 -0.02394367 0.03477808 -0.03767689 -0.02676112 0.0456723 -0.03404815 -0.02388531 0.05766125 -0.03 -0.01523503 0.06765292 -0.02561123 -0.002368954 0.07287762 -0.02096727 0.01190513 0.07170907 -0.0161585 0.02429823 0.06416155 -0.01127852 0.03195843 0.05191204 -0.006422314 0.002435529 0.03478154 -0.04715938 0.001008418 0.02940554 -0.04614416 -0.004399099 0.02546097 -0.04447409 -0.01241048 0.02521676 -0.04218168 -0.02055255 0.02984941 -0.03931155 -0.02601007 0.039 -0.03591957 -0.02650772 0.050802 -0.03207175 -0.02104937 0.06237769 -0.02784299 -0.01028624 0.0706578 -0.0233156 0.003602916 0.07327945 -0.01857769 0.01748934 0.06929243 -0.01372148 0.02816048 0.05945979 -0.008841504 0.03321824 0.04606075 -0.004032733 0.001695992 0.03724375 -0.04741474 0.002488849 0.03216194 -0.04673516 -0.0008350342 0.02705845 -0.04538924 -0.007714124 0.02449184 -0.04340316 -0.01621134 0.02633431 -0.04081559 -0.02359084 0.03311814 -0.03767689 -0.02716137 0.04378928 -0.03404815 -0.02512887 0.05594963 -0.03 -0.01719664 0.06652038 -0.02561123 -0.004726367 0.07262985 -0.02096727 0.009594459 0.07245985 -0.0161585 0.02248386 0.06579522 -0.01127852 0.03097988 0.05410989 -0.006422314 0.0332667 0.0401617 -0.001684405 0.03317746 0.039 -0.001352967 0.002723861 0.03496171 -0.04715938 0.001675237 0.02949926 -0.04614416 -0.003443948 0.02518708 -0.04447409 -0.01141878 0.02438463 -0.04218168 -0.01986417 0.02843803 -0.03931155 -0.02594671 0.03718563 -0.03591957 -0.02726642 0.04892416 -0.03207175 -0.02262884 0.06085242 -0.02784299 -0.01246952 0.06986315 -0.0233156 0.001202925 0.07344727 -0.01857769 0.01533364 0.07043863 -0.01372148 0.02666468 0.06137432 -0.008841504 0.03264478 0.04836074 -0.004032733 0.001814371 0.03736633 -0.04741474 0.002959786 0.03235221 -0.04673516 5.096163e-17 0.02702929 -0.04538924 -0.006683295 0.02398907 -0.04340316 -0.01528833 0.02523432 -0.04081559 -0.02312308 0.03148686 -0.03767689 -0.02742929 0.04188293 -0.03404815 -0.02625 0.05415545 -0.03 -0.01907447 0.06525376 -0.02561123 -0.007060754 0.07221824 -0.02096727 0.007237045 0.07304762 -0.0161585 0.02055995 0.06729835 -0.01127852 0.0298504 0.05623413 -0.006422314 0.03310463 0.04247943 -0.001684405 0.002998923 0.03516155 -0.04715938 0.002333895 0.02963926 -0.04614416 -0.002472018 0.02498049 -0.04447409 -0.01037145 0.0236237 -0.04218168 -0.01907902 0.02707811 -0.03931155 -0.02575694 0.0353801 -0.03591957 -0.02789227 0.04699798 -0.03207175 -0.02409807 0.05922068 -0.02784299 -0.01459205 0.06891814 -0.0233156 -0.001202925 0.07344727 -0.01857769 0.01310324 0.07143166 -0.01372148 0.02503897 0.06317986 -0.008841504 0.03191229 0.05061512 -0.004032733 0.00192391 0.03749688 -0.04741474 0.003416302 0.03257487 -0.04673516 0.0008350342 0.02705845 -0.04538924 -0.005619905 0.02355944 -0.04340316 -0.01429085 0.02420139 -0.04081559 -0.02254266 0.02989217 -0.03767689 -0.02756358 0.03996254 -0.03404815 -0.02724325 0.05228742 -0.03 -0.02085938 0.06385924 -0.02561123 -0.009360742 0.07164478 -0.02096727 0.004844374 0.07346951 -0.0161585 0.01853588 0.0686636 -0.01127852 0.02857549 0.05827441 -0.006422314 0.03278127 0.04478022 -0.001684405 0.003259374 0.0353801 -0.04715938 0.002981182 0.02982487 -0.04614416 -0.001488045 0.0248422 -0.04447409 -0.009273587 0.02293768 -0.04218168 -0.01820091 0.02577626 -0.03931155 -0.02544169 0.0335922 -0.03591957 -0.02838224 0.04503283 -0.03207175 -0.02544989 0.05749043 -0.02784299 -0.01664349 0.06782737 -0.0233156 -0.003602916 0.07327945 -0.01857769 0.01080901 0.0722667 -0.01372148 0.02329128 0.06486758 -0.008841504 0.03102432 0.05281292 -0.004032733 0.002024076 0.03763474 -0.04741474 0.003856174 0.03282883 -0.04673516 0.001666 0.02714579 -0.04538924 -0.004529137 0.02320502 -0.04340316 -0.01322374 0.02324056 -0.04081559 -0.02185242 0.02834186 -0.03767689 -0.02756358 0.03803746 -0.03404815 -0.02810377 0.05035466 -0.03 -0.02254266 0.06234361 -0.02561123 -0.01161512 0.07091229 -0.02096727 0.002428102 0.07372347 -0.0161585 0.0164215 0.06988434 -0.01127852 0.02716137 0.06022079 -0.006422314 0.03229821 0.04705285 -0.001684405 0.003503946 0.03561628 -0.04715938 0.003613945 0.03005517 -0.04614416 -0.0004968216 0.02477289 -0.04447409 -0.008130546 0.02232991 -0.04218168 -0.01723414 0.02453884 -0.03931155 -0.02500248 0.03183065 -0.03591957 -0.02873393 0.04303829 -0.03207175 -0.02667772 0.05567009 -0.02784299 -0.01861384 0.06659615 -0.0233156 -0.005985353 0.07294462 -0.01857769 0.008462109 0.07293966 -0.01372148 0.02143011 0.06642929 -0.008841504 0.02998521 0.05494342 -0.004032733 0.03237238 0.0412637 0.0006112308 0.03258058 0.039 0.0002869359 0.0319027 0.039 0.001895049 0.002114381 0.03777926 -0.04741474 0.00427726 0.03311286 -0.04673516 0.002488849 0.02729088 -0.04538924 -0.003416302 0.02292756 -0.04340316 -0.0120922 0.02235651 -0.04081559 -0.02105571 0.02684348 -0.03767689 -0.02742929 0.03611707 -0.03404815 -0.02882737 0.04836658 -0.03 -0.02411612 0.06071425 -0.02561123 -0.01381292 0.07002432 -0.02096727 -2.105557e-17 0.07380827 -0.0161585 0.01422711 0.07095461 -0.01127852 0.02561492 0.06206377 -0.006422314 0.0316578 0.04928624 -0.001684405 0.003731447 0.03586894 -0.04715938 0.004229101 0.03032906 -0.04614416 0.0004968216 0.02477289 -0.04447409 -0.006947894 0.02180336 -0.04218168 -0.0161834 0.02337188 -0.03931155 -0.02444147 0.03010403 -0.03591957 -0.02894563 0.04102407 -0.03207175 -0.02777558 0.05376854 -0.02784299 -0.02049351 0.0652305 -0.0233156 -0.00833863 0.07244442 -0.01857769 0.006073984 0.07344727 -0.01372148 0.01946453 0.06785736 -0.008841504 0.02880001 0.05699624 -0.004032733 0.03213562 0.04351637 0.0006112308 0.002194385 0.03792973 -0.04741474 0.004677507 0.03342556 -0.04673516 0.003299573 0.02749302 -0.04538924 -0.002286824 0.0227284 -0.04340316 -0.01090176 0.02155354 -0.04081559 -0.02015643 0.02540432 -0.03767689 -0.02716137 0.03421072 -0.03404815 -0.02941053 0.04633287 -0.03 -0.02557208 0.0589791 -0.02561123 -0.01594342 0.06898521 -0.02096727 -0.002428102 0.07372347 -0.0161585 0.01196341 0.07186921 -0.01127852 0.02394367 0.0637944 -0.006422314 0.03086315 0.05146952 -0.001684405 0.003940769 0.03613686 -0.04715938 0.004823654 0.03064519 -0.04614416 0.001488045 0.0248422 -0.04447409 -0.005731392 0.02136059 -0.04218168 -0.01505381 0.02228105 -0.03931155 -0.02376138 0.02842075 -0.03591957 -0.02901632 0.039 -0.03207175 -0.02873812 0.05179504 -0.02784299 -0.02227334 0.06373705 -0.0233156 -0.01065128 0.07178127 -0.01857769 0.003656268 0.07378706 -0.01372148 0.01740413 0.06914484 -0.008841504 0.0274745 0.05896139 -0.004032733 0.03174229 0.04574703 0.0006112308 0.002263698 0.03808541 -0.04741474 0.005054966 0.03376543 -0.04673516 0.004094222 0.02775122 -0.04538924 -0.001146204 0.02260852 -0.04340316 -0.009658196 0.02083558 -0.04081559 -0.01915894 0.0240314 -0.03767689 -0.02676112 0.0323277 -0.03404815 -0.0298504 0.04426343 -0.03 -0.02690346 0.05714661 -0.02561123 -0.01799624 0.06780001 -0.02096727 -0.004844374 0.07346951 -0.0161585 0.009641431 0.07262366 -0.01127852 0.02215578 0.06540423 -0.006422314 0.02991814 0.05359205 -0.001684405 0.03143863 0.04009786 0.00284299 0.03114551 0.039 0.003467373 0.004130892 0.03641873 -0.04715938 0.005394706 0.03100202 -0.04614416 0.002472018 0.02498049 -0.04447409 -0.004486968 0.02100376 -0.04218168 -0.01385088 0.02127168 -0.03931155 -0.02296553 0.02678901 -0.03591957 -0.02894563 0.03697593 -0.03207175 -0.02956066 0.0497592 -0.02784299 -0.02394465 0.06212308 -0.0233156 -0.01291204 0.07095843 -0.01857769 0.001220738 0.07395737 -0.01372148 0.01525894 0.07028546 -0.008841504 0.02601514 0.06082929 -0.004032733 0.03119432 0.04794483 0.0006112308 0.002321982 0.03824554 -0.04741474 0.005407797 0.0341308 -0.04673516 0.004868924 0.02806422 -0.04538924 6.995212e-17 0.02256849 -0.04340316 -0.008367583 0.0202061 -0.04081559 -0.01806811 0.0227314 -0.03767689 -0.0262305 0.0304772 -0.03404815 -0.03014484 0.04216835 -0.03 -0.02810377 0.05522572 -0.02561123 -0.01996139 0.0664745 -0.02096727 -0.007237045 0.07304762 -0.0161585 0.007272476 0.07321431 -0.01127852 0.02025994 0.06688541 -0.006422314 0.02882737 0.05564349 -0.001684405 0.03128546 0.04228823 0.00284299 0.004300889 0.03671318 -0.04715938 0.005939476 0.03139782 -0.04614416 0.003443948 0.02518708 -0.04447409 -0.003220683 0.0207346 -0.04218168 -0.01258048 0.02034867 -0.03931155 -0.02205779 0.02521676 -0.03591957 -0.02873393 0.03496171 -0.03207175 -0.03023917 0.04767094 -0.02784299 -0.0254993 0.06039646 -0.0233156 -0.0151099 0.06997987 -0.01857769 -0.001220738 0.07395737 -0.01372148 0.01303941 0.07127366 -0.008841504 0.02442903 0.06259084 -0.004032733 0.03049437 0.05009904 0.0006112308 0.002368954 0.03840936 -0.04741474 0.005734282 0.03451989 -0.04673516 0.005619905 0.02843049 -0.04538924 0.001146204 0.02260852 -0.04340316 -0.007036204 0.01966819 -0.04081559 -0.01688926 0.02151066 -0.03767689 -0.02557208 0.02866821 -0.03404815 -0.03029243 0.04005783 -0.03 -0.02916716 0.05322577 -0.02561123 -0.02182929 0.06501514 -0.02096727 -0.009594459 0.07245985 -0.0161585 0.004868091 0.07363827 -0.01127852 0.0182654 0.06823075 -0.006422314 0.02759616 0.05761384 -0.001684405 0.03097988 0.04446259 0.00284299 0.004449934 0.03701876 -0.04715938 0.006455309 0.03183065 -0.04614416 0.004399099 0.02546097 -0.04447409 -0.001938708 0.02055443 -0.04218168 -0.01124878 0.01951654 -0.03931155 -0.02104259 0.02371166 -0.03591957 -0.02838224 0.03296717 -0.03207175 -0.03077036 0.04554044 -0.02784299 -0.02692973 0.05856559 -0.0233156 -0.01723414 0.0688504 -0.01857769 -0.003656268 0.07378706 -0.01372148 0.01075635 0.07210463 -0.008841504 0.02272391 0.06423746 -0.004032733 0.02964586 0.05219919 0.0006112308 0.002404385 0.03857604 -0.04741474 0.006032831 0.03493081 -0.04673516 0.006343507 0.02884827 -0.04538924 0.002286824 0.0227284 -0.04340316 -0.005670545 0.01922446 -0.04081559 -0.01562812 0.02037513 -0.03767689 -0.02478908 0.02690956 -0.03404815 -0.03029243 0.03794217 -0.03 -0.03008845 0.05115652 -0.02561123 -0.02359084 0.06342903 -0.02096727 -0.01190513 0.07170907 -0.0161585 0.002439989 0.07389347 -0.01127852 0.01618187 0.06943368 -0.006422314 0.0262305 0.05949351 -0.001684405 0.03052336 0.04661033 0.00284299 0.004577298 0.037334 -0.04715938 0.006939692 0.03229842 -0.04614416 0.005332818 0.02580081 -0.04447409 -0.0006472871 0.02046412 -0.04218168 -0.009862284 0.01877932 -0.03931155 -0.01992487 0.02228105 -0.03591957 -0.02789227 0.03100202 -0.03207175 -0.03115165 0.04337808 -0.02784299 -0.02822896 0.05663941 -0.0233156 -0.01927441 0.06757549 -0.01857769 -0.006073984 0.07344727 -0.01372148 0.008420882 0.07277431 -0.008841504 0.02090808 0.06576112 -0.004032733 0.02865292 0.05423503 0.0006112308 0.03023705 0.04111438 0.005 0.03031089 0.039 0.005 0.02940091 0.039 0.006489119 0.002428102 0.0387448 -0.04741474 0.006301988 0.03536155 -0.04673516 0.007036204 0.0293155 -0.04538924 0.003416302 0.02292756 -0.04340316 -0.00427726 0.01887708 -0.04081559 -0.01429085 0.01933034 -0.03767689 -0.02388531 0.02520981 -0.03404815 -0.03014484 0.03583165 -0.03 -0.03086315 0.04902805 -0.02561123 -0.02523746 0.06172391 -0.02096727 -0.0141578 0.07079893 -0.0161585 -2.115865e-17 0.07397868 -0.01127852 0.01401951 0.07048833 -0.006422314 0.02473705 0.06127333 -0.001684405 0.02991814 0.04872099 0.00284299 0.004682362 0.03765735 -0.04715938 0.007390266 0.03279883 -0.04614416 0.006240556 0.02620496 -0.04447409 0.0006472871 0.02046412 -0.04218168 -0.008427736 0.01814062 -0.03931155 -0.01871008 0.02093189 -0.03591957 -0.02726642 0.02907584 -0.03207175 -0.03138116 0.04119439 -0.02784299 -0.02939066 0.05462729 -0.0233156 -0.02122079 0.06616137 -0.01857769 -0.008462109 0.07293966 -0.01372148 0.006044392 0.07327945 -0.008841504 0.01899039 0.0671544 -0.004032733 0.02752038 0.05619664 0.0006112308 0.03001591 0.04321846 0.005 0.002439989 0.03891479 -0.04741474 0.006540442 0.03581001 -0.04673516 0.007694621 0.02982991 -0.04538924 0.004529137 0.02320502 -0.04340316 -0.002863136 0.01862773 -0.04081559 -0.01288395 0.01838137 -0.03767689 -0.02286517 0.02357725 -0.03404815 -0.0298504 0.03373657 -0.03 -0.03148749 0.04685071 -0.02561123 -0.02676112 0.05990808 -0.02096727 -0.01634149 0.06973387 -0.0161585 -0.002439989 0.07389347 -0.01127852 0.01178884 0.07138958 -0.006422314 0.02312308 0.06294465 -0.001684405 0.02916716 0.0507843 0.00284299 0.004764614 0.03798725 -0.04715938 0.007804836 0.03332946 -0.04614416 0.007117891 0.02667145 -0.04447409 0.001938708 0.02055443 -0.04218168 -0.00695213 0.01760354 -0.03931155 -0.01740413 0.01967075 -0.03591957 -0.02650772 0.027198 -0.03207175 -0.03145779 0.039 -0.02784299 -0.03040917 0.05253903 -0.0233156 -0.02306378 0.06461491 -0.01857769 -0.01080901 0.0722667 -0.01372148 0.003638455 0.07361758 -0.008841504 0.01698018 0.06841052 -0.004032733 0.02625376 0.05807447 0.0006112308 0.02964852 0.04530199 0.005 0.006747033 0.03627402 -0.04673516 0.008315551 0.030389 -0.04538924 0.005619905 0.02355944 -0.04340316 -0.001435064 0.01847763 -0.04081559 -0.01141428 0.01753286 -0.03767689 -0.02173363 0.02201982 -0.03404815 -0.02941053 0.03166713 -0.03 -0.03195843 0.04463513 -0.02561123 -0.02815441 0.05799039 -0.02096727 -0.01844557 0.06851908 -0.0161585 -0.004868091 0.07363827 -0.01127852 0.009500743 0.07213303 -0.006422314 0.02139646 0.06449931 -0.001684405 0.02827408 0.05279019 0.00284299 0.02899864 0.04001265 0.007071752 0.02841783 0.039 0.007931028 0.004823654 0.03832208 -0.04715938 0.00818138 0.03388771 -0.04614416 0.007960548 0.027198 -0.04447409 0.003220683 0.0207346 -0.04218168 -0.005442654 0.01717071 -0.03931155 -0.0160134 0.01850379 -0.03591957 -0.02561989 0.02537766 -0.03207175 -0.03138116 0.03680561 -0.02784299 -0.03127953 0.05038482 -0.0233156 -0.0247944 0.06294367 -0.01857769 -0.01310324 0.07143166 -0.01372148 0.001214791 0.07378706 -0.008841504 0.01488724 0.06952336 -0.004032733 0.02485924 0.05985938 0.0006112308 0.0291367 0.04735481 0.005 0.006920752 0.03675131 -0.04673516 0.008895967 0.03099003 -0.04538924 0.006683295 0.02398907 -0.04340316 8.758108e-17 0.01842752 -0.04081559 -0.009889006 0.01678893 -0.03767689 -0.02049621 0.02054513 -0.03404815 -0.02882737 0.02963342 -0.03 -0.03227366 0.0423921 -0.02561123 -0.02941053 0.05598018 -0.02096727 -0.02045979 0.06716048 -0.0161585 -0.007272476 0.07321431 -0.01127852 0.007166357 0.07271506 -0.006422314 0.0195656 0.06592973 -0.001684405 0.02724325 0.0547289 0.00284299 0.02885736 0.04203303 0.007071752 0.004859193 0.03866021 -0.04715938 0.008518067 0.03447086 -0.04614416 0.008764422 0.02778205 -0.04447409 0.004486968 0.02100376 -0.04218168 -0.003906662 0.01684422 -0.03931155 -0.01454465 0.01743668 -0.03591957 -0.02460723 0.0236237 -0.03207175 -0.03115165 0.03462192 -0.02784299 -0.0319975 0.04817513 -0.0233156 -0.02640423 0.06115578 -0.01857769 -0.01533364 0.07043863 -0.01372148 -0.001214791 0.07378706 -0.008841504 0.01272177 0.07048749 -0.004032733 0.02334361 0.06154266 0.0006112308 0.02848292 0.04936694 0.005 0.007060754 0.03723956 -0.04673516 0.009433044 0.0316301 -0.04538924 0.007714124 0.02449184 -0.04340316 0.001435064 0.01847763 -0.04081559 -0.008315551 0.01615321 -0.03767689 -0.01915894 0.01916034 -0.03404815 -0.02810377 0.02764534 -0.03 -0.03243167 0.04013254 -0.02561123 -0.03052336 0.05388724 -0.02096727 -0.02237432 0.06566468 -0.0161585 -0.009641431 0.07262366 -0.01127852 0.004797056 0.07313283 -0.006422314 0.01763941 0.06722896 -0.001684405 0.02607969 0.05659097 0.00284299 0.02857549 0.04403863 0.007071752 0.008813254 0.03507609 -0.04614416 0.009525598 0.02842075 -0.04447409 0.005731392 0.02136059 -0.04218168 -0.002351636 0.01662568 -0.03931155 -0.01300503 0.01647462 -0.03591957 -0.02347469 0.02194464 -0.03207175 -0.03077036 0.03245956 -0.02784299 -0.03255958 0.04592075 -0.0233156 -0.02788542 0.05925994 -0.01857769 -0.01748934 0.06929243 -0.01372148 -0.003638455 0.07361758 -0.008841504 0.01049433 0.07129821 -0.004032733 0.02171425 0.06311612 0.0006112308 0.02769037 0.05132855 0.005 0.007166357 0.03773638 -0.04673516 0.009924164 0.03230607 -0.04538924 0.008707371 0.02506529 -0.04340316 0.002863136 0.01862773 -0.04081559 -0.006701583 0.0156288 -0.03767689 -0.01772832 0.01787221 -0.03404815 -0.02724325 0.02571258 -0.03 -0.03243167 0.03786746 -0.02561123 -0.03148749 0.05172177 -0.02096727 -0.02417985 0.06403897 -0.0161585 -0.01196341 0.07186921 -0.01127852 0.002404385 0.07338431 -0.006422314 0.01562729 0.06839066 -0.001684405 0.02478908 0.05836735 0.00284299 0.02815441 0.04601968 0.007071752 0.009065504 0.03570043 -0.04614416 0.01024037 0.02911099 -0.04447409 0.006947894 0.02180336 -0.04218168 -0.0007851537 0.01651614 -0.03931155 -0.01140206 0.0156223 -0.03591957 -0.02222779 0.02034867 -0.03207175 -0.03023917 0.03032906 -0.02784299 -0.03296303 0.04363265 -0.0233156 -0.02923075 0.0572654 -0.01857769 -0.01955983 0.06799864 -0.01372148 -0.006044392 0.07327945 -0.008841504 0.008215753 0.07195158 -0.004032733 0.0199791 0.06457208 0.0006112308 0.02676293 0.0532301 0.005 0.02751319 0.04092391 0.009048152 0.0273641 0.039 0.009322143 0.02624234 0.039 0.010659 0.007237045 0.03823936 -0.04673516 0.01036693 0.03301465 -0.04538924 0.009658196 0.02570663 -0.04340316 0.00427726 0.01887708 -0.04081559 -0.005054966 0.01521826 -0.03767689 -0.01621134 0.01668701 -0.03404815 -0.02625 0.02384455 -0.03 -0.03227366 0.0356079 -0.02561123 -0.03229821 0.04949432 -0.02096727 -0.02586758 0.06229128 -0.0161585 -0.01422711 0.07095461 -0.01127852 -2.084991e-17 0.07346827 -0.006422314 0.01353903 0.06940916 -0.001684405 0.0233777 0.06004937 0.00284299 0.02759616 0.04796653 0.007071752 0.009273587 0.03634084 -0.04614416 0.01090524 0.02984941 -0.04447409 0.008130546 0.02232991 -0.04218168 0.0007851537 0.01651614 -0.03931155 -0.009743544 0.01488388 -0.03591957 -0.02087259 0.01884357 -0.03207175 -0.02956066 0.0282408 -0.02784299 -0.03320589 0.04132198 -0.0233156 -0.03043368 0.05518187 -0.01857769 -0.02153502 0.06656358 -0.01372148 -0.008420882 0.07277431 -0.008841504 0.005897153 0.07244442 -0.004032733 0.01814661 0.06590346 0.0006112308 0.02570509 0.05506232 0.005 0.02731197 0.04283845 0.009048152 0.007272476 0.03874604 -0.04673516 0.0107592 0.03375239 -0.04538924 0.01056197 0.02641274 -0.04340316 0.005670545 0.01922446 -0.04081559 -0.003383722 0.01492357 -0.03767689 -0.01461537 0.01561051 -0.03404815 -0.02512887 0.02205037 -0.03 -0.03195843 0.03336487 -0.02561123 -0.03295158 0.04721575 -0.02096727 -0.02742929 0.06043011 -0.0161585 -0.0164215 0.06988434 -0.01127852 -0.002404385 0.07338431 -0.006422314 0.01138482 0.07027953 -0.001684405 0.02185242 0.06162884 0.00284299 0.02690346 0.0498697 0.007071752 0.009436491 0.03699421 -0.04614416 0.01151699 0.03063242 -0.04447409 0.009273587 0.02293768 -0.04218168 0.002351636 0.01662568 -0.03931155 -0.008037554 0.01426295 -0.03591957 -0.0194157 0.01743668 -0.03207175 -0.02873812 0.02620496 -0.02784299 -0.03328698 0.039 -0.0233156 -0.03148833 0.05301951 -0.01857769 -0.0234053 0.06499422 -0.01372148 -0.01075635 0.07210463 -0.008841504 0.003549823 0.07277431 -0.004032733 0.01622572 0.06710377 0.0006112308 0.02452202 0.05681629 0.005 0.02697768 0.04473428 0.009048152 0.01109904 0.03451569 -0.04538924 0.01141428 0.02718016 -0.04340316 0.007036204 0.01966819 -0.04081559 -0.001695992 0.01474618 -0.03767689 -0.0129482 0.01464797 -0.03404815 -0.02388531 0.02033875 -0.03 -0.03148749 0.03114929 -0.02561123 -0.03344442 0.04489715 -0.02096727 -0.02885736 0.05846453 -0.0161585 -0.01853588 0.0686636 -0.01127852 -0.004797056 0.07313283 -0.006422314 0.009175135 0.0709975 -0.001684405 0.02022068 0.06309807 0.00284299 0.02607969 0.05171991 0.007071752 0.02599422 0.03990774 0.01091957 0.02505534 0.039 0.01193829 0.00955342 0.03765735 -0.04614416 0.01207263 0.03145618 -0.04447409 0.01037145 0.0236237 -0.04218168 0.003906662 0.01684422 -0.03931155 -0.006292405 0.01376254 -0.03591957 -0.01786423 0.01613483 -0.03207175 -0.02777558 0.02423146 -0.02784299 -0.03320589 0.03667802 -0.0233156 -0.03238958 0.05078884 -0.01857769 -0.02516156 0.06329823 -0.01372148 -0.01303941 0.07127366 -0.008841504 0.001185199 0.07293966 -0.004032733 0.01422577 0.06816716 0.0006112308 0.02321949 0.05848346 0.005 0.02651196 0.04660218 0.009048152 0.01138482 0.03530085 -0.04538924 0.01221099 0.02800518 -0.04340316 0.008367583 0.0202061 -0.04081559 1.035054e-16 0.01468696 -0.03767689 -0.01121795 0.01380407 -0.03404815 -0.02252538 0.01871806 -0.03 -0.03086315 0.02897195 -0.02561123 -0.03377431 0.04254982 -0.02096727 -0.03014484 0.05640413 -0.0161585 -0.02055995 0.06729835 -0.01127852 -0.007166357 0.07271506 -0.006422314 0.006920752 0.07155958 -0.001684405 0.01849043 0.06444989 0.00284299 0.02512887 0.05350816 0.007071752 0.02586758 0.04171879 0.01091957 0.009623807 0.03832704 -0.04614416 0.01256945 0.0323167 -0.04447409 0.01141878 0.02438463 -0.04218168 0.005442654 0.01717071 -0.03931155 -0.004516601 0.01338508 -0.03591957 -0.01622572 0.01494438 -0.03207175 -0.02667772 0.02232991 -0.02784299 -0.03296303 0.03436735 -0.0233156 -0.03313303 0.04850074 -0.01857769 -0.02679522 0.06148386 -0.01372148 -0.01525894 0.07028546 -0.008841504 -0.001185199 0.07293966 -0.004032733 0.01215652 0.06908845 0.0006112308 0.02180383 0.06005571 0.005 0.02591708 0.04843304 0.009048152 0.01161512 0.03610402 -0.04538924 0.0129482 0.02888375 -0.04340316 0.009658196 0.02083558 -0.04081559 0.001695992 0.01474618 -0.03767689 -0.009433044 0.01308292 -0.03404815 -0.02105571 0.01719617 -0.03 -0.03008845 0.02684348 -0.02561123 -0.03393966 0.0401852 -0.02096727 -0.03128546 0.05425894 -0.0161585 -0.02248386 0.06579522 -0.01127852 -0.009500743 0.07213303 -0.006422314 0.004632652 0.07196303 -0.001684405 0.01667009 0.06567772 0.00284299 0.02405561 0.05522572 0.007071752 0.02561492 0.0435166 0.01091957 0.01300503 0.03320979 -0.04447409 0.01241048 0.02521676 -0.04218168 0.00695213 0.01760354 -0.03931155 -0.002718792 0.01313242 -0.03591957 -0.01450816 0.01387113 -0.03207175 -0.02544989 0.02050957 -0.02784299 -0.03255958 0.03207925 -0.0233156 -0.03371506 0.04616636 -0.01857769 -0.02829835 0.05955995 -0.01372148 -0.01740413 0.06914484 -0.008841504 -0.003549823 0.07277431 -0.004032733 0.01002804 0.06986315 0.0006112308 0.02028194 0.06152538 0.005 0.02519593 0.05021795 0.009048152 0.01178884 0.03692131 -0.04538924 0.01362233 0.02981162 -0.04340316 0.01090176 0.02155354 -0.04081559 0.003383722 0.01492357 -0.03767689 -0.007602182 0.01248804 -0.03404815 -0.01948346 0.01578051 -0.03 -0.02916716 0.02477423 -0.02561123 -0.03393966 0.0378148 -0.02096727 -0.03227366 0.05203941 -0.0161585 -0.02429823 0.06416155 -0.01127852 -0.01178884 0.07138958 -0.006422314 0.002321982 0.07220589 -0.001684405 0.01476854 0.06677558 0.00284299 0.02286517 0.05686423 0.007071752 0.02523746 0.0452924 0.01091957 0.01337726 0.03413108 -0.04447409 0.01334172 0.02611605 -0.04218168 0.008427736 0.01814062 -0.03931155 -0.0009077383 0.01300578 -0.03591957 -0.01271992 0.01292031 -0.03207175 -0.02409807 0.01877932 -0.02784299 -0.0319975 0.02982487 -0.0233156 -0.03413283 0.04379706 -0.01857769 -0.0296636 0.05753588 -0.01372148 -0.01946453 0.06785736 -0.008841504 -0.005897153 0.07244442 -0.004032733 0.007850713 0.07048749 0.0006112308 0.01866125 0.06288531 0.005 0.02435203 0.0519482 0.009048152 0.02425382 0.04069599 0.01267689 0.02380605 0.039 0.01315682 0.01190513 0.03774872 -0.04538924 0.0142301 0.03078425 -0.04340316 0.0120922 0.02235651 -0.04081559 0.005054966 0.01521826 -0.03767689 -0.005734282 0.01202232 -0.03404815 -0.01781629 0.01447798 -0.03 -0.02810377 0.02277428 -0.02561123 -0.03377431 0.03545018 -0.02096727 -0.03310463 0.04975635 -0.0161585 -0.02599422 0.0624053 -0.01127852 -0.01401951 0.07048833 -0.006422314 -2.013534e-17 0.07228698 -0.001684405 0.01279504 0.06773812 0.00284299 0.02156332 0.0584157 0.007071752 0.02473705 0.04703755 0.01091957 0.01368431 0.03507609 -0.04447409 0.01420796 0.02707811 -0.04218168 0.009862284 0.01877932 -0.03931155 0.0009077383 0.01300578 -0.03591957 -0.0108697 0.01209654 -0.03207175 -0.02262884 0.01714758 -0.02784299 -0.03127953 0.02761518 -0.0233156 -0.03438431 0.04140438 -0.01857769 -0.03088434 0.05542149 -0.01372148 -0.02143011 0.06642929 -0.008841504 -0.008215753 0.07195158 -0.004032733 0.005635132 0.07095843 0.0006112308 0.01694963 0.06412887 0.005 0.02338949 0.05361537 0.009048152 0.02407643 0.04238372 0.01267689 0.01196341 0.03858223 -0.04538924 0.01476854 0.0317969 -0.04340316 0.01322374 0.02324056 -0.04081559 0.006701583 0.0156288 -0.03767689 -0.003838447 0.01168803 -0.03404815 -0.01606232 0.01329491 -0.03 -0.02690346 0.02085339 -0.02561123 -0.03344442 0.03310285 -0.02096727 -0.03377431 0.04742088 -0.0161585 -0.02756358 0.06053503 -0.01127852 -0.01618187 0.06943368 -0.006422314 -0.002321982 0.07220589 -0.001684405 0.0107592 0.06856065 0.00284299 0.02015643 0.05987259 0.007071752 0.02411612 0.04874354 0.01091957 0.0139247 0.03604021 -0.04447409 0.01500498 0.02809824 -0.04218168 0.01124878 0.01951654 -0.03931155 0.002718792 0.01313242 -0.03591957 -0.008966535 0.01140384 -0.03207175 -0.02104937 0.0156223 -0.02784299 -0.03040917 0.02546097 -0.0233156 -0.03446827 0.039 -0.01857769 -0.03195461 0.05322711 -0.01372148 -0.02329128 0.06486758 -0.008841504 -0.01049433 0.07129821 -0.004032733 0.003392099 0.07127366 0.0006112308 0.01515544 0.06525 0.005 0.02231299 0.05521134 0.009048152 0.02378174 0.04405497 0.01267689 0.01523503 0.03284465 -0.04340316 0.01429085 0.02420139 -0.04081559 0.008315551 0.01615321 -0.03767689 -0.00192391 0.01148681 -0.03404815 -0.0142301 0.01223707 -0.03 -0.02557208 0.0190209 -0.02561123 -0.03295158 0.03078425 -0.02096727 -0.03427945 0.04504439 -0.0161585 -0.02899864 0.05855983 -0.01127852 -0.0182654 0.06823075 -0.006422314 -0.004632652 0.07196303 -0.001684405 0.008670942 0.06923917 0.00284299 0.01865133 0.06122779 0.007071752 0.0233777 0.05040207 0.01091957 0.02248386 0.03978515 0.01431156 0.02249757 0.039 0.01431156 0.02113315 0.039 0.01539964 0.01409724 0.03701876 -0.04447409 0.0157289 0.0291715 -0.04218168 0.01258048 0.02034867 -0.03931155 0.004516601 0.01338508 -0.03591957 -0.007019682 0.01084559 -0.03207175 -0.01936735 0.01421092 -0.02784299 -0.02939066 0.02337271 -0.0233156 -0.03438431 0.03659562 -0.01857769 -0.03286921 0.05096341 -0.01372148 -0.02503897 0.06317986 -0.008841504 -0.01272177 0.07048749 -0.004032733 0.001132539 0.07143166 0.0006112308 0.01328742 0.06624325 0.005 0.02112779 0.05672832 0.009048152 0.0233712 0.04570158 0.01267689 0.01562729 0.03392239 -0.04340316 0.01528833 0.02523432 -0.04081559 0.009889006 0.01678893 -0.03767689 1.17415e-16 0.01141962 -0.03404815 -0.01232855 0.01130962 -0.03 -0.02411612 0.01728575 -0.02561123 -0.03229821 0.02850567 -0.02096727 -0.03461758 0.04263845 -0.0161585 -0.03029243 0.05648934 -0.01127852 -0.02025994 0.06688541 -0.006422314 -0.006920752 0.07155958 -0.001684405 0.006540442 0.06977036 0.00284299 0.01705536 0.06247469 0.007071752 0.02252538 0.05200504 0.01091957 0.02237432 0.04135163 0.01431156 0.01420111 0.03800696 -0.04447409 0.01637618 0.03029263 -0.04218168 0.01385088 0.02127168 -0.03931155 0.006292405 0.01376254 -0.03591957 -0.00503863 0.01042451 -0.03207175 -0.01759097 0.01292031 -0.02784299 -0.02822896 0.02136059 -0.0233156 -0.03413283 0.03420294 -0.01857769 -0.03362366 0.04864143 -0.01372148 -0.02666468 0.06137432 -0.008841504 -0.01488724 0.06952336 -0.004032733 -0.001132539 0.07143166 0.0006112308 0.01135466 0.06710377 0.005 0.01983966 0.05815894 0.009048152 0.02284679 0.04731555 0.01267689 0.01594342 0.03502486 -0.04340316 0.01621134 0.02633431 -0.04081559 0.01141428 0.01753286 -0.03767689 0.00192391 0.01148681 -0.03404815 -0.01036693 0.01051708 -0.03 -0.02254266 0.01565639 -0.02561123 -0.03148749 0.02627823 -0.02096727 -0.03478706 0.04021479 -0.0161585 -0.03143863 0.05433364 -0.01127852 -0.02215578 0.06540423 -0.006422314 -0.009175135 0.0709975 -0.001684405 0.004378078 0.07015165 0.00284299 0.0153763 0.06360723 0.007071752 0.02156332 0.05354465 0.01091957 0.02215578 0.04290666 0.01431156 0.01694369 0.03145618 -0.04218168 0.01505381 0.02228105 -0.03931155 0.008037554 0.01426295 -0.03591957 -0.003033031 0.01014264 -0.03207175 -0.0157289 0.01175675 -0.02784299 -0.02692973 0.0194344 -0.0233156 -0.03371506 0.03183364 -0.01857769 -0.03421431 0.04627248 -0.01372148 -0.02816048 0.05945979 -0.008841504 -0.01698018 0.06841052 -0.004032733 -0.003392099 0.07127366 0.0006112308 0.00936658 0.06782737 0.005 0.01845487 0.05949622 0.009048152 0.02221107 0.048889 0.01267689 0.01618187 0.0361467 -0.04340316 0.01705536 0.02749601 -0.04081559 0.01288395 0.01838137 -0.03767689 0.003838447 0.01168803 -0.03404815 -0.008354814 0.009863303 -0.03 -0.02085938 0.01414076 -0.02561123 -0.03052336 0.02411276 -0.02096727 -0.03478706 0.03778521 -0.0161585 -0.03243167 0.05210324 -0.01127852 -0.02394367 0.0637944 -0.006422314 -0.01138482 0.07027953 -0.001684405 0.002194385 0.07038116 0.00284299 0.01362233 0.06461989 0.007071752 0.02049621 0.0550134 0.01091957 0.02182929 0.04444265 0.01431156 0.01742864 0.03265649 -0.04218168 0.0161834 0.02337188 -0.03931155 0.009743544 0.01488388 -0.03591957 -0.001012655 0.01000136 -0.03207175 -0.01379019 0.01072592 -0.02784299 -0.0254993 0.01760354 -0.0233156 -0.03313303 0.02949926 -0.01857769 -0.03463827 0.04386809 -0.01372148 -0.02951908 0.05744557 -0.008841504 -0.01899039 0.0671544 -0.004032733 -0.005635132 0.07095843 0.0006112308 0.007332868 0.06841052 0.005 0.01698018 0.06073363 0.009048152 0.02146714 0.05041428 0.01267689 0.02052237 0.04043506 0.01581559 0.0197162 0.039 0.01641836 0.01634149 0.03728244 -0.04340316 0.01781629 0.02871376 -0.04081559 0.01429085 0.01933034 -0.03767689 0.005734282 0.01202232 -0.03404815 -0.006301988 0.009351477 -0.03 -0.01907447 0.01274624 -0.02561123 -0.02941053 0.02201982 -0.02096727 -0.03461758 0.03536155 -0.0161585 -0.0332667 0.04980901 -0.01127852 -0.02561492 0.06206377 -0.006422314 -0.01353903 0.06940916 -0.001684405 -1.902886e-17 0.07045779 0.00284299 0.011802 0.06550772 0.007071752 0.01932925 0.05640413 0.01091957 0.02139646 0.04595213 0.01431156 0.01782869 0.03388771 -0.04218168 0.01723414 0.02453884 -0.03931155 0.01140206 0.0156223 -0.03591957 0.001012655 0.01000136 -0.03207175 -0.0117843 0.009832844 -0.02784299 -0.02394465 0.01587692 -0.0233156 -0.03238958 0.02721116 -0.01857769 -0.03489347 0.04143999 -0.01372148 -0.03073388 0.05534149 -0.008841504 -0.02090808 0.06576112 -0.004032733 -0.007850713 0.07048749 0.0006112308 0.005263431 0.0688504 0.005 0.01542275 0.06186517 0.009048152 0.02061863 0.05188395 0.01267689 0.02037227 0.04186314 0.01581559 0.0164215 0.03842655 -0.04340316 0.01849043 0.02998162 -0.04081559 0.01562812 0.02037513 -0.03767689 0.007602182 0.01248804 -0.03404815 -0.004218461 0.008984095 -0.03 -0.01719664 0.01147962 -0.02561123 -0.02815441 0.02000961 -0.02096727 -0.03427945 0.03295561 -0.0161585 -0.03393966 0.04746211 -0.01127852 -0.02716137 0.06022079 -0.006422314 -0.01562729 0.06839066 -0.001684405 -0.002194385 0.07038116 0.00284299 0.009924164 0.06626642 0.007071752 0.01806811 0.05771008 0.01091957 0.02085938 0.04742774 0.01431156 0.01814187 0.03514383 -0.04218168 0.01820091 0.02577626 -0.03931155 0.01300503 0.01647462 -0.03591957 0.003033031 0.01014264 -0.03207175 -0.009720992 0.009081862 -0.02784299 -0.02227334 0.01426295 -0.0233156 -0.03148833 0.02498049 -0.01857769 -0.03497868 0.039 -0.01372148 -0.03179893 0.0531578 -0.008841504 -0.02272391 0.06423746 -0.004032733 -0.01002804 0.06986315 0.0006112308 0.003168351 0.06914484 0.005 0.01379019 0.06288531 0.009048152 0.01966966 0.05329085 0.01267689 0.02012292 0.04327726 0.01581559 0.01907447 0.03129341 -0.04081559 0.01688926 0.02151066 -0.03767689 0.009433044 0.01308292 -0.03404815 -0.002114381 0.008762947 -0.03 -0.01523503 0.01034708 -0.02561123 -0.02676112 0.01809192 -0.02096727 -0.03377431 0.03057912 -0.0161585 -0.03444727 0.04507398 -0.01127852 -0.02857549 0.05827441 -0.006422314 -0.01763941 0.06722896 -0.001684405 -0.004378078 0.07015165 0.00284299 0.00799798 0.06689227 0.007071752 0.01671895 0.05892487 0.01091957 0.02022068 0.04886229 0.01431156 0.01853588 0.03964729 0.01718168 0.01825023 0.039 0.01736518 0.01836667 0.03641873 -0.04218168 0.01907902 0.02707811 -0.03931155 0.01454465 0.01743668 -0.03591957 0.00503863 0.01042451 -0.03207175 -0.007610329 0.008476639 -0.02784299 -0.02049351 0.0127695 -0.0233156 -0.03043368 0.02281813 -0.01857769 -0.03489347 0.03656001 -0.01372148 -0.03270907 0.05090513 -0.008841504 -0.02442903 0.06259084 -0.004032733 -0.01215652 0.06908845 0.0006112308 0.001057835 0.06929243 0.005 0.01209044 0.06378908 0.009048152 0.01862487 0.05462812 0.01267689 0.01977554 0.04467054 0.01581559 0.0195656 0.03264275 -0.04081559 0.01806811 0.0227314 -0.03767689 0.01121795 0.01380407 -0.03404815 1.290394e-16 0.008689111 -0.03 -0.01319919 0.009354139 -0.02561123 -0.02523746 0.01627609 -0.02096727 -0.03310463 0.02824365 -0.0161585 -0.03478706 0.04265627 -0.01127852 -0.0298504 0.05623413 -0.006422314 -0.0195656 0.06592973 -0.001684405 -0.006540442 0.06977036 0.00284299 0.006032831 0.06738224 0.007071752 0.01528833 0.06004259 0.01091957 0.01948346 0.05024878 0.01431156 0.01844557 0.04093871 0.01718168 0.018502 0.03770621 -0.04218168 0.01986417 0.02843803 -0.03931155 0.0160134 0.01850379 -0.03591957 0.007019682 0.01084559 -0.03207175 -0.005462588 0.008020123 -0.02784299 -0.01861384 0.01140384 -0.0233156 -0.02923075 0.0207346 -0.01857769 -0.03463827 0.03413191 -0.01372148 -0.03345985 0.04859446 -0.008841504 -0.02601514 0.06082929 -0.004032733 -0.01422577 0.06816716 0.0006112308 -0.001057835 0.06929243 0.005 0.01033179 0.06457208 0.009048152 0.01748934 0.05588926 0.01267689 0.01933181 0.04603621 0.01581559 0.01996139 0.03402307 -0.04081559 0.01915894 0.0240314 -0.03767689 0.0129482 0.01464797 -0.03404815 0.002114381 0.008762947 -0.03 -0.01109904 0.008505626 -0.02561123 -0.02359084 0.01457097 -0.02096727 -0.03227366 0.02596059 -0.0161585 -0.03495737 0.04022074 -0.01127852 -0.03097988 0.05410989 -0.006422314 -0.02139646 0.06449931 -0.001684405 -0.008670942 0.06923917 0.00284299 0.004038291 0.06773393 0.007071752 0.01378324 0.06105779 0.01091957 0.01865133 0.05158048 0.01431156 0.0182654 0.04222068 0.01718168 0.02055255 0.02984941 -0.03931155 0.01740413 0.01967075 -0.03591957 0.008966535 0.01140384 -0.03207175 -0.003288235 0.007714538 -0.02784299 -0.01664349 0.01017263 -0.0233156 -0.02788542 0.01874006 -0.01857769 -0.03421431 0.03172752 -0.01372148 -0.03404762 0.04623705 -0.008841504 -0.0274745 0.05896139 -0.004032733 -0.01622572 0.06710377 0.0006112308 -0.003168351 0.06914484 0.005 0.008522805 0.0652305 0.009048152 0.0162686 0.05706811 0.01267689 0.0187939 0.04736758 0.01581559 0.02025994 0.03542763 -0.04081559 0.02015643 0.02540432 -0.03767689 0.01461537 0.01561051 -0.03404815 0.004218461 0.008984095 -0.03 -0.008944828 0.007805679 -0.02561123 -0.02182929 0.01298486 -0.02096727 -0.03128546 0.02374106 -0.0161585 -0.03495737 0.03777926 -0.01127852 -0.03195843 0.05191204 -0.006422314 -0.02312308 0.06294465 -0.001684405 -0.0107592 0.06856065 0.00284299 0.002024076 0.06794563 0.007071752 0.01221099 0.06196553 0.01091957 0.01772832 0.05285088 0.01431156 0.01799624 0.04348697 0.01718168 0.0211408 0.03130538 -0.03931155 0.01871008 0.02093189 -0.03591957 0.0108697 0.01209654 -0.03207175 -0.001097861 0.007561372 -0.02784299 -0.01459205 0.009081862 -0.0233156 -0.02640423 0.01684422 -0.01857769 -0.03362366 0.02935857 -0.01372148 -0.03446951 0.04384438 -0.008841504 -0.02880001 0.05699624 -0.004032733 -0.01814661 0.06590346 0.0006112308 -0.005263431 0.0688504 0.005 0.006672297 0.06576112 0.009048152 0.0149686 0.05815894 0.01267689 0.01816442 0.0486582 0.01581559 0.01639148 0.0401462 0.01840317 0.01673889 0.039 0.01823775 0.01518593 0.039 0.01903391 0.02045979 0.03684959 -0.04081559 0.02105571 0.02684348 -0.03767689 0.01621134 0.01668701 -0.03404815 0.006301988 0.009351477 -0.03 -0.006747033 0.007257707 -0.02561123 -0.01996139 0.0115255 -0.02096727 -0.03014484 0.02159587 -0.0161585 -0.03478706 0.03534373 -0.01127852 -0.03278127 0.04965128 -0.006422314 -0.02473705 0.06127333 -0.001684405 -0.01279504 0.06773812 0.00284299 -1.755201e-17 0.06801631 0.007071752 0.01057925 0.06276138 0.01091957 0.01671895 0.05405381 0.01431156 0.01763941 0.04473139 0.01718168 0.02162605 0.03279883 -0.03931155 0.01992487 0.02228105 -0.03591957 0.01271992 0.01292031 -0.03207175 0.001097861 0.007561372 -0.02784299 -0.01246952 0.008136851 -0.0233156 -0.0247944 0.01505633 -0.01857769 -0.03286921 0.02703659 -0.01372148 -0.03472348 0.0414281 -0.008841504 -0.02998521 0.05494342 -0.004032733 -0.0199791 0.06457208 0.0006112308 -0.007332868 0.06841052 0.005 0.004789282 0.06616137 0.009048152 0.01359568 0.05915643 0.01267689 0.01744646 0.04990176 0.01581559 0.0162716 0.04128682 0.01840317 0.02055995 0.03828203 -0.04081559 0.02185242 0.02834186 -0.03767689 0.01772832 0.01787221 -0.03404815 0.008354814 0.009863303 -0.03 -0.004516367 0.00686438 -0.02561123 -0.01799624 0.01019999 -0.02096727 -0.02885736 0.01953547 -0.0161585 -0.03444727 0.03292602 -0.01127852 -0.03344442 0.04733863 -0.006422314 -0.0262305 0.05949351 -0.001684405 -0.01476854 0.06677558 0.00284299 -0.002024076 0.06794563 0.007071752 0.008895967 0.06344147 0.01091957 0.01562812 0.0551834 0.01431156 0.01719664 0.0459479 0.01718168 0.02200594 0.03432249 -0.03931155 0.02104259 0.02371166 -0.03591957 0.01450816 0.01387113 -0.03207175 0.003288235 0.007714538 -0.02784299 -0.01028624 0.007342203 -0.0233156 -0.02306378 0.01338508 -0.01857769 -0.03195461 0.02477289 -0.01372148 -0.03480827 0.039 -0.008841504 -0.03102432 0.05281292 -0.004032733 -0.02171425 0.06311612 0.0006112308 -0.00936658 0.06782737 0.005 0.002882934 0.06642929 0.009048152 0.01215652 0.06005571 0.01267689 0.01664349 0.0510922 0.01581559 0.01607244 0.0424163 0.01840317 0.02254266 0.02989217 -0.03767689 0.01915894 0.01916034 -0.03404815 0.01036693 0.01051708 -0.03 -0.002263698 0.006627615 -0.02561123 -0.01594342 0.009014791 -0.02096727 -0.02742929 0.01756989 -0.0161585 -0.03393966 0.03053789 -0.01127852 -0.03394462 0.04498535 -0.006422314 -0.02759616 0.05761384 -0.001684405 -0.01667009 0.06567772 0.00284299 -0.004038291 0.06773393 0.007071752 0.007169347 0.06400248 0.01091957 0.01446116 0.05623413 0.01431156 0.01667009 0.04713055 0.01718168 0.01422711 0.03949682 0.01947409 0.01359522 0.039 0.01975167 0.02227862 0.03586894 -0.03931155 0.02205779 0.02521676 -0.03591957 0.01622572 0.01494438 -0.03207175 0.005462588 0.008020123 -0.02784299 -0.008052849 0.006701787 -0.0233156 -0.02122079 0.01183863 -0.01857769 -0.03088434 0.0225785 -0.01372148 -0.03472348 0.0365719 -0.008841504 -0.03191229 0.05061512 -0.004032733 -0.02334361 0.06154266 0.0006112308 -0.01135466 0.06710377 0.005 0.0009625413 0.06656358 0.009048152 0.01065814 0.06085242 0.01267689 0.01575944 0.05222374 0.01581559 0.01579498 0.04352914 0.01840317 0.02312308 0.03148686 -0.03767689 0.02049621 0.02054513 -0.03404815 0.01232855 0.01130962 -0.03 1.381521e-16 0.006548565 -0.02561123 -0.01381292 0.007975676 -0.02096727 -0.02586758 0.01570872 -0.0161585 -0.0332667 0.02819099 -0.01127852 -0.03427945 0.04260292 -0.006422314 -0.02882737 0.05564349 -0.001684405 -0.01849043 0.06444989 0.00284299 -0.006032831 0.06738224 0.007071752 0.005407797 0.06444169 0.01091957 0.01322374 0.05720091 0.01431156 0.01606232 0.04827359 0.01718168 0.0141578 0.04048804 0.01947409 0.02244276 0.03743065 -0.03931155 0.02296553 0.02678901 -0.03591957 0.01786423 0.01613483 -0.03207175 0.007610329 0.008476639 -0.02784299 -0.005780223 0.006218726 -0.0233156 -0.01927441 0.01042451 -0.01857769 -0.0296636 0.02046412 -0.01372148 -0.03446951 0.03415562 -0.008841504 -0.03264478 0.04836074 -0.004032733 -0.02485924 0.05985938 0.0006112308 -0.01328742 0.06624325 0.005 -0.0009625413 0.06656358 0.009048152 0.009107826 0.06154266 0.01267689 0.01479861 0.05329085 0.01581559 0.01544056 0.04461991 0.01840317 0.02359084 0.03311814 -0.03767689 0.02173363 0.02201982 -0.03404815 0.0142301 0.01223707 -0.03 0.002263698 0.006627615 -0.02561123 -0.01161512 0.007087709 -0.02096727 -0.02417985 0.01396103 -0.0161585 -0.03243167 0.02589676 -0.01127852 -0.03444727 0.04020293 -0.006422314 -0.02991814 0.05359205 -0.001684405 -0.02022068 0.06309807 0.00284299 -0.00799798 0.06689227 0.007071752 0.003619902 0.06475694 0.01091957 0.01192189 0.05807902 0.01431156 0.0153763 0.04937145 0.01718168 0.01401951 0.04147202 0.01947409 0.02376138 0.02842075 -0.03591957 0.0194157 0.01743668 -0.03207175 0.009720992 0.009081862 -0.02784299 -0.003479437 0.005895371 -0.0233156 -0.01723414 0.009149601 -0.01857769 -0.02829835 0.01844005 -0.01372148 -0.03404762 0.03176295 -0.008841504 -0.03321824 0.04606075 -0.004032733 -0.02625376 0.05807447 0.0006112308 -0.01515544 0.06525 0.005 -0.002882934 0.06642929 0.009048152 0.007513144 0.06212308 0.01267689 0.01376568 0.05428833 0.01581559 0.01501093 0.0456833 0.01840317 0.02394367 0.03477808 -0.03767689 0.02286517 0.02357725 -0.03404815 0.01606232 0.01329491 -0.03 0.004516367 0.00686438 -0.02561123 -0.009360742 0.006355216 -0.02096727 -0.02237432 0.01233532 -0.0161585 -0.03143863 0.02366636 -0.01127852 -0.03444727 0.03779707 -0.006422314 -0.03086315 0.05146952 -0.001684405 -0.02185242 0.06162884 0.00284299 -0.009924164 0.06626642 0.007071752 0.001814371 0.06494671 0.01091957 0.01056197 0.05886417 0.01431156 0.01461537 0.05041878 0.01718168 0.01381292 0.04244395 0.01947409 0.02444147 0.03010403 -0.03591957 0.02087259 0.01884357 -0.03207175 0.0117843 0.009832844 -0.02784299 -0.001161699 0.005733299 -0.0233156 -0.0151099 0.008020123 -0.01857769 -0.02679522 0.01651614 -0.01372148 -0.03345985 0.02940554 -0.008841504 -0.03362985 0.04372637 -0.004032733 -0.02752038 0.05619664 0.0006112308 -0.01694963 0.06412887 0.005 -0.004789282 0.06616137 0.009048152 0.005881857 0.06259084 0.01267689 0.01266569 0.05521134 0.01581559 0.01450816 0.04671412 0.01840317 0.01194154 0.03983503 0.02038924 0.01197071 0.039 0.02038924 0.01031643 0.039 0.02094505 0.02417985 0.0364586 -0.03767689 0.02388531 0.02520981 -0.03404815 0.01781629 0.01447798 -0.03 0.006747033 0.007257707 -0.02561123 -0.007060754 0.005781765 -0.02096727 -0.02045979 0.01083952 -0.0161585 -0.03029243 0.02151066 -0.01127852 -0.03427945 0.03539708 -0.006422314 -0.0316578 0.04928624 -0.001684405 -0.0233777 0.06004937 0.00284299 -0.011802 0.06550772 0.007071752 -1.573353e-17 0.06501007 0.01091957 0.009150584 0.05955255 0.01431156 0.01378324 0.05141048 0.01718168 0.01353903 0.0433991 0.01947409 0.02500248 0.03183065 -0.03591957 0.02222779 0.02034867 -0.03207175 0.01379019 0.01072592 -0.02784299 0.001161699 0.005733299 -0.0233156 -0.01291204 0.007041575 -0.01857769 -0.02516156 0.01470177 -0.01372148 -0.03270907 0.02709487 -0.008841504 -0.03387762 0.04136895 -0.004032733 -0.02865292 0.05423503 0.0006112308 -0.01866125 0.06288531 0.005 -0.006672297 0.06576112 0.009048152 0.004221916 0.06294367 0.01267689 0.01150399 0.05605536 0.01581559 0.01393471 0.04770737 0.01840317 0.01185421 0.040666 0.02038924 0.02429823 0.03815149 -0.03767689 0.02478908 0.02690956 -0.03404815 0.01948346 0.01578051 -0.03 0.008944828 0.007805679 -0.02561123 -0.004726367 0.00537015 -0.02096727 -0.01844557 0.009480916 -0.0161585 -0.02899864 0.01944017 -0.01127852 -0.03394462 0.03301465 -0.006422314 -0.03229821 0.04705285 -0.001684405 -0.02478908 0.05836735 0.00284299 -0.01362233 0.06461989 0.007071752 -0.001814371 0.06494671 0.01091957 0.007694621 0.0601408 0.01431156 0.01288395 0.05234172 0.01718168 0.01319919 0.04433282 0.01947409 0.02544169 0.0335922 -0.03591957 0.02347469 0.02194464 -0.03207175 0.0157289 0.01175675 -0.02784299 0.003479437 0.005895371 -0.0233156 -0.01065128 0.006218726 -0.01857769 -0.0234053 0.01300578 -0.01372148 -0.03179893 0.0248422 -0.008841504 -0.03396035 0.039 -0.004032733 -0.02964586 0.05219919 0.0006112308 -0.02028194 0.06152538 0.005 -0.008522805 0.0652305 0.009048152 0.002541405 0.06317986 0.01267689 0.01028624 0.05681629 0.01581559 0.01329337 0.0486582 0.01840317 0.01170912 0.04148885 0.02038924 0.02557208 0.02866821 -0.03404815 0.02105571 0.01719617 -0.03 0.01109904 0.008505626 -0.02561123 -0.002368954 0.005122375 -0.02096727 -0.01634149 0.008266125 -0.0161585 -0.02756358 0.01746498 -0.01127852 -0.03344442 0.03066137 -0.006422314 -0.03278127 0.04478022 -0.001684405 -0.02607969 0.05659097 0.00284299 -0.0153763 0.06360723 0.007071752 -0.003619902 0.06475694 0.01091957 0.006201169 0.06062605 0.01431156 0.01192189 0.05320796 0.01718168 0.01279504 0.04524055 0.01947409 0.009641431 0.03933669 0.02114416 0.008636509 0.039 0.02141771 0.02575694 0.0353801 -0.03591957 0.02460723 0.0236237 -0.03207175 0.01759097 0.01292031 -0.02784299 0.005780223 0.006218726 -0.0233156 -0.00833863 0.005555583 -0.01857769 -0.02153502 0.01143643 -0.01372148 -0.03073388 0.02265851 -0.008841504 -0.03387762 0.03663105 -0.004032733 -0.03049437 0.05009904 0.0006112308 -0.02180383 0.06005571 0.005 -0.01033179 0.06457208 0.009048152 0.0008485129 0.06329823 0.01267689 0.009018383 0.05749043 0.01581559 0.01258726 0.04956197 0.01840317 0.01150698 0.04229957 0.02038924 0.0262305 0.0304772 -0.03404815 0.02252538 0.01871806 -0.03 0.01319919 0.009354139 -0.02561123 1.445758e-16 0.005039649 -0.02096727 -0.0141578 0.007201066 -0.0161585 -0.02599422 0.0155947 -0.01127852 -0.03278127 0.02834872 -0.006422314 -0.03310463 0.04247943 -0.001684405 -0.02724325 0.0547289 0.00284299 -0.01705536 0.06247469 0.007071752 -0.005407797 0.06444169 0.01091957 0.004677507 0.06100594 0.01431156 0.01090176 0.05400498 0.01718168 0.01232855 0.04611789 0.01947409 0.009594459 0.04000842 0.02114416 0.02594671 0.03718563 -0.03591957 0.02561989 0.02537766 -0.03207175 0.01936735 0.01421092 -0.02784299 0.008052849 0.006701787 -0.0233156 -0.005985353 0.005055379 -0.01857769 -0.01955983 0.01000136 -0.01372148 -0.02951908 0.02055443 -0.008841504 -0.03362985 0.03427363 -0.004032733 -0.03119432 0.04794483 0.0006112308 -0.02321949 0.05848346 0.005 -0.01209044 0.06378908 0.009048152 -0.0008485129 0.06329823 0.01267689 0.007706588 0.05807447 0.01581559 0.01181984 0.05041428 0.01840317 0.01124878 0.04309422 0.02038924 0.02676112 0.0323277 -0.03404815 0.02388531 0.02033875 -0.03 0.01523503 0.01034708 -0.02561123 0.002368954 0.005122375 -0.02096727 -0.01190513 0.006290929 -0.0161585 -0.02429823 0.01383844 -0.01127852 -0.03195843 0.02608796 -0.006422314 -0.0332667 0.0401617 -0.001684405 -0.02827408 0.05279019 0.00284299 -0.01865133 0.06122779 0.007071752 -0.007169347 0.06400248 0.01091957 0.003131056 0.06127862 0.01431156 0.009828505 0.0547289 0.01718168 0.011802 0.04696055 0.01947409 0.009500743 0.04067524 0.02114416 0.02650772 0.027198 -0.03207175 0.02104937 0.0156223 -0.02784299 0.01028624 0.007342203 -0.0233156 -0.003602916 0.00472055 -0.01857769 -0.01748934 0.008707576 -0.01372148 -0.02816048 0.01854021 -0.008841504 -0.03321824 0.03193925 -0.004032733 -0.03174229 0.04574703 0.0006112308 -0.02452202 0.05681629 0.005 -0.01379019 0.06288531 0.009048152 -0.002541405 0.06317986 0.01267689 0.006357247 0.05856559 0.01581559 0.01099482 0.05121099 0.01840317 0.01093578 0.04386892 0.02038924 0.02716137 0.03421072 -0.03404815 0.02512887 0.02205037 -0.03 0.01719664 0.01147962 -0.02561123 0.004726367 0.00537015 -0.02096727 -0.009594459 0.005540147 -0.0161585 -0.02248386 0.01220478 -0.01127852 -0.03097988 0.0238901 -0.006422314 -0.0332667 0.0378383 -0.001684405 -0.02916716 0.0507843 0.00284299 -0.02015643 0.05987259 0.007071752 -0.008895967 0.06344147 0.01091957 0.001569351 0.06144276 0.01431156 0.008707371 0.05537618 0.01718168 0.01121795 0.04776442 0.01947409 0.009360742 0.0413339 0.02114416 0.02726642 0.02907584 -0.03207175 0.02262884 0.01714758 -0.02784299 0.01246952 0.008136851 -0.0233156 -0.001202925 0.004552726 -0.01857769 -0.01533364 0.007561372 -0.01372148 -0.02666468 0.01662568 -0.008841504 -0.03264478 0.02963926 -0.004032733 -0.03213562 0.04351637 0.0006112308 -0.02570509 0.05506232 0.005 -0.01542275 0.06186517 0.009048152 -0.004221916 0.06294367 0.01267689 0.004976934 0.05896139 0.01581559 0.01011624 0.0519482 0.01840317 0.0105695 0.04461991 0.02038924 0.007259183 0.03950761 0.02173517 0.006935115 0.039 0.02180604 0.005216479 0.039 0.02210908 0.02742929 0.03611707 -0.03404815 0.02625 0.02384455 -0.03 0.01907447 0.01274624 -0.02561123 0.007060754 0.005781765 -0.02096727 -0.007237045 0.004952378 -0.0161585 -0.02055995 0.01070165 -0.01127852 -0.0298504 0.02176586 -0.006422314 -0.03310463 0.03552057 -0.001684405 -0.02991814 0.04872099 0.00284299 -0.02156332 0.0584157 0.007071752 -0.01057925 0.06276138 0.01091957 -1.360881e-17 0.06149757 0.01431156 0.007543816 0.05594369 0.01718168 0.01057925 0.0485256 0.01947409 0.009175135 0.04198118 0.02114416 0.02789227 0.03100202 -0.03207175 0.02409807 0.01877932 -0.02784299 0.01459205 0.009081862 -0.0233156 0.001202925 0.004552726 -0.01857769 -0.01310324 0.006568334 -0.01372148 -0.02503897 0.01482015 -0.008841504 -0.03191229 0.02738488 -0.004032733 -0.03237238 0.0412637 0.0006112308 -0.02676293 0.0532301 0.005 -0.01698018 0.06073363 0.009048152 -0.005881857 0.06259084 0.01267689 0.003572374 0.05925994 0.01581559 0.009188381 0.05262233 0.01840317 0.01015173 0.04534351 0.02038924 0.007206091 0.04001275 0.02173517 0.02756358 0.03803746 -0.03404815 0.02724325 0.02571258 -0.03 0.02085938 0.01414076 -0.02561123 0.009360742 0.006355216 -0.02096727 -0.004844374 0.004530485 -0.0161585 -0.01853588 0.009336398 -0.01127852 -0.02857549 0.01972559 -0.006422314 -0.03278127 0.03321978 -0.001684405 -0.03052336 0.04661033 0.00284299 -0.02286517 0.05686423 0.007071752 -0.01221099 0.06196553 0.01091957 -0.001569351 0.06144276 0.01431156 0.006343507 0.05642864 0.01718168 0.009889006 0.04924036 0.01947409 0.008944828 0.04261395 0.02114416 0.02838224 0.03296717 -0.03207175 0.02544989 0.02050957 -0.02784299 0.01664349 0.01017263 -0.0233156 0.003602916 0.00472055 -0.01857769 -0.01080901 0.005733299 -0.01372148 -0.02329128 0.01313242 -0.008841504 -0.03102432 0.02518708 -0.004032733 -0.03245144 0.039 0.0006112308 -0.02769037 0.05132855 0.005 -0.01845487 0.05949622 0.009048152 -0.007513144 0.06212308 0.01267689 0.00215041 0.05945979 0.01581559 0.008215753 0.0532301 0.01840317 0.009684504 0.04603621 0.02038924 0.007117891 0.04051295 0.02173517 0.02810377 0.02764534 -0.03 0.02254266 0.01565639 -0.02561123 0.01161512 0.007087709 -0.02096727 -0.002428102 0.004276525 -0.0161585 -0.0164215 0.00811566 -0.01127852 -0.02716137 0.01777921 -0.006422314 -0.03229821 0.03094715 -0.001684405 -0.03097988 0.04446259 0.00284299 -0.02405561 0.05522572 0.007071752 -0.01378324 0.06105779 0.01091957 -0.003131056 0.06127862 0.01431156 0.005112294 0.05682869 0.01718168 0.009150584 0.04990524 0.01947409 0.008670942 0.0432291 0.02114416 0.004868091 0.03917 0.02215938 0.003484875 0.039 0.02232608 0.02873393 0.03496171 -0.03207175 0.02667772 0.02232991 -0.02784299 0.01861384 0.01140384 -0.0233156 0.005985353 0.005055379 -0.01857769 -0.008462109 0.005060338 -0.01372148 -0.02143011 0.01157071 -0.008841504 -0.02998521 0.02305658 -0.004032733 -0.03237238 0.0367363 0.0006112308 -0.02848292 0.04936694 0.005 -0.01983966 0.05815894 0.009048152 -0.009107826 0.06154266 0.01267689 0.0007179694 0.05955995 0.01581559 0.007203097 0.05376854 0.01840317 0.009170092 0.04669462 0.02038924 0.006995014 0.04100579 0.02173517 0.02882737 0.02963342 -0.03 0.02411612 0.01728575 -0.02561123 0.01381292 0.007975676 -0.02096727 1.481856e-16 0.004191734 -0.0161585 -0.01422711 0.007045387 -0.01127852 -0.02561492 0.01593622 -0.006422314 -0.0316578 0.02871376 -0.001684405 -0.03128546 0.04228823 0.00284299 -0.02512887 0.05350816 0.007071752 -0.01528833 0.06004259 0.01091957 -0.004677507 0.06100594 0.01431156 0.003856174 0.05714187 0.01718168 0.008367583 0.05051699 0.01947409 0.008354814 0.04382365 0.02114416 0.004844374 0.03950916 0.02215938 0.02894563 0.03697593 -0.03207175 0.02777558 0.02423146 -0.02784299 0.02049351 0.0127695 -0.0233156 0.00833863 0.005555583 -0.01857769 -0.006073984 0.004552726 -0.01372148 -0.01946453 0.01014264 -0.008841504 -0.02880001 0.02100376 -0.004032733 -0.03213562 0.03448363 0.0006112308 -0.0291367 0.04735481 0.005 -0.02112779 0.05672832 0.009048152 -0.01065814 0.06085242 0.01267689 -0.0007179694 0.05955995 0.01581559 0.00615535 0.05423503 0.01840317 0.008611005 0.04731555 0.02038924 0.006838058 0.04148885 0.02173517 0.02941053 0.03166713 -0.03 0.02557208 0.0190209 -0.02561123 0.01594342 0.009014791 -0.02096727 0.002428102 0.004276525 -0.0161585 -0.01196341 0.006130794 -0.01127852 -0.02394367 0.0142056 -0.006422314 -0.03086315 0.02653048 -0.001684405 -0.03143863 0.04009786 0.00284299 -0.02607969 0.05171991 0.007071752 -0.01671895 0.05892487 0.01091957 -0.006201169 0.06062605 0.01431156 0.002581268 0.05736668 0.01718168 0.007543816 0.05107263 0.01947409 0.00799798 0.04439471 0.02114416 0.004797056 0.03984585 0.02215938 0.02873812 0.02620496 -0.02784299 0.02227334 0.01426295 -0.0233156 0.01065128 0.006218726 -0.01857769 -0.003656268 0.004212938 -0.01372148 -0.01740413 0.008855157 -0.008841504 -0.0274745 0.01903861 -0.004032733 -0.03174229 0.03225297 0.0006112308 -0.02964852 0.04530199 0.005 -0.02231299 0.05521134 0.009048152 -0.01215652 0.06005571 0.01267689 -0.00215041 0.05945979 0.01581559 0.005077614 0.05462729 0.01840317 0.008009965 0.04789597 0.02038924 0.006647787 0.04195979 0.02173517 0.0298504 0.03373657 -0.03 0.02690346 0.02085339 -0.02561123 0.01799624 0.01019999 -0.02096727 0.004844374 0.004530485 -0.0161585 -0.009641431 0.005376336 -0.01127852 -0.02215578 0.01259577 -0.006422314 -0.02991814 0.02440795 -0.001684405 -0.03143863 0.03790214 0.00284299 -0.02690346 0.0498697 0.007071752 -0.01806811 0.05771008 0.01091957 -0.007694621 0.0601408 0.01431156 0.001293785 0.057502 0.01718168 0.006683295 0.05156945 0.01947409 0.007602182 0.04493948 0.02114416 0.004726367 0.04017842 0.02215938 0.02956066 0.0282408 -0.02784299 0.02394465 0.01587692 -0.0233156 0.01291204 0.007041575 -0.01857769 -0.001220738 0.004042629 -0.01372148 -0.01525894 0.007714538 -0.008841504 -0.02601514 0.01717071 -0.004032733 -0.03119432 0.03005517 0.0006112308 -0.03001591 0.04321846 0.005 -0.02338949 0.05361537 0.009048152 -0.01359568 0.05915643 0.01267689 -0.003572374 0.05925994 0.01581559 0.003975141 0.05494342 0.01840317 0.007369902 0.04843304 0.02038924 0.006425129 0.0424163 0.02173517 0.002435529 0.03917031 0.02241474 0.001744606 0.039 0.02245649 0.03014484 0.03583165 -0.03 0.02810377 0.02277428 -0.02561123 0.01996139 0.0115255 -0.02096727 0.007237045 0.004952378 -0.0161585 -0.007272476 0.004785689 -0.01127852 -0.02025994 0.01111458 -0.006422314 -0.02882737 0.02235651 -0.001684405 -0.03128546 0.03571177 0.00284299 -0.02759616 0.04796653 0.007071752 -0.01932925 0.05640413 0.01091957 -0.009150584 0.05955255 0.01431156 -1.121921e-17 0.05754717 0.01718168 0.005790215 0.05200504 0.01947409 0.007169347 0.04545531 0.02114416 0.004632652 0.04050524 0.02215938 0.03023917 0.03032906 -0.02784299 0.0254993 0.01760354 -0.0233156 0.0151099 0.008020123 -0.01857769 0.001220738 0.004042629 -0.01372148 -0.01303941 0.006726337 -0.008841504 -0.02442903 0.01540916 -0.004032733 -0.03049437 0.02790096 0.0006112308 -0.03023705 0.04111438 0.005 -0.02435203 0.0519482 0.009048152 -0.0149686 0.05815894 0.01267689 -0.004976934 0.05896139 0.01581559 0.002853301 0.05518187 0.01840317 0.006693933 0.04892416 0.02038924 0.006171169 0.04285617 0.02173517 0.002417716 0.03933979 0.02241474 2.143132e-18 0.039 0.0225 0.03029243 0.03794217 -0.03 0.02916716 0.02477423 -0.02561123 0.02182929 0.01298486 -0.02096727 0.009594459 0.005540147 -0.0161585 -0.004868091 0.004361731 -0.01127852 -0.0182654 0.009769248 -0.006422314 -0.02759616 0.02038616 -0.001684405 -0.03097988 0.03353741 0.00284299 -0.02815441 0.04601968 0.007071752 -0.02049621 0.0550134 0.01091957 -0.01056197 0.05886417 0.01431156 -0.001293785 0.057502 0.01718168 0.004868924 0.05237726 0.01947409 0.006701583 0.04593969 0.02114416 0.004516367 0.04082473 0.02215938 0.03077036 0.03245956 -0.02784299 0.02692973 0.0194344 -0.0233156 0.01723414 0.009149601 -0.01857769 0.003656268 0.004212938 -0.01372148 -0.01075635 0.005895371 -0.008841504 -0.02272391 0.01376254 -0.004032733 -0.02964586 0.02580081 0.0006112308 -0.03031089 0.039 0.005 -0.02519593 0.05021795 0.009048152 -0.0162686 0.05706811 0.01267689 -0.006357247 0.05856559 0.01581559 0.00171756 0.05534149 0.01840317 0.005985353 0.04936694 0.02038924 0.005887143 0.04327726 0.02173517 0.002388124 0.03950761 0.02241474 0.03008845 0.02684348 -0.02561123 0.02359084 0.01457097 -0.02096727 0.01190513 0.006290929 -0.0161585 -0.002439989 0.004106527 -0.01127852 -0.01618187 0.008566322 -0.006422314 -0.0262305 0.01850649 -0.001684405 -0.03052336 0.03138967 0.00284299 -0.02857549 0.04403863 0.007071752 -0.02156332 0.05354465 0.01091957 -0.01192189 0.05807902 0.01431156 -0.002581268 0.05736668 0.01718168 0.003923913 0.05268431 0.01947409 0.006201169 0.04639027 0.02114416 0.004378078 0.04113533 0.02215938 0.03115165 0.03462192 -0.02784299 0.02822896 0.02136059 -0.0233156 0.01927441 0.01042451 -0.01857769 0.006073984 0.004552726 -0.01372148 -0.008420882 0.005225688 -0.008841504 -0.02090808 0.01223888 -0.004032733 -0.02865292 0.02376497 0.0006112308 -0.03023705 0.03688562 0.005 -0.02591708 0.04843304 0.009048152 -0.01748934 0.05588926 0.01267689 -0.007706588 0.05807447 0.01581559 0.0005734512 0.05542149 0.01840317 0.005247612 0.0497592 0.02038924 0.005574436 0.04367751 0.02173517 0.002346898 0.03967296 0.02241474 0.03086315 0.02897195 -0.02561123 0.02523746 0.01627609 -0.02096727 0.0141578 0.007201066 -0.0161585 1.489111e-16 0.004021321 -0.01127852 -0.01401951 0.007511667 -0.006422314 -0.02473705 0.01672666 -0.001684405 -0.02991814 0.02927901 0.00284299 -0.02885736 0.04203303 0.007071752 -0.02252538 0.05200504 0.01091957 -0.01322374 0.05720091 0.01431156 -0.003856174 0.05714187 0.01718168 0.002959786 0.0529247 0.01947409 0.005670545 0.04680484 0.02114416 0.004218461 0.04143553 0.02215938 0.03138116 0.03680561 -0.02784299 0.02939066 0.02337271 -0.0233156 0.02122079 0.01183863 -0.01857769 0.008462109 0.005060338 -0.01372148 -0.006044392 0.00472055 -0.008841504 -0.01899039 0.01084559 -0.004032733 -0.02752038 0.02180336 0.0006112308 -0.03001591 0.03478154 0.005 -0.02651196 0.04660218 0.009048152 -0.01862487 0.05462812 0.01267689 -0.009018383 0.05749043 0.01581559 -0.0005734512 0.05542149 0.01840317 0.004484305 0.05009904 0.02038924 0.005234571 0.04405497 0.02173517 0.002294238 0.03983503 0.02241474 0.03148749 0.03114929 -0.02561123 0.02676112 0.01809192 -0.02096727 0.01634149 0.008266125 -0.0161585 0.002439989 0.004106527 -0.01127852 -0.01178884 0.00661042 -0.006422314 -0.02312308 0.01505535 -0.001684405 -0.02916716 0.0272157 0.00284299 -0.02899864 0.04001265 0.007071752 -0.0233777 0.05040207 0.01091957 -0.01446116 0.05623413 0.01431156 -0.005112294 0.05682869 0.01718168 0.001981238 0.05309724 0.01947409 0.005112294 0.04718138 0.02114416 0.004038291 0.04172386 0.02215938 0.03040917 0.02546097 -0.0233156 0.02306378 0.01338508 -0.01857769 0.01080901 0.005733299 -0.01372148 -0.003638455 0.004382417 -0.008841504 -0.01698018 0.009589474 -0.004032733 -0.02625376 0.01992553 0.0006112308 -0.02964852 0.03269801 0.005 -0.02697768 0.04473428 0.009048152 -0.01966966 0.05329085 0.01267689 -0.01028624 0.05681629 0.01581559 -0.00171756 0.05534149 0.01840317 0.003699151 0.05038482 0.02038924 0.004869203 0.0444078 0.02173517 0.0022304 0.03999304 0.02241474 0.03195843 0.03336487 -0.02561123 0.02815441 0.02000961 -0.02096727 0.01844557 0.009480916 -0.0161585 0.004868091 0.004361731 -0.01127852 -0.009500743 0.005866971 -0.006422314 -0.02139646 0.0135007 -0.001684405 -0.02827408 0.02520981 0.00284299 -0.02899864 0.03798735 0.007071752 -0.02411612 0.04874354 0.01091957 -0.01562812 0.0551834 0.01431156 -0.006343507 0.05642864 0.01718168 0.000993038 0.0532011 0.01947409 0.004529137 0.04751807 0.02114416 0.003838447 0.04199892 0.02215938 0.03127953 0.02761518 -0.0233156 0.0247944 0.01505633 -0.01857769 0.01310324 0.006568334 -0.01372148 -0.001214791 0.004212938 -0.008841504 -0.01488724 0.008476639 -0.004032733 -0.02485924 0.01814062 0.0006112308 -0.0291367 0.03064519 0.005 -0.02731197 0.04283845 0.009048152 -0.02061863 0.05188395 0.01267689 -0.01150399 0.05605536 0.01581559 -0.002853301 0.05518187 0.01840317 0.002895976 0.05061512 0.02038924 0.004480113 0.04473428 0.02173517 0.002155696 0.0401462 0.02241474 0.03227366 0.0356079 -0.02561123 0.02941053 0.02201982 -0.02096727 0.02045979 0.01083952 -0.0161585 0.007272476 0.004785689 -0.01127852 -0.007166357 0.005284943 -0.006422314 -0.0195656 0.01207027 -0.001684405 -0.02724325 0.0232711 0.00284299 -0.02885736 0.03596697 0.007071752 -0.02473705 0.04703755 0.01091957 -0.01671895 0.05405381 0.01431156 -0.007543816 0.05594369 0.01718168 -8.611246e-18 0.05323578 0.01947409 0.003923913 0.04781326 0.02114416 0.003619902 0.04225937 0.02215938 0.0319975 0.02982487 -0.0233156 0.02640423 0.01684422 -0.01857769 0.01533364 0.007561372 -0.01372148 0.001214791 0.004212938 -0.008841504 -0.01272177 0.007512511 -0.004032733 -0.02334361 0.01645734 0.0006112308 -0.02848292 0.02863307 0.005 -0.02751319 0.04092391 0.009048152 -0.02146714 0.05041428 0.01267689 -0.01266569 0.05521134 0.01581559 -0.003975141 0.05494342 0.01840317 0.002078691 0.05078884 0.02038924 0.004069196 0.04503283 0.02173517 0.00207049 0.04029379 0.02241474 0.03243167 0.03786746 -0.02561123 0.03052336 0.02411276 -0.02096727 0.02237432 0.01233532 -0.0161585 0.009641431 0.005376336 -0.01127852 -0.004797056 0.004867171 -0.006422314 -0.01763941 0.01077104 -0.001684405 -0.02607969 0.02140903 0.00284299 -0.02857549 0.03396137 0.007071752 -0.02523746 0.0452924 0.01091957 -0.01772832 0.05285088 0.01431156 -0.008707371 0.05537618 0.01718168 -0.000993038 0.0532011 0.01947409 0.003299573 0.0480655 0.02114416 0.003383722 0.04250394 0.02215938 0.03255958 0.03207925 -0.0233156 0.02788542 0.01874006 -0.01857769 0.01748934 0.008707576 -0.01372148 0.003638455 0.004382417 -0.008841504 -0.01049433 0.006701787 -0.004032733 -0.02171425 0.01488388 0.0006112308 -0.02769037 0.02667145 0.005 -0.02758038 0.039 0.009048152 -0.02221107 0.048889 0.01267689 -0.01376568 0.05428833 0.01581559 -0.005077614 0.05462729 0.01840317 0.001251279 0.05090513 0.02038924 0.003638455 0.04530199 0.02173517 0.001975196 0.04043506 0.02241474 0.03148749 0.02627823 -0.02096727 0.02417985 0.01396103 -0.0161585 0.01196341 0.006130794 -0.01127852 -0.002404385 0.004615692 -0.006422314 -0.01562729 0.009609343 -0.001684405 -0.02478908 0.01963265 0.00284299 -0.02815441 0.03198032 0.007071752 -0.02561492 0.0435166 0.01091957 -0.01865133 0.05158048 0.01431156 -0.009828505 0.0547289 0.01718168 -0.001981238 0.05309724 0.01947409 0.002659158 0.04827359 0.02114416 0.003131056 0.04273145 0.02215938 0.03296303 0.03436735 -0.0233156 0.02923075 0.0207346 -0.01857769 0.01955983 0.01000136 -0.01372148 0.006044392 0.00472055 -0.008841504 -0.008215753 0.006048417 -0.004032733 -0.0199791 0.01342792 0.0006112308 -0.02676293 0.0247699 0.005 -0.02751319 0.03707609 0.009048152 -0.02284679 0.04731555 0.01267689 -0.01479861 0.05329085 0.01581559 -0.00615535 0.05423503 0.01840317 0.0004177716 0.05096341 0.02038924 0.003189987 0.04554044 0.02173517 0.00187028 0.04056935 0.02241474 0.03229821 0.02850567 -0.02096727 0.02586758 0.01570872 -0.0161585 0.01422711 0.007045387 -0.01127852 1.467382e-16 0.004531729 -0.006422314 -0.01353903 0.008590833 -0.001684405 -0.0233777 0.01795063 0.00284299 -0.02759616 0.03003347 0.007071752 -0.02586758 0.04171879 0.01091957 -0.01948346 0.05024878 0.01431156 -0.01090176 0.05400498 0.01718168 -0.002959786 0.0529247 0.01947409 0.002005788 0.04843649 0.02114416 0.002863136 0.04294077 0.02215938 0.03320589 0.03667802 -0.0233156 0.03043368 0.02281813 -0.01857769 0.02153502 0.01143643 -0.01372148 0.008420882 0.005225688 -0.008841504 -0.005897153 0.005555583 -0.004032733 -0.01814661 0.01209654 0.0006112308 -0.02570509 0.02293768 0.005 -0.02731197 0.03516155 0.009048152 -0.0233712 0.04570158 0.01267689 -0.01575944 0.05222374 0.01581559 -0.007203097 0.05376854 0.01840317 -0.0004177716 0.05096341 0.02038924 0.002725978 0.04574703 0.02173517 0.001756251 0.04069599 0.02241474 0.03295158 0.03078425 -0.02096727 0.02742929 0.01756989 -0.0161585 0.0164215 0.00811566 -0.01127852 0.002404385 0.004615692 -0.006422314 -0.01138482 0.007720472 -0.001684405 -0.02185242 0.01637116 0.00284299 -0.02690346 0.0281303 0.007071752 -0.02599422 0.03990774 0.01091957 -0.02022068 0.04886229 0.01431156 -0.01192189 0.05320796 0.01718168 -0.003923913 0.05268431 0.01947409 0.001342646 0.04855342 0.02114416 0.002581268 0.04313089 0.02215938 0.03148833 0.02498049 -0.01857769 0.0234053 0.01300578 -0.01372148 0.01075635 0.005895371 -0.008841504 -0.003549823 0.005225688 -0.004032733 -0.01622572 0.01089623 0.0006112308 -0.02452202 0.02118371 0.005 -0.02697768 0.03326572 0.009048152 -0.02378174 0.04405497 0.01267689 -0.01664349 0.0510922 0.01581559 -0.008215753 0.0532301 0.01840317 -0.001251279 0.05090513 0.02038924 0.002248689 0.04592075 0.02173517 0.001633667 0.04081437 0.02241474 0.03344442 0.03310285 -0.02096727 0.02885736 0.01953547 -0.0161585 0.01853588 0.009336398 -0.01127852 0.004797056 0.004867171 -0.006422314 -0.009175135 0.007002503 -0.001684405 -0.02022068 0.01490193 0.00284299 -0.02607969 0.02628008 0.007071752 -0.02599422 0.03809226 0.01091957 -0.02085938 0.04742774 0.01431156 -0.01288395 0.05234172 0.01718168 -0.004868924 0.05237726 0.01947409 0.0006729621 0.04862381 0.02114416 0.002286824 0.04330089 0.02215938 0.03238958 0.02721116 -0.01857769 0.02516156 0.01470177 -0.01372148 0.01303941 0.006726337 -0.008841504 -0.001185199 0.005060338 -0.004032733 -0.01422577 0.009832844 0.0006112308 -0.02321949 0.01951654 0.005 -0.02651196 0.03139782 0.009048152 -0.02407643 0.04238372 0.01267689 -0.01744646 0.04990176 0.01581559 -0.009188381 0.05262233 0.01840317 -0.002078691 0.05078884 0.02038924 0.001760444 0.04606075 0.02173517 0.001503123 0.04092391 0.02241474 0.03377431 0.03545018 -0.02096727 0.03014484 0.02159587 -0.0161585 0.02055995 0.01070165 -0.01127852 0.007166357 0.005284943 -0.006422314 -0.006920752 0.006440422 -0.001684405 -0.01849043 0.01355011 0.00284299 -0.02512887 0.02449184 0.007071752 -0.02586758 0.03628121 0.01091957 -0.02139646 0.04595213 0.01431156 -0.01378324 0.05141048 0.01718168 -0.005790215 0.05200504 0.01947409 -5.83567e-18 0.04864731 0.02114416 0.001981238 0.04344993 0.02215938 0.03313303 0.02949926 -0.01857769 0.02679522 0.01651614 -0.01372148 0.01525894 0.007714538 -0.008841504 0.001185199 0.005060338 -0.004032733 -0.01215652 0.008911553 0.0006112308 -0.02180383 0.01794429 0.005 -0.02591708 0.02956696 0.009048152 -0.02425382 0.04069599 0.01267689 -0.01816442 0.0486582 0.01581559 -0.01011624 0.0519482 0.01840317 -0.002895976 0.05061512 0.02038924 0.001263622 0.04616636 0.02173517 0.001365256 0.04102407 0.02241474 0.03393966 0.0378148 -0.02096727 0.03128546 0.02374106 -0.0161585 0.02248386 0.01220478 -0.01127852 0.009500743 0.005866971 -0.006422314 -0.004632652 0.006036969 -0.001684405 -0.01667009 0.01232228 0.00284299 -0.02405561 0.02277428 0.007071752 -0.02561492 0.0344834 0.01091957 -0.02182929 0.04444265 0.01431156 -0.01461537 0.05041878 0.01718168 -0.006683295 0.05156945 0.01947409 -0.0006729621 0.04862381 0.02114416 0.001666 0.0435773 0.02215938 0.03371506 0.03183364 -0.01857769 0.02829835 0.01844005 -0.01372148 0.01740413 0.008855157 -0.008841504 0.003549823 0.005225688 -0.004032733 -0.01002804 0.008136851 0.0006112308 -0.02028194 0.01647462 0.005 -0.02519593 0.02778205 0.009048152 -0.02431304 0.039 0.01267689 -0.0187939 0.04736758 0.01581559 -0.01099482 0.05121099 0.01840317 -0.003699151 0.05038482 0.02038924 0.0007606441 0.04623705 0.02173517 0.001220738 0.04111438 0.02241474 0.03227366 0.02596059 -0.0161585 0.02429823 0.01383844 -0.01127852 0.01178884 0.00661042 -0.006422314 -0.002321982 0.005794107 -0.001684405 -0.01476854 0.01122442 0.00284299 -0.02286517 0.02113577 0.007071752 -0.02523746 0.0327076 0.01091957 -0.02215578 0.04290666 0.01431156 -0.0153763 0.04937145 0.01718168 -0.007543816 0.05107263 0.01947409 -0.001342646 0.04855342 0.02114416 0.001342646 0.04368236 0.02215938 0.03413283 0.03420294 -0.01857769 0.0296636 0.02046412 -0.01372148 0.01946453 0.01014264 -0.008841504 0.005897153 0.005555583 -0.004032733 -0.007850713 0.007512511 0.0006112308 -0.01866125 0.01511469 0.005 -0.02435203 0.0260518 0.009048152 -0.02425382 0.03730401 0.01267689 -0.01933181 0.04603621 0.01581559 -0.01181984 0.05041428 0.01840317 -0.004484305 0.05009904 0.02038924 0.0002539605 0.04627248 0.02173517 0.001070273 0.04119439 0.02241474 0.03310463 0.02824365 -0.0161585 0.02599422 0.0155947 -0.01127852 0.01401951 0.007511667 -0.006422314 1.417092e-16 0.005713022 -0.001684405 -0.01279504 0.01026188 0.00284299 -0.02156332 0.0195843 0.007071752 -0.02473705 0.03096245 0.01091957 -0.02237432 0.04135163 0.01431156 -0.01606232 0.04827359 0.01718168 -0.008367583 0.05051699 0.01947409 -0.002005788 0.04843649 0.02114416 0.00101275 0.04376461 0.02215938 0.03438431 0.03659562 -0.01857769 0.03088434 0.0225785 -0.01372148 0.02143011 0.01157071 -0.008841504 0.008215753 0.006048417 -0.004032733 -0.005635132 0.007041575 0.0006112308 -0.01694963 0.01387113 0.005 -0.02338949 0.02438463 0.009048152 -0.02407643 0.03561628 0.01267689 -0.01977554 0.04467054 0.01581559 -0.01258726 0.04956197 0.01840317 -0.005247612 0.0497592 0.02038924 -0.0002539605 0.04627248 0.02173517 0.0009145932 0.0412637 0.02241474 0.03377431 0.03057912 -0.0161585 0.02756358 0.01746498 -0.01127852 0.01618187 0.008566322 -0.006422314 0.002321982 0.005794107 -0.001684405 -0.0107592 0.009439345 0.00284299 -0.02015643 0.01812741 0.007071752 -0.02411612 0.02925646 0.01091957 -0.02248386 0.03978515 0.01431156 -0.01667009 0.04713055 0.01718168 -0.009150584 0.04990524 0.01947409 -0.002659158 0.04827359 0.02114416 0.0006779203 0.04382365 0.02215938 0.03195461 0.02477289 -0.01372148 0.02329128 0.01313242 -0.008841504 0.01049433 0.006701787 -0.004032733 -0.003392099 0.006726337 0.0006112308 -0.01515544 0.01275 0.005 -0.02231299 0.02278866 0.009048152 -0.02378174 0.03394503 0.01267689 -0.02012292 0.04327726 0.01581559 -0.01329337 0.0486582 0.01840317 -0.005985353 0.04936694 0.02038924 -0.0007606441 0.04623705 0.02173517 0.0007544578 0.04132198 0.02241474 0.03427945 0.03295561 -0.0161585 0.02899864 0.01944017 -0.01127852 0.0182654 0.009769248 -0.006422314 0.004632652 0.006036969 -0.001684405 -0.008670942 0.00876083 0.00284299 -0.01865133 0.01677221 0.007071752 -0.0233777 0.02759794 0.01091957 -0.02248386 0.03821485 0.01431156 -0.01719664 0.0459479 0.01718168 -0.009889006 0.04924036 0.01947409 -0.003299573 0.0480655 0.02114416 0.0003397879 0.04385919 0.02215938 0.03286921 0.02703659 -0.01372148 0.02503897 0.01482015 -0.008841504 0.01272177 0.007512511 -0.004032733 -0.001132539 0.006568334 0.0006112308 -0.01328742 0.01175675 0.005 -0.02112779 0.02127168 0.009048152 -0.0233712 0.03229842 0.01267689 -0.02037227 0.04186314 0.01581559 -0.01393471 0.04770737 0.01840317 -0.006693933 0.04892416 0.02038924 -0.001263622 0.04616636 0.02173517 0.0005906466 0.04136895 0.02241474 0.03461758 0.03536155 -0.0161585 0.03029243 0.02151066 -0.01127852 0.02025994 0.01111458 -0.006422314 0.006920752 0.006440422 -0.001684405 -0.006540442 0.008229636 0.00284299 -0.01705536 0.01552531 0.007071752 -0.02252538 0.02599497 0.01091957 -0.02237432 0.03664837 0.01431156 -0.01763941 0.04473139 0.01718168 -0.01057925 0.0485256 0.01947409 -0.003923913 0.04781326 0.02114416 -2.94651e-18 0.04387106 0.02215938 0.03362366 0.02935857 -0.01372148 0.02666468 0.01662568 -0.008841504 0.01488724 0.008476639 -0.004032733 0.001132539 0.006568334 0.0006112308 -0.01135466 0.01089623 0.005 -0.01983966 0.01984106 0.009048152 -0.02284679 0.03068445 0.01267689 -0.02052237 0.04043506 0.01581559 -0.01450816 0.04671412 0.01840317 -0.007369902 0.04843304 0.02038924 -0.001760444 0.04606075 0.02173517 0.000423958 0.04140438 0.02241474 0.03478706 0.03778521 -0.0161585 0.03143863 0.02366636 -0.01127852 0.02215578 0.01259577 -0.006422314 0.009175135 0.007002503 -0.001684405 -0.004378078 0.007848353 0.00284299 -0.0153763 0.01439277 0.007071752 -0.02156332 0.02445535 0.01091957 -0.02215578 0.03509334 0.01431156 -0.01799624 0.04348697 0.01718168 -0.01121795 0.04776442 0.01947409 -0.004529137 0.04751807 0.02114416 -0.0003397879 0.04385919 0.02215938 0.03421431 0.03172752 -0.01372148 0.02816048 0.01854021 -0.008841504 0.01698018 0.009589474 -0.004032733 0.003392099 0.006726337 0.0006112308 -0.00936658 0.01017263 0.005 -0.01845487 0.01850379 0.009048152 -0.02221107 0.02911099 0.01267689 -0.02057248 0.039 0.01581559 -0.01501093 0.0456833 0.01840317 -0.008009965 0.04789597 0.02038924 -0.002248689 0.04592075 0.02173517 0.0002552038 0.0414281 0.02241474 0.03243167 0.02589676 -0.01127852 0.02394367 0.0142056 -0.006422314 0.01138482 0.007720472 -0.001684405 -0.002194385 0.007618838 0.00284299 -0.01362233 0.01338011 0.007071752 -0.02049621 0.0229866 0.01091957 -0.02182929 0.03355735 0.01431156 -0.0182654 0.04222068 0.01718168 -0.011802 0.04696055 0.01947409 -0.005112294 0.04718138 0.02114416 -0.0006779203 0.04382365 0.02215938 0.03463827 0.03413191 -0.01372148 0.02951908 0.02055443 -0.008841504 0.01899039 0.01084559 -0.004032733 0.005635132 0.007041575 0.0006112308 -0.007332868 0.009589474 0.005 -0.01698018 0.01726637 0.009048152 -0.02146714 0.02758572 0.01267689 -0.02052237 0.03756494 0.01581559 -0.01544056 0.04461991 0.01840317 -0.008611005 0.04731555 0.02038924 -0.002725978 0.04574703 0.02173517 8.520631e-05 0.04143999 0.02241474 0.0332667 0.02819099 -0.01127852 0.02561492 0.01593622 -0.006422314 0.01353903 0.008590833 -0.001684405 1.33922e-16 0.007542208 0.00284299 -0.011802 0.01249228 0.007071752 -0.01932925 0.02159587 0.01091957 -0.02139646 0.03204787 0.01431156 -0.01844557 0.04093871 0.01718168 -0.01232855 0.04611789 0.01947409 -0.005670545 0.04680484 0.02114416 -0.00101275 0.04376461 0.02215938 0.03489347 0.03656001 -0.01372148 0.03073388 0.02265851 -0.008841504 0.02090808 0.01223888 -0.004032733 0.007850713 0.007512511 0.0006112308 -0.005263431 0.009149601 0.005 -0.01542275 0.01613483 0.009048152 -0.02061863 0.02611605 0.01267689 -0.02037227 0.03613686 0.01581559 -0.01579498 0.04352914 0.01840317 -0.009170092 0.04669462 0.02038924 -0.003189987 0.04554044 0.02173517 -8.520631e-05 0.04143999 0.02241474 0.03393966 0.03053789 -0.01127852 0.02716137 0.01777921 -0.006422314 0.01562729 0.009609343 -0.001684405 0.002194385 0.007618838 0.00284299 -0.009924164 0.01173358 0.007071752 -0.01806811 0.02028992 0.01091957 -0.02085938 0.03057226 0.01431156 -0.01853588 0.03964729 0.01718168 -0.01279504 0.04524055 0.01947409 -0.006201169 0.04639027 0.02114416 -0.001342646 0.04368236 0.02215938 0.03179893 0.0248422 -0.008841504 0.02272391 0.01376254 -0.004032733 0.01002804 0.008136851 0.0006112308 -0.003168351 0.008855157 0.005 -0.01379019 0.01511469 0.009048152 -0.01966966 0.02470915 0.01267689 -0.02012292 0.03472274 0.01581559 -0.01607244 0.0424163 0.01840317 -0.009684504 0.04603621 0.02038924 -0.003638455 0.04530199 0.02173517 -0.0002552038 0.0414281 0.02241474 0.03444727 0.03292602 -0.01127852 0.02857549 0.01972559 -0.006422314 0.01763941 0.01077104 -0.001684405 0.004378078 0.007848353 0.00284299 -0.00799798 0.01110773 0.007071752 -0.01671895 0.01907513 0.01091957 -0.02022068 0.02913772 0.01431156 -0.01853588 0.03835271 0.01718168 -0.01319919 0.04433282 0.01947409 -0.006701583 0.04593969 0.02114416 -0.001666 0.0435773 0.02215938 0.03270907 0.02709487 -0.008841504 0.02442903 0.01540916 -0.004032733 0.01215652 0.008911553 0.0006112308 -0.001057835 0.008707576 0.005 -0.01209044 0.01421092 0.009048152 -0.01862487 0.02337188 0.01267689 -0.01977554 0.03332946 0.01581559 -0.0162716 0.04128682 0.01840317 -0.01015173 0.04534351 0.02038924 -0.004069196 0.04503283 0.02173517 -0.000423958 0.04140438 0.02241474 0.03478706 0.03534373 -0.01127852 0.0298504 0.02176586 -0.006422314 0.0195656 0.01207027 -0.001684405 0.006540442 0.008229636 0.00284299 -0.006032831 0.01061776 0.007071752 -0.01528833 0.01795741 0.01091957 -0.01948346 0.02775122 0.01431156 -0.01844557 0.03706129 0.01718168 -0.01353903 0.0433991 0.01947409 -0.007169347 0.04545531 0.02114416 -0.001981238 0.04344993 0.02215938 0.03345985 0.02940554 -0.008841504 0.02601514 0.01717071 -0.004032733 0.01422577 0.009832844 0.0006112308 0.001057835 0.008707576 0.005 -0.01033179 0.01342792 0.009048152 -0.01748934 0.02211074 0.01267689 -0.01933181 0.0319638 0.01581559 -0.01639148 0.0401462 0.01840317 -0.0105695 0.04461991 0.02038924 -0.004480113 0.04473428 0.02173517 -0.0005906466 0.04136895 0.02241474 0.03495737 0.03777926 -0.01127852 0.03097988 0.0238901 -0.006422314 0.02139646 0.0135007 -0.001684405 0.008670942 0.00876083 0.00284299 -0.004038291 0.01026607 0.007071752 -0.01378324 0.01694221 0.01091957 -0.01865133 0.02641952 0.01431156 -0.0182654 0.03577932 0.01718168 -0.01381292 0.04244395 0.01947409 -0.007602182 0.04493948 0.02114416 -0.002286824 0.04330089 0.02215938 0.03404762 0.03176295 -0.008841504 0.0274745 0.01903861 -0.004032733 0.01622572 0.01089623 0.0006112308 0.003168351 0.008855157 0.005 -0.008522805 0.0127695 0.009048152 -0.0162686 0.02093189 0.01267689 -0.0187939 0.03063242 0.01581559 -0.01643151 0.039 0.01840317 -0.01093578 0.04386892 0.02038924 -0.004869203 0.0444078 0.02173517 -0.0007544578 0.04132198 0.02241474 0.03195843 0.02608796 -0.006422314 0.02312308 0.01505535 -0.001684405 0.0107592 0.009439345 0.00284299 -0.002024076 0.01005437 0.007071752 -0.01221099 0.01603447 0.01091957 -0.01772832 0.02514911 0.01431156 -0.01799624 0.03451303 0.01718168 -0.01401951 0.04147202 0.01947409 -0.00799798 0.04439471 0.02114416 -0.002581268 0.04313089 0.02215938 0.03446951 0.03415562 -0.008841504 0.02880001 0.02100376 -0.004032733 0.01814661 0.01209654 0.0006112308 0.005263431 0.009149601 0.005 -0.006672297 0.01223888 0.009048152 -0.0149686 0.01984106 0.01267689 -0.01816442 0.0293418 0.01581559 -0.01639148 0.0378538 0.01840317 -0.01124878 0.04309422 0.02038924 -0.005234571 0.04405497 0.02173517 -0.0009145932 0.0412637 0.02241474 0.03278127 0.02834872 -0.006422314 0.02473705 0.01672666 -0.001684405 0.01279504 0.01026188 0.00284299 1.235281e-16 0.009983685 0.007071752 -0.01057925 0.01523862 0.01091957 -0.01671895 0.02394619 0.01431156 -0.01763941 0.03326861 0.01718168 -0.0141578 0.04048804 0.01947409 -0.008354814 0.04382365 0.02114416 -0.002863136 0.04294077 0.02215938 0.03472348 0.0365719 -0.008841504 0.02998521 0.02305658 -0.004032733 0.0199791 0.01342792 0.0006112308 0.007332868 0.009589474 0.005 -0.004789282 0.01183863 0.009048152 -0.01359568 0.01884357 0.01267689 -0.01744646 0.02809824 0.01581559 -0.0162716 0.03671318 0.01840317 -0.01150698 0.04229957 0.02038924 -0.005574436 0.04367751 0.02173517 -0.001070273 0.04119439 0.02241474 0.03344442 0.03066137 -0.006422314 0.0262305 0.01850649 -0.001684405 0.01476854 0.01122442 0.00284299 0.002024076 0.01005437 0.007071752 -0.008895967 0.01455853 0.01091957 -0.01562812 0.0228166 0.01431156 -0.01719664 0.0320521 0.01718168 -0.01422711 0.03949682 0.01947409 -0.008670942 0.0432291 0.02114416 -0.003131056 0.04273145 0.02215938 0.03102432 0.02518708 -0.004032733 0.02171425 0.01488388 0.0006112308 0.00936658 0.01017263 0.005 -0.002882934 0.01157071 0.009048152 -0.01215652 0.01794429 0.01267689 -0.01664349 0.0269078 0.01581559 -0.01607244 0.0355837 0.01840317 -0.01170912 0.04148885 0.02038924 -0.005887143 0.04327726 0.02173517 -0.001220738 0.04111438 0.02241474 0.03394462 0.03301465 -0.006422314 0.02759616 0.02038616 -0.001684405 0.01667009 0.01232228 0.00284299 0.004038291 0.01026607 0.007071752 -0.007169347 0.01399752 0.01091957 -0.01446116 0.02176586 0.01431156 -0.01667009 0.03086945 0.01718168 -0.01422711 0.03850318 0.01947409 -0.008944828 0.04261395 0.02114416 -0.003383722 0.04250394 0.02215938 0.03191229 0.02738488 -0.004032733 0.02334361 0.01645734 0.0006112308 0.01135466 0.01089623 0.005 -0.0009625413 0.01143643 0.009048152 -0.01065814 0.01714758 0.01267689 -0.01575944 0.02577626 0.01581559 -0.01579498 0.03447086 0.01840317 -0.01185421 0.040666 0.02038924 -0.006171169 0.04285617 0.02173517 -0.001365256 0.04102407 0.02241474 0.03427945 0.03539708 -0.006422314 0.02882737 0.02235651 -0.001684405 0.01849043 0.01355011 0.00284299 0.006032831 0.01061776 0.007071752 -0.005407797 0.01355831 0.01091957 -0.01322374 0.02079909 0.01431156 -0.01606232 0.02972641 0.01718168 -0.0141578 0.03751196 0.01947409 -0.009175135 0.04198118 0.02114416 -0.003619902 0.04225937 0.02215938 0.03264478 0.02963926 -0.004032733 0.02485924 0.01814062 0.0006112308 0.01328742 0.01175675 0.005 0.0009625413 0.01143643 0.009048152 -0.009107826 0.01645734 0.01267689 -0.01479861 0.02470915 0.01581559 -0.01544056 0.03338009 0.01840317 -0.01194154 0.03983503 0.02038924 -0.006425129 0.0424163 0.02173517 -0.001503123 0.04092391 0.02241474 0.03444727 0.03779707 -0.006422314 0.02991814 0.02440795 -0.001684405 0.02022068 0.01490193 0.00284299 0.00799798 0.01110773 0.007071752 -0.003619902 0.01324306 0.01091957 -0.01192189 0.01992098 0.01431156 -0.0153763 0.02862855 0.01718168 -0.01401951 0.03652798 0.01947409 -0.009360742 0.0413339 0.02114416 -0.003838447 0.04199892 0.02215938 0.03321824 0.03193925 -0.004032733 0.02625376 0.01992553 0.0006112308 0.01515544 0.01275 0.005 0.002882934 0.01157071 0.009048152 -0.007513144 0.01587692 0.01267689 -0.01376568 0.02371166 0.01581559 -0.01501093 0.0323167 0.01840317 -0.01197071 0.039 0.02038924 -0.006647787 0.04195979 0.02173517 -0.001633667 0.04081437 0.02241474 0.03086315 0.02653048 -0.001684405 0.02185242 0.01637116 0.00284299 0.009924164 0.01173358 0.007071752 -0.001814371 0.01305329 0.01091957 -0.01056197 0.01913583 0.01431156 -0.01461537 0.02758122 0.01718168 -0.01381292 0.03555605 0.01947409 -0.009500743 0.04067524 0.02114416 -0.004038291 0.04172386 0.02215938 0.03362985 0.03427363 -0.004032733 0.02752038 0.02180336 0.0006112308 0.01694963 0.01387113 0.005 0.004789282 0.01183863 0.009048152 -0.005881857 0.01540916 0.01267689 -0.01266569 0.02278866 0.01581559 -0.01450816 0.03128588 0.01840317 -0.01194154 0.03816497 0.02038924 -0.006838058 0.04148885 0.02173517 -0.001756251 0.04069599 0.02241474 0.0316578 0.02871376 -0.001684405 0.0233777 0.01795063 0.00284299 0.011802 0.01249228 0.007071752 1.107299e-16 0.01298993 0.01091957 -0.009150584 0.01844745 0.01431156 -0.01378324 0.02658952 0.01718168 -0.01353903 0.0346009 0.01947409 -0.009594459 0.04000842 0.02114416 -0.004218461 0.04143553 0.02215938 0.03387762 0.03663105 -0.004032733 0.02865292 0.02376497 0.0006112308 0.01866125 0.01511469 0.005 0.006672297 0.01223888 0.009048152 -0.004221916 0.01505633 0.01267689 -0.01150399 0.02194464 0.01581559 -0.01393471 0.03029263 0.01840317 -0.01185421 0.037334 0.02038924 -0.006995014 0.04100579 0.02173517 -0.00187028 0.04056935 0.02241474 0.03229821 0.03094715 -0.001684405 0.02478908 0.01963265 0.00284299 0.01362233 0.01338011 0.007071752 0.001814371 0.01305329 0.01091957 -0.007694621 0.0178592 0.01431156 -0.01288395 0.02565828 0.01718168 -0.01319919 0.03366718 0.01947409 -0.009641431 0.03933669 0.02114416 -0.004378078 0.04113533 0.02215938 0.02964586 0.02580081 0.0006112308 0.02028194 0.01647462 0.005 0.008522805 0.0127695 0.009048152 -0.002541405 0.01482015 0.01267689 -0.01028624 0.02118371 0.01581559 -0.01329337 0.0293418 0.01840317 -0.01170912 0.03651115 0.02038924 -0.007117891 0.04051295 0.02173517 -0.001975196 0.04043506 0.02241474 0.03278127 0.03321978 -0.001684405 0.02607969 0.02140903 0.00284299 0.0153763 0.01439277 0.007071752 0.003619902 0.01324306 0.01091957 -0.006201169 0.01737395 0.01431156 -0.01192189 0.02479204 0.01718168 -0.01279504 0.03275945 0.01947409 -0.009641431 0.03866331 0.02114416 -0.004516367 0.04082473 0.02215938 0.03049437 0.02790096 0.0006112308 0.02180383 0.01794429 0.005 0.01033179 0.01342792 0.009048152 -0.0008485129 0.01470177 0.01267689 -0.009018383 0.02050957 0.01581559 -0.01258726 0.02843803 0.01840317 -0.01150698 0.03570043 0.02038924 -0.007206091 0.04001275 0.02173517 -0.00207049 0.04029379 0.02241474 0.03310463 0.03552057 -0.001684405 0.02724325 0.0232711 0.00284299 0.01705536 0.01552531 0.007071752 0.005407797 0.01355831 0.01091957 -0.004677507 0.01699406 0.01431156 -0.01090176 0.02399502 0.01718168 -0.01232855 0.03188211 0.01947409 -0.009594459 0.03799158 0.02114416 -0.004632652 0.04050524 0.02215938 0.03119432 0.03005517 0.0006112308 0.02321949 0.01951654 0.005 0.01209044 0.01421092 0.009048152 0.0008485129 0.01470177 0.01267689 -0.007706588 0.01992553 0.01581559 -0.01181984 0.02758572 0.01840317 -0.01124878 0.03490578 0.02038924 -0.007259183 0.03950761 0.02173517 -0.002155696 0.0401462 0.02241474 0.0332667 0.0378383 -0.001684405 0.02827408 0.02520981 0.00284299 0.01865133 0.01677221 0.007071752 0.007169347 0.01399752 0.01091957 -0.003131056 0.01672138 0.01431156 -0.009828505 0.0232711 0.01718168 -0.011802 0.03103945 0.01947409 -0.009500743 0.03732476 0.02114416 -0.004726367 0.04017842 0.02215938 0.03174229 0.03225297 0.0006112308 0.02452202 0.02118371 0.005 0.01379019 0.01511469 0.009048152 0.002541405 0.01482015 0.01267689 -0.006357247 0.0194344 0.01581559 -0.01099482 0.02678901 0.01840317 -0.01093578 0.03413108 0.02038924 -0.007276909 0.039 0.02173517 -0.0022304 0.03999304 0.02241474 0.02916716 0.0272157 0.00284299 0.02015643 0.01812741 0.007071752 0.008895967 0.01455853 0.01091957 -0.001569351 0.01655724 0.01431156 -0.008707371 0.02262382 0.01718168 -0.01121795 0.03023558 0.01947409 -0.009360742 0.0366661 0.02114416 -0.004797056 0.03984585 0.02215938 0.03213562 0.03448363 0.0006112308 0.02570509 0.02293768 0.005 0.01542275 0.01613483 0.009048152 0.004221916 0.01505633 0.01267689 -0.004976934 0.01903861 0.01581559 -0.01011624 0.0260518 0.01840317 -0.0105695 0.03338009 0.02038924 -0.007259183 0.03849239 0.02173517 -0.002294238 0.03983503 0.02241474 0.02991814 0.02927901 0.00284299 0.02156332 0.0195843 0.007071752 0.01057925 0.01523862 0.01091957 9.577653e-17 0.01650243 0.01431156 -0.007543816 0.02205631 0.01718168 -0.01057925 0.0294744 0.01947409 -0.009175135 0.03601882 0.02114416 -0.004844374 0.03950916 0.02215938 0.03237238 0.0367363 0.0006112308 0.02676293 0.0247699 0.005 0.01698018 0.01726637 0.009048152 0.005881857 0.01540916 0.01267689 -0.003572374 0.01874006 0.01581559 -0.009188381 0.02537766 0.01840317 -0.01015173 0.03265649 0.02038924 -0.007206091 0.03798725 0.02173517 -0.002346898 0.03967296 0.02241474 0.03052336 0.03138967 0.00284299 0.02286517 0.02113577 0.007071752 0.01221099 0.01603447 0.01091957 0.001569351 0.01655724 0.01431156 -0.006343507 0.02157136 0.01718168 -0.009889006 0.02875964 0.01947409 -0.008944828 0.03538605 0.02114416 -0.004868091 0.03917 0.02215938 0.02769037 0.02667145 0.005 0.01845487 0.01850379 0.009048152 0.007513144 0.01587692 0.01267689 -0.00215041 0.01854021 0.01581559 -0.008215753 0.0247699 0.01840317 -0.009684504 0.0319638 0.02038924 -0.007117891 0.03748705 0.02173517 -0.002388124 0.03950761 0.02241474 0.03097988 0.03353741 0.00284299 0.02405561 0.02277428 0.007071752 0.01378324 0.01694221 0.01091957 0.003131056 0.01672138 0.01431156 -0.005112294 0.02117131 0.01718168 -0.009150584 0.02809476 0.01947409 -0.008670942 0.0347709 0.02114416 -0.004868091 0.03883 0.02215938 0.02848292 0.02863307 0.005 0.01983966 0.01984106 0.009048152 0.009107826 0.01645734 0.01267689 -0.0007179694 0.01844005 0.01581559 -0.007203097 0.02423146 0.01840317 -0.009170092 0.03130538 0.02038924 -0.006995014 0.03699421 0.02173517 -0.002417716 0.03933979 0.02241474 0.03128546 0.03571177 0.00284299 0.02512887 0.02449184 0.007071752 0.01528833 0.01795741 0.01091957 0.004677507 0.01699406 0.01431156 -0.003856174 0.02085813 0.01718168 -0.008367583 0.02748301 0.01947409 -0.008354814 0.03417635 0.02114416 -0.004844374 0.03849084 0.02215938 0.0291367 0.03064519 0.005 0.02112779 0.02127168 0.009048152 0.01065814 0.01714758 0.01267689 0.0007179694 0.01844005 0.01581559 -0.00615535 0.02376497 0.01840317 -0.008611005 0.03068445 0.02038924 -0.006838058 0.03651115 0.02173517 -0.002435529 0.03917031 0.02241474 0.03143863 0.03790214 0.00284299 0.02607969 0.02628008 0.007071752 0.01671895 0.01907513 0.01091957 0.006201169 0.01737395 0.01431156 -0.002581268 0.02063333 0.01718168 -0.007543816 0.02692737 0.01947409 -0.00799798 0.03360529 0.02114416 -0.004797056 0.03815415 0.02215938 0.02964852 0.03269801 0.005 0.02231299 0.02278866 0.009048152 0.01215652 0.01794429 0.01267689 0.00215041 0.01854021 0.01581559 -0.005077614 0.02337271 0.01840317 -0.008009965 0.03010403 0.02038924 -0.006647787 0.03604021 0.02173517 -0.002441477 0.039 0.02241474 0.02690346 0.0281303 0.007071752 0.01806811 0.02028992 0.01091957 0.007694621 0.0178592 0.01431156 -0.001293785 0.020498 0.01718168 -0.006683295 0.02643055 0.01947409 -0.007602182 0.03306052 0.02114416 -0.004726367 0.03782158 0.02215938 0.03001591 0.03478154 0.005 0.02338949 0.02438463 0.009048152 0.01359568 0.01884357 0.01267689 0.003572374 0.01874006 0.01581559 -0.003975141 0.02305658 0.01840317 -0.007369902 0.02956696 0.02038924 -0.006425129 0.0355837 0.02173517 -0.002435529 0.03882969 0.02241474 0.02759616 0.03003347 0.007071752 0.01932925 0.02159587 0.01091957 0.009150584 0.01844745 0.01431156 7.895894e-17 0.02045283 0.01718168 -0.005790215 0.02599497 0.01947409 -0.007169347 0.03254469 0.02114416 -0.004632652 0.03749476 0.02215938 0.03023705 0.03688562 0.005 0.02435203 0.0260518 0.009048152 0.0149686 0.01984106 0.01267689 0.004976934 0.01903861 0.01581559 -0.002853301 0.02281813 0.01840317 -0.006693933 0.02907584 0.02038924 -0.006171169 0.03514383 0.02173517 -0.002417716 0.03866021 0.02241474 0.02815441 0.03198032 0.007071752 0.02049621 0.0229866 0.01091957 0.01056197 0.01913583 0.01431156 0.001293785 0.020498 0.01718168 -0.004868924 0.02562274 0.01947409 -0.006701583 0.03206031 0.02114416 -0.004516367 0.03717527 0.02215938 0.02519593 0.02778205 0.009048152 0.0162686 0.02093189 0.01267689 0.006357247 0.0194344 0.01581559 -0.00171756 0.02265851 0.01840317 -0.005985353 0.02863307 0.02038924 -0.005887143 0.03472274 0.02173517 -0.002388124 0.03849239 0.02241474 0.02857549 0.03396137 0.007071752 0.02156332 0.02445535 0.01091957 0.01192189 0.01992098 0.01431156 0.002581268 0.02063333 0.01718168 -0.003923913 0.02531569 0.01947409 -0.006201169 0.03160973 0.02114416 -0.004378078 0.03686467 0.02215938 0.02591708 0.02956696 0.009048152 0.01748934 0.02211074 0.01267689 0.007706588 0.01992553 0.01581559 -0.0005734512 0.0225785 0.01840317 -0.005247612 0.0282408 0.02038924 -0.005574436 0.03432249 0.02173517 -0.002346898 0.03832704 0.02241474 0.02885736 0.03596697 0.007071752 0.02252538 0.02599497 0.01091957 0.01322374 0.02079909 0.01431156 0.003856174 0.02085813 0.01718168 -0.002959786 0.0250753 0.01947409 -0.005670545 0.03119516 0.02114416 -0.004218461 0.03656447 0.02215938 0.02651196 0.03139782 0.009048152 0.01862487 0.02337188 0.01267689 0.009018383 0.02050957 0.01581559 0.0005734512 0.0225785 0.01840317 -0.004484305 0.02790096 0.02038924 -0.005234571 0.03394503 0.02173517 -0.002294238 0.03816497 0.02241474 0.02899864 0.03798735 0.007071752 0.0233777 0.02759794 0.01091957 0.01446116 0.02176586 0.01431156 0.005112294 0.02117131 0.01718168 -0.001981238 0.02490276 0.01947409 -0.005112294 0.03081862 0.02114416 -0.004038291 0.03627614 0.02215938 0.02697768 0.03326572 0.009048152 0.01966966 0.02470915 0.01267689 0.01028624 0.02118371 0.01581559 0.00171756 0.02265851 0.01840317 -0.003699151 0.02761518 0.02038924 -0.004869203 0.0335922 0.02173517 -0.0022304 0.03800696 0.02241474 0.02411612 0.02925646 0.01091957 0.01562812 0.0228166 0.01431156 0.006343507 0.02157136 0.01718168 -0.000993038 0.02479889 0.01947409 -0.004529137 0.03048193 0.02114416 -0.003838447 0.03600108 0.02215938 0.02731197 0.03516155 0.009048152 0.02061863 0.02611605 0.01267689 0.01150399 0.02194464 0.01581559 0.002853301 0.02281813 0.01840317 -0.002895976 0.02738488 0.02038924 -0.004480113 0.03326572 0.02173517 -0.002155696 0.0378538 0.02241474 0.02473705 0.03096245 0.01091957 0.01671895 0.02394619 0.01431156 0.007543816 0.02205631 0.01718168 6.06045e-17 0.02476422 0.01947409 -0.003923913 0.03018675 0.02114416 -0.003619902 0.03574063 0.02215938 0.02751319 0.03707609 0.009048152 0.02146714 0.02758572 0.01267689 0.01266569 0.02278866 0.01581559 0.003975141 0.02305658 0.01840317 -0.002078691 0.02721116 0.02038924 -0.004069196 0.03296717 0.02173517 -0.00207049 0.03770621 0.02241474 0.02523746 0.0327076 0.01091957 0.01772832 0.02514911 0.01431156 0.008707371 0.02262382 0.01718168 0.000993038 0.02479889 0.01947409 -0.003299573 0.0299345 0.02114416 -0.003383722 0.03549606 0.02215938 0.02221107 0.02911099 0.01267689 0.01376568 0.02371166 0.01581559 0.005077614 0.02337271 0.01840317 -0.001251279 0.02709487 0.02038924 -0.003638455 0.03269801 0.02173517 -0.001975196 0.03756494 0.02241474 0.02561492 0.0344834 0.01091957 0.01865133 0.02641952 0.01431156 0.009828505 0.0232711 0.01718168 0.001981238 0.02490276 0.01947409 -0.002659158 0.02972641 0.02114416 -0.003131056 0.03526855 0.02215938 0.02284679 0.03068445 0.01267689 0.01479861 0.02470915 0.01581559 0.00615535 0.02376497 0.01840317 -0.0004177716 0.02703659 0.02038924 -0.003189987 0.03245956 0.02173517 -0.00187028 0.03743065 0.02241474 0.02586758 0.03628121 0.01091957 0.01948346 0.02775122 0.01431156 0.01090176 0.02399502 0.01718168 0.002959786 0.0250753 0.01947409 -0.002005788 0.02956351 0.02114416 -0.002863136 0.03505923 0.02215938 0.0233712 0.03229842 0.01267689 0.01575944 0.02577626 0.01581559 0.007203097 0.02423146 0.01840317 0.0004177716 0.02703659 0.02038924 -0.002725978 0.03225297 0.02173517 -0.001756251 0.03730401 0.02241474 0.02599422 0.03809226 0.01091957 0.02022068 0.02913772 0.01431156 0.01192189 0.02479204 0.01718168 0.003923913 0.02531569 0.01947409 -0.001342646 0.02944658 0.02114416 -0.002581268 0.03486911 0.02215938 0.02378174 0.03394503 0.01267689 0.01664349 0.0269078 0.01581559 0.008215753 0.0247699 0.01840317 0.001251279 0.02709487 0.02038924 -0.002248689 0.03207925 0.02173517 -0.001633667 0.03718563 0.02241474 0.02085938 0.03057226 0.01431156 0.01288395 0.02565828 0.01718168 0.004868924 0.02562274 0.01947409 -0.0006729621 0.02937619 0.02114416 -0.002286824 0.03469911 0.02215938 0.02407643 0.03561628 0.01267689 0.01744646 0.02809824 0.01581559 0.009188381 0.02537766 0.01840317 0.002078691 0.02721116 0.02038924 -0.001760444 0.03193925 0.02173517 -0.001503123 0.03707609 0.02241474 0.02139646 0.03204787 0.01431156 0.01378324 0.02658952 0.01718168 0.005790215 0.02599497 0.01947409 4.107047e-17 0.02935269 0.02114416 -0.001981238 0.03455007 0.02215938 0.02425382 0.03730401 0.01267689 0.01816442 0.0293418 0.01581559 0.01011624 0.0260518 0.01840317 0.002895976 0.02738488 0.02038924 -0.001263622 0.03183364 0.02173517 -0.001365256 0.03697593 0.02241474 0.02182929 0.03355735 0.01431156 0.01461537 0.02758122 0.01718168 0.006683295 0.02643055 0.01947409 0.0006729621 0.02937619 0.02114416 -0.001666 0.0344227 0.02215938 0.0187939 0.03063242 0.01581559 0.01099482 0.02678901 0.01840317 0.003699151 0.02761518 0.02038924 -0.0007606441 0.03176295 0.02173517 -0.001220738 0.03688562 0.02241474 0.02215578 0.03509334 0.01431156 0.0153763 0.02862855 0.01718168 0.007543816 0.02692737 0.01947409 0.001342646 0.02944658 0.02114416 -0.001342646 0.03431764 0.02215938 0.01933181 0.0319638 0.01581559 0.01181984 0.02758572 0.01840317 0.004484305 0.02790096 0.02038924 -0.0002539605 0.03172752 0.02173517 -0.001070273 0.03680561 0.02241474 0.02237432 0.03664837 0.01431156 0.01606232 0.02972641 0.01718168 0.008367583 0.02748301 0.01947409 0.002005788 0.02956351 0.02114416 -0.00101275 0.03423539 0.02215938 0.01977554 0.03332946 0.01581559 0.01258726 0.02843803 0.01840317 0.005247612 0.0282408 0.02038924 0.0002539605 0.03172752 0.02173517 -0.0009145932 0.0367363 0.02241474 0.02248386 0.03821485 0.01431156 0.01667009 0.03086945 0.01718168 0.009150584 0.02809476 0.01947409 0.002659158 0.02972641 0.02114416 -0.0006779203 0.03417635 0.02215938 0.02012292 0.03472274 0.01581559 0.01329337 0.0293418 0.01840317 0.005985353 0.02863307 0.02038924 0.0007606441 0.03176295 0.02173517 -0.0007544578 0.03667802 0.02241474 0.01719664 0.0320521 0.01718168 0.009889006 0.02875964 0.01947409 0.003299573 0.0299345 0.02114416 -0.0003397879 0.03414081 0.02215938 0.02037227 0.03613686 0.01581559 0.01393471 0.03029263 0.01840317 0.006693933 0.02907584 0.02038924 0.001263622 0.03183364 0.02173517 -0.0005906466 0.03663105 0.02241474 0.01763941 0.03326861 0.01718168 0.01057925 0.0294744 0.01947409 0.003923913 0.03018675 0.02114416 2.073705e-17 0.03412894 0.02215938 0.02052237 0.03756494 0.01581559 0.01450816 0.03128588 0.01840317 0.007369902 0.02956696 0.02038924 0.001760444 0.03193925 0.02173517 -0.000423958 0.03659562 0.02241474 0.01799624 0.03451303 0.01718168 0.01121795 0.03023558 0.01947409 0.004529137 0.03048193 0.02114416 0.0003397879 0.03414081 0.02215938 0.01501093 0.0323167 0.01840317 0.008009965 0.03010403 0.02038924 0.002248689 0.03207925 0.02173517 -0.0002552038 0.0365719 0.02241474 0.0182654 0.03577932 0.01718168 0.011802 0.03103945 0.01947409 0.005112294 0.03081862 0.02114416 0.0006779203 0.03417635 0.02215938 0.01544056 0.03338009 0.01840317 0.008611005 0.03068445 0.02038924 0.002725978 0.03225297 0.02173517 -8.520631e-05 0.03656001 0.02241474 0.01844557 0.03706129 0.01718168 0.01232855 0.03188211 0.01947409 0.005670545 0.03119516 0.02114416 0.00101275 0.03423539 0.02215938 0.01579498 0.03447086 0.01840317 0.009170092 0.03130538 0.02038924 0.003189987 0.03245956 0.02173517 8.520631e-05 0.03656001 0.02241474 0.01853588 0.03835271 0.01718168 0.01279504 0.03275945 0.01947409 0.006201169 0.03160973 0.02114416 0.001342646 0.03431764 0.02215938 0.01607244 0.0355837 0.01840317 0.009684504 0.0319638 0.02038924 0.003638455 0.03269801 0.02173517 0.0002552038 0.0365719 0.02241474 0.01319919 0.03366718 0.01947409 0.006701583 0.03206031 0.02114416 0.001666 0.0344227 0.02215938 0.0162716 0.03671318 0.01840317 0.01015173 0.03265649 0.02038924 0.004069196 0.03296717 0.02173517 0.000423958 0.03659562 0.02241474 0.01353903 0.0346009 0.01947409 0.007169347 0.03254469 0.02114416 0.001981238 0.03455007 0.02215938 0.01639148 0.0378538 0.01840317 0.0105695 0.03338009 0.02038924 0.004480113 0.03326572 0.02173517 0.0005906466 0.03663105 0.02241474 0.01381292 0.03555605 0.01947409 0.007602182 0.03306052 0.02114416 0.002286824 0.03469911 0.02215938 0.01093578 0.03413108 0.02038924 0.004869203 0.0335922 0.02173517 0.0007544578 0.03667802 0.02241474 0.01401951 0.03652798 0.01947409 0.00799798 0.03360529 0.02114416 0.002581268 0.03486911 0.02215938 0.01124878 0.03490578 0.02038924 0.005234571 0.03394503 0.02173517 0.0009145932 0.0367363 0.02241474 0.0141578 0.03751196 0.01947409 0.008354814 0.03417635 0.02114416 0.002863136 0.03505923 0.02215938 0.01150698 0.03570043 0.02038924 0.005574436 0.03432249 0.02173517 0.001070273 0.03680561 0.02241474 0.01422711 0.03850318 0.01947409 0.008670942 0.0347709 0.02114416 0.003131056 0.03526855 0.02215938 0.01170912 0.03651115 0.02038924 0.005887143 0.03472274 0.02173517 0.001220738 0.03688562 0.02241474 0.008944828 0.03538605 0.02114416 0.003383722 0.03549606 0.02215938 0.01185421 0.037334 0.02038924 0.006171169 0.03514383 0.02173517 0.001365256 0.03697593 0.02241474 0.009175135 0.03601882 0.02114416 0.003619902 0.03574063 0.02215938 0.01194154 0.03816497 0.02038924 0.006425129 0.0355837 0.02173517 0.001503123 0.03707609 0.02241474 0.009360742 0.0366661 0.02114416 0.003838447 0.03600108 0.02215938 0.006647787 0.03604021 0.02173517 0.001633667 0.03718563 0.02241474 0.009500743 0.03732476 0.02114416 0.004038291 0.03627614 0.02215938 0.006838058 0.03651115 0.02173517 0.001756251 0.03730401 0.02241474 0.009594459 0.03799158 0.02114416 0.004218461 0.03656447 0.02215938 0.006995014 0.03699421 0.02173517 0.00187028 0.03743065 0.02241474 0.009641431 0.03866331 0.02114416 0.004378078 0.03686467 0.02215938 0.007117891 0.03748705 0.02173517 0.001975196 0.03756494 0.02241474 0.004516367 0.03717527 0.02215938 0.007206091 0.03798725 0.02173517 0.00207049 0.03770621 0.02241474 0.004632652 0.03749476 0.02215938 0.007259183 0.03849239 0.02173517 0.002155696 0.0378538 0.02241474 0.004726367 0.03782158 0.02215938 0.0022304 0.03800696 0.02241474 0.004797056 0.03815415 0.02215938 0.002294238 0.03816497 0.02241474 0.004844374 0.03849084 0.02215938 0.002346898 0.03832704 0.02241474 0.004868091 0.03883 0.02215938 0.002388124 0.03849239 0.02241474 0.002417716 0.03866021 0.02241474 0.002435529 0.03882969 0.02241474</float_array>
          <technique_common>
            <accessor count="4002" source="#cubeverts-array0-array" stride="3">
              <param type="float" name="X"/>
              <param type="float" name="Y"/>
              <param type="float" name="Z"/>
            </accessor>
          </technique_common>
        </source>
        <source id="cubenormals-array0">
          <float_array count="24000" id="cubenormals-array0-array">0.0741877 -0.1203745 -0.9899526 0.0248141 0.09633274 -0.9950399 0.05942572 0.00415541 -0.9982241 0.08503223 0.005945974 -0.9963605 0.034581 0.004860046 -0.9993901 0.03415772 0.007260548 -0.9993901 0.124328 -0.01614779 -0.9921098 0.1735295 0.03676735 -0.9841421 0.03356813 0.009625294 -0.9993901 0.1034487 0.01453883 -0.9945285 0.1173941 0.01233853 -0.9930087 0.0964212 0.05396968 -0.9938763 0.03281481 0.01194376 -0.9993901 0.103065 0.0181733 -0.9945086 0.1021824 0.02171986 -0.9945285 0.03190184 0.01420344 -0.9993901 0.2224596 -0.0235157 -0.9746583 0.1004186 0.02879385 -0.9945285 0.1015463 0.02531804 -0.9945086 0.03083318 0.01639451 -0.9993901 0.172491 0.01812935 -0.9848442 0.2294816 0.01604699 -0.9731807 0.1956975 0.01368457 -0.9805688 0.1715167 0.02368613 -0.9848964 0.09953276 0.03234037 -0.9945086 0.09816515 0.03572965 -0.9945285 0.02961464 0.01850509 -0.9993901 0.1708061 0.03011791 -0.9848443 0.1722665 0.02421033 -0.9847529 0.09703448 0.03920427 -0.9945086 0.09543402 0.04248948 -0.9945285 0.02825158 0.02052592 -0.9993901 0.1682892 0.04195872 -0.9848443 0.1701579 0.03616814 -0.9847528 0.09406321 0.04587793 -0.9945086 0.09223708 0.04904401 -0.9945285 0.2708352 -0.006061992 -0.9626067 0.02675083 0.02244677 -0.9993901 0.1672205 0.04794981 -0.9847529 0.1649522 0.05359659 -0.9848443 0.09063391 0.05232744 -0.9945086 0.08859189 0.05535774 -0.9945286 0.2502242 0.02629967 -0.9678307 0.2391452 0.03360946 -0.9704019 0.2389145 0.03455195 -0.9704257 0.02512003 0.02425798 -0.9993901 0.1634684 0.05949751 -0.9847528 0.1608118 0.06497186 -0.9848443 0.08676291 0.0585224 -0.9945086 0.08451428 0.06140315 -0.9945285 0.2388027 0.04210725 -0.9701548 0.2362182 0.05020974 -0.970402 0.02336667 0.02595117 -0.9993901 0.1589198 0.07075577 -0.9847528 0.1558877 0.0760319 -0.9848443 0.318483 0.005558826 -0.9479123 0.3653331 0.00637655 -0.9308551 0.08002487 0.06714926 -0.9945285 0.08246946 0.06443183 -0.9945086 0.2352837 0.05866295 -0.9701548 0.2321403 0.06656539 -0.9704019 0.02149931 0.02751807 -0.9993901 0.153597 0.081669 -0.9847528 0.1502045 0.08672047 -0.9848442 0.3146616 0.02200337 -0.9489489 0.3695356 0.02584055 -0.9288572 0.3062634 0.03373221 -0.9513489 0.3066237 0.03222754 -0.9512851 0.07514635 0.07256751 -0.9945285 0.07777345 0.07002828 -0.9945086 0.2306185 0.07493236 -0.9701547 0.2269315 0.08259617 -0.9704019 0.01952715 0.02895093 -0.9993901 0.1437892 0.09698708 -0.9848443 0.1475259 0.09218456 -0.9847528 0.3036289 0.05353783 -0.9512851 0.3068819 0.04312952 -0.9507698 0.07269993 0.0752821 -0.9945086 0.06990113 0.07763264 -0.9945285 0.220617 0.09822517 -0.9704019 0.2248297 0.09083708 -0.9701548 0.01746083 0.03024211 -0.9993901 0.1366737 0.1067806 -0.9848443 0.1407363 0.1022504 -0.9847528 0.2991545 0.07458778 -0.951285 0.3031259 0.06443125 -0.9507698 0.06431504 0.08232001 -0.9945286 0.06727084 0.08017048 -0.9945086 0.2179456 0.1062989 -0.9701548 0.2132278 0.1133752 -0.9704019 0.4112845 0.003845297 -0.9114989 0.3731335 0.0315231 -0.927242 0.01530816 0.0313867 -0.9993901 0.1288913 0.1160554 -0.9848443 0.1332603 0.1118193 -0.9847528 0.2932229 0.09527368 -0.9512851 0.2978929 0.08541957 -0.9507699 0.0584153 0.08660638 -0.9945285 0.06151474 0.08466761 -0.9945086 0.2047997 0.1279733 -0.970402 0.2099993 0.1212437 -0.9701548 0.373784 0.03928649 -0.9266834 0.3699365 0.05199122 -0.9276012 0.4466841 0.04694863 -0.8934591 0.0130818 0.03237794 -0.9993901 0.1251359 0.1208423 -0.9847528 0.120483 0.1247624 -0.9848443 0.2912088 0.1059909 -0.9507699 0.2858625 0.1154959 -0.9512851 0.05545826 0.08875267 -0.9945086 0.05223388 0.09046894 -0.9945285 0.2010306 0.1355968 -0.9701548 0.1953744 0.141947 -0.9704019 0.370133 0.06526423 -0.9266834 0.3654086 0.07766984 -0.9276012 0.0107907 0.03321183 -0.9993901 0.1164018 0.1292769 -0.9847528 0.1114856 0.1328637 -0.9848443 0.2831056 0.1260471 -0.9507699 0.2771099 0.1351551 -0.9512851 0.4562061 -0.004175528 -0.8898643 0.04913268 0.09240486 -0.9945086 0.04579432 0.09389304 -0.9945285 0.1849959 0.1552308 -0.9704019 0.1910822 0.1492898 -0.9701548 0.3646787 0.09092475 -0.9266834 0.3591005 0.1029706 -0.9276012 0.008447908 0.03388362 -0.9993901 0.1019464 0.1403167 -0.9848443 0.1070998 0.1370821 -0.9847528 0.2670064 0.1541569 -0.951285 0.2736236 0.1454884 -0.9507698 0.4340298 0.03852537 -0.9000744 0.5119619 0.03579983 -0.8582618 0.4430124 0.03097841 -0.8959801 0.04256656 0.09560736 -0.9945086 0.03913406 0.09685844 -0.9945285 0.1737173 0.1677567 -0.970402 0.180203 0.1622548 -0.9701548 0.3510431 0.1277687 -0.9276011 0.3574478 0.1161418 -0.9266834 0.006064456 0.03439024 -0.9993901 0.0919091 0.1470868 -0.9848443 0.09727724 0.1442187 -0.9847528 0.255603 0.1724063 -0.9512851 0.2628081 0.1642211 -0.9507698 0.4303383 0.07588004 -0.8994727 0.4357092 0.06123502 -0.8980021 0.03579472 0.09834342 -0.9945086 0.03228028 0.09935287 -0.9945286 0.1684451 0.1744305 -0.9701548 0.1615923 0.1794659 -0.9704019 0.3412749 0.1519459 -0.9276012 0.3484756 0.1407932 -0.9266833 0.003649788 0.03472959 -0.9993901 0.08142582 0.1531393 -0.9848443 0.08697946 0.1506533 -0.9847528 0.2507131 0.1821526 -0.9507699 0.2429536 0.1898162 -0.9512851 0.4239969 0.1057145 -0.8994727 0.4303764 0.09147966 -0.898002 0.0252718 0.1013623 -0.9945285 0.02884691 0.1006008 -0.9945086 0.1558672 0.1857558 -0.9701548 0.1486791 0.1903014 -0.970402 0.3298445 0.1753815 -0.9276013 0.3378054 0.1647587 -0.9266834 0.4998369 0.02552384 -0.8657434 0.5424963 0.01356412 -0.8399487 0.4965687 0.03135522 -0.8674309 0.001218679 0.03489959 -0.9993901 0.07054402 0.1584464 -0.9848443 0.07625936 0.1563533 -0.9847528 0.237395 0.1991989 -0.9507698 0.2291215 0.206301 -0.951285 0.4229468 0.1212778 -0.898002 0.4155897 0.1350333 -0.8994727 0.02175933 0.1023678 -0.9945086 0.01814172 0.1028779 -0.9945285 0.1350429 0.2002083 -0.9704019 0.1425307 0.1961752 -0.9701548 0.3168068 0.1979633 -0.9276012 0.3254894 0.1879215 -0.9266834 0.5767445 0.06061862 -0.8146724 0.499259 0.05247451 -0.8648624 0.493382 0.06934041 -0.8670444 -0.001218679 0.03489959 -0.9993901 0.06516592 0.1612923 -0.9847528 0.05932119 0.1629808 -0.9848443 0.2229221 0.2152731 -0.9507698 0.2141717 0.221782 -0.951285 0.405158 0.1636944 -0.8994727 0.4134565 0.1504861 -0.8980021 0.01091821 0.1038931 -0.9945285 0.01456496 0.1036365 -0.9945086 0.1207475 0.2091414 -0.9704019 0.1284977 0.2056407 -0.9701548 0.3115878 0.2101684 -0.9266834 0.3022267 0.2195792 -0.9276012 0.4873431 0.1035884 -0.8670446 0.4943824 0.08717286 -0.8648624 -0.003649788 0.03472959 -0.9993901 0.04780695 0.1667222 -0.9848443 0.05375627 0.1654452 -0.9847528 0.1981792 0.2361813 -0.9512851 0.2073625 0.2302986 -0.95077 0.3927522 0.1915581 -0.8994727 0.4019521 0.1789603 -0.898002 0.583738 -0.004354447 -0.8119305 0.007300089 0.1044 -0.9945086 0.003645695 0.1044016 -0.9945285 0.1058653 0.2170542 -0.9704019 0.1138412 0.2141026 -0.9701548 0.2961683 0.2313922 -0.9266834 0.2861723 0.2401282 -0.9276011 0.487097 0.1214473 -0.8648624 0.4789302 0.1373308 -0.8670444 -0.006064456 0.03439024 -0.9993901 0.03606108 0.169651 -0.9848443 0.04208396 0.1687923 -0.9847528 0.190792 0.2442026 -0.9507699 0.1812225 0.2494294 -0.9512851 0.378433 0.2184885 -0.8994727 0.3884891 0.2065635 -0.898002 0.5521746 0.04245775 -0.8326467 0.6218746 0.04348582 -0.7819085 0.5586283 0.03906319 -0.8284978 -0.003645695 0.1044016 -0.9945285 0 0.1046549 -0.9945086 0.09862781 0.2215228 -0.9701547 0.09046532 0.2239109 -0.9704019 0.2793053 0.2514884 -0.9266834 0.2687256 0.2595049 -0.9276012 0.4681838 0.1704052 -0.8670444 0.4774391 0.1551294 -0.8648623 -0.008447907 0.03388361 -0.9993901 0.0302078 0.1713168 -0.9847528 0.02413808 0.1717534 -0.9848443 0.1732923 0.2569174 -0.9507698 0.1633801 0.2614646 -0.951285 0.3622704 0.2443542 -0.8994727 0.3731338 0.2331598 -0.8980021 0.5485926 0.09673157 -0.8304753 0.5561138 0.07815691 -0.827423 -0.007300088 0.1044 -0.9945086 -0.01091821 0.1038931 -0.9945285 0.0746261 0.2296761 -0.9704019 0.08293463 0.2278632 -0.9701547 0.2610825 0.2703589 -0.9266834 0.2499692 0.2776179 -0.9276011 0.4654548 0.1880553 -0.8648625 0.4551564 0.2026483 -0.8670446 -0.0107907 0.03321183 -0.9993901 0.01818398 0.1730066 -0.9847528 0.01209828 0.1730187 -0.9848443 0.1549486 0.2683796 -0.9507698 0.144745 0.2722237 -0.9512849 0.3559605 0.2586203 -0.8980021 0.3443424 0.2690299 -0.8994727 0.5493073 0.1167586 -0.827423 0.5405082 0.1347643 -0.8304754 -0.01456496 0.1036365 -0.9945086 -0.01814172 0.1028779 -0.9945285 0.06683887 0.2330931 -0.9701548 0.05842213 0.2343222 -0.9704019 0.2415875 0.2879125 -0.9266832 0.2299941 0.2943791 -0.927601 0.4399116 0.2339053 -0.8670444 0.4512025 0.2200666 -0.8648624 0.623343 0.02176722 -0.7816455 0.6615092 0.02309998 -0.7495813 0.6109809 0.03837122 -0.7907148 -0.0130818 0.03237794 -0.9993901 0 0.1734411 -0.9848443 0.006071341 0.1738535 -0.9847528 0.1358509 0.2785344 -0.9507698 0.1254016 0.281658 -0.9512851 0.3370529 0.2828208 -0.898002 0.3247366 0.292395 -0.8994728 0.5398244 0.1547918 -0.8274233 0.5297908 0.1721395 -0.8304756 -0.02175933 0.1023678 -0.9945086 -0.0252718 0.1013623 -0.9945285 0.05041618 0.2371874 -0.9701548 0.04193525 0.2378263 -0.970402 0.2088984 0.3097058 -0.9276011 0.2209153 0.3040635 -0.9266833 0.4225235 0.2640219 -0.8670446 0.4347527 0.251004 -0.8648624 0.6072122 0.0853384 -0.7899435 0.6150038 0.06463975 -0.7858702 -0.01530816 0.0313867 -0.9993901 -0.006071341 0.1738535 -0.9847528 -0.01209828 0.1730187 -0.9848443 0.1054482 0.2897195 -0.9512851 0.1160897 0.2873324 -0.9507699 0.3035495 0.3143348 -0.8994729 0.3165028 0.3056436 -0.8980021 0.5277113 0.1920715 -0.8274233 0.516493 0.208676 -0.8304754 -0.03228028 0.09935287 -0.9945286 -0.02884691 0.1006008 -0.9945086 0.02524351 0.2401722 -0.970402 0.0337477 0.2401265 -0.9701548 0.1991664 0.318733 -0.9266833 0.1867856 0.3235232 -0.9276012 0.416184 0.28072 -0.8648625 0.4030772 0.2928526 -0.8670445 0.6089966 0.1073825 -0.7858703 0.5997803 0.1274869 -0.7899435 -0.01746083 0.03024211 -0.9993901 -0.02413808 0.1717534 -0.9848443 -0.01818398 0.1730065 -0.9847528 0.09576389 0.2947301 -0.95077 0.08498304 0.2963688 -0.9512851 0.2944112 0.3269774 -0.8980021 0.2808835 0.3347436 -0.8994728 0.513028 0.2284151 -0.8274229 0.5006779 0.2441974 -0.8304753 0.6982362 -0.0001197903 -0.7158676 -0.03579472 0.09834342 -0.9945086 -0.03913406 0.09685844 -0.9945285 0.00842845 0.2413483 -0.970402 0.01691439 0.2418958 -0.9701548 0.1764477 0.3318494 -0.9266834 0.1637638 0.3357641 -0.9276012 0.3955885 0.3090676 -0.8648624 0.381667 0.3202564 -0.8670445 0.6000226 0.1496027 -0.7858701 0.5894265 0.1690149 -0.7899433 -0.01952715 0.02895093 -0.9993901 -0.0302078 0.1713168 -0.9847528 -0.03606108 0.169651 -0.9848443 0.07497131 0.3006923 -0.9507699 0.06410231 0.3015751 -0.9512851 0.2568488 0.3535216 -0.8994727 0.2708858 0.3467177 -0.8980021 0.4824242 0.2785271 -0.8304755 0.4958451 0.2636448 -0.8274232 0.6626978 0.06965259 -0.7456408 0.6726015 0.0406023 -0.7388902 0.7259757 0.05076567 -0.6858442 0.6557521 0.04585511 -0.7535825 -0.04256656 0.09560736 -0.9945086 -0.04579432 0.09389304 -0.9945285 0 0.2424866 -0.9701548 -0.00842845 0.2413483 -0.970402 0.1528693 0.3433495 -0.9266834 0.1399424 0.34637 -0.9276012 0.3730653 0.3359099 -0.8648623 0.358397 0.3461005 -0.8670444 0.5762004 0.2097202 -0.7899433 0.5881255 0.1910935 -0.78587 -0.02149931 0.02751807 -0.9993901 -0.04208396 0.1687923 -0.9847528 -0.04780695 0.1667222 -0.9848443 0.05381237 0.30519 -0.9507698 0.04290906 0.3053125 -0.951285 0.2315622 0.3705773 -0.8994729 0.2460405 0.3647688 -0.8980021 0.4618197 0.3115017 -0.8304754 0.4762459 0.2975918 -0.827423 0.6656121 0.09354524 -0.7404119 0.6562245 0.11571 -0.7456411 -0.04913268 0.09240485 -0.9945086 -0.05223388 0.09046894 -0.9945285 -0.02524351 0.2401722 -0.970402 -0.01691439 0.2418958 -0.9701548 0.1285451 0.3531772 -0.9266834 0.1154405 0.3552884 -0.9276011 0.3487251 0.3611147 -0.8648624 0.3333809 0.3702577 -0.8670447 0.5733626 0.2316536 -0.7858701 0.5601674 0.2494029 -0.7899435 -0.02336667 0.02595117 -0.9993901 -0.05375627 0.1654452 -0.9847528 -0.05932119 0.1629808 -0.9848443 0.03239297 0.3082005 -0.9507698 0.02150605 0.307562 -0.951285 0.2051485 0.3858277 -0.8994726 0.2199947 0.381044 -0.8980021 0.4389655 0.3429575 -0.8304754 0.4543271 0.3300877 -0.8274231 0.6574652 0.139749 -0.7404119 0.6465545 0.1612044 -0.7456409 -0.05545826 0.08875267 -0.9945086 -0.0584153 0.08660638 -0.9945285 -0.04193525 0.2378263 -0.970402 -0.0337477 0.2401265 -0.9701548 0.1035972 0.3612833 -0.9266832 0.09037563 0.3624754 -0.9276012 0.3067417 0.3926111 -0.8670445 0.3226844 0.3845615 -0.8648625 0.5414061 0.2878699 -0.7899432 0.5558064 0.2710853 -0.7858702 0.7328787 0.02175612 -0.6800114 0.76564 0.03248876 -0.6424483 -0.02512003 0.02425798 -0.9993901 -0.06516592 0.1612923 -0.9847528 -0.07054402 0.1584464 -0.9848443 0 0.3083129 -0.951285 0.0108151 0.3097092 -0.9507698 0.1928797 0.3954615 -0.898002 0.1777349 0.3991983 -0.8994727 0.4301942 0.3609763 -0.8274231 0.4139726 0.372743 -0.8304754 0.6337348 0.2059128 -0.7456408 0.6461153 0.185271 -0.7404118 -0.06431504 0.08232001 -0.9945286 -0.06151474 0.0846676 -0.9945086 -0.05842213 0.2343222 -0.9704019 -0.05041618 0.2371874 -0.9701548 0.07814171 0.3676302 -0.9266833 0.06486914 0.367897 -0.9276011 0.2950739 0.4061334 -0.8648624 0.2786077 0.4130515 -0.8670445 0.5200059 0.3249362 -0.7899432 0.5355432 0.3091958 -0.7858698 0.7272869 0.05164054 -0.6843881 0.6836998 0.07185992 -0.7262167 0.7093449 0.09969147 -0.697776 -0.02675083 0.02244677 -0.9993901 -0.07625936 0.1563533 -0.9847528 -0.08142582 0.1531393 -0.9848443 -0.02150605 0.307562 -0.951285 -0.0108151 0.3097092 -0.9507698 0.149454 0.4106243 -0.8994727 0.1648239 0.4079529 -0.898002 0.4039662 0.3901055 -0.8274232 0.3869636 0.4007116 -0.8304754 0.6178269 0.2496183 -0.7456411 0.6316179 0.2298893 -0.7404119 -0.06990113 0.07763264 -0.9945285 -0.06727084 0.08017048 -0.9945086 -0.06683887 0.2330931 -0.9701548 -0.0746261 0.2296761 -0.9704019 0.05230794 0.372185 -0.9266834 0.03904868 0.3715253 -0.9276013 0.2660243 0.4257278 -0.8648624 0.2491143 0.4314809 -0.8670446 0.4960732 0.360418 -0.7899433 0.51267 0.3458002 -0.78587 0.7006627 0.1489309 -0.6977761 0.7116095 0.125476 -0.6912796 -0.02825158 0.02052592 -0.9993901 -0.0919091 0.1470868 -0.9848443 -0.08697946 0.1506533 -0.9847528 -0.04290906 0.3053125 -0.951285 -0.03239297 0.3082005 -0.9507698 0.1359646 0.4184564 -0.8980021 0.1204481 0.4200489 -0.8994727 0.3757699 0.4173345 -0.827423 0.3580675 0.4267295 -0.8304756 0.598909 0.2921079 -0.7456412 0.6140426 0.2733891 -0.7404121 0.7971145 0.006679461 -0.6037912 -0.07269993 0.0752821 -0.9945086 -0.07514635 0.07256751 -0.9945285 -0.08293463 0.2278632 -0.9701547 -0.09046532 0.2239109 -0.9704019 0.01303731 0.3733441 -0.9276013 0.02621745 0.374927 -0.9266835 0.2356786 0.4432475 -0.8648626 0.2184101 0.4478066 -0.8670446 0.4872998 0.3807192 -0.7858701 0.4697225 0.3941445 -0.7899436 0.7011231 0.1748097 -0.6912799 0.6885669 0.1974438 -0.6977762 -0.02961463 0.01850509 -0.9993901 -0.09727725 0.1442187 -0.9847528 -0.1019464 0.1403167 -0.9848443 -0.05381237 0.30519 -0.9507698 -0.06410231 0.3015751 -0.9512851 0.106444 0.4269217 -0.898002 0.09085198 0.4274279 -0.8994728 0.3457423 0.4425301 -0.8274233 0.3274293 0.4506667 -0.8304754 0.5934758 0.3155571 -0.7404123 0.5770742 0.3331737 -0.7456412 0.7710293 0.04294875 -0.6353498 0.7586755 0.07974019 -0.6465703 0.8161902 0.0570735 -0.5749575 0.7155721 0.0500376 -0.6967444 -0.08002487 0.06714926 -0.9945285 -0.07777345 0.07002828 -0.9945086 -0.09862781 0.2215228 -0.9701547 -0.1058653 0.2170542 -0.9704019 -0.01303731 0.3733441 -0.9276013 0 0.3758424 -0.9266835 0.1866408 0.4619514 -0.8670446 0.2041853 0.458608 -0.8648625 0.4410845 0.4259502 -0.7899436 0.4595541 0.4137847 -0.7858704 0.673117 0.2449937 -0.697776 0.687221 0.2232917 -0.69128 -0.03083318 0.01639451 -0.9993901 -0.1114856 0.1328637 -0.9848443 -0.1070998 0.1370821 -0.9847528 -0.08498304 0.2963688 -0.9512851 -0.07497131 0.3006923 -0.9507699 0.07640371 0.4333066 -0.8980021 0.0608163 0.4327241 -0.8994727 0.2951943 0.4724096 -0.8304754 0.3140312 0.46557 -0.8274232 0.5700181 0.3561875 -0.7404119 0.5524276 0.3726171 -0.7456408 0.7619467 0.1070845 -0.6387253 0.7512648 0.1324683 -0.6465704 -0.08451428 0.06140315 -0.9945285 -0.08246946 0.06443183 -0.9945086 -0.1207475 0.2091414 -0.9704019 -0.1138412 0.2141026 -0.9701548 -0.02621745 0.374927 -0.9266835 -0.03904868 0.3715253 -0.9276013 0.1539616 0.4738453 -0.8670447 0.1716977 0.4717339 -0.8648624 0.4102977 0.4556815 -0.7899431 0.4295702 0.4448344 -0.7858701 0.6699713 0.270686 -0.6912796 0.6543875 0.2913518 -0.6977758 -0.03190184 0.01420344 -0.9993901 -0.120483 0.1247624 -0.9848443 -0.1164018 0.1292769 -0.9847528 -0.09576389 0.2947301 -0.95077 -0.1054482 0.2897195 -0.9512851 0.03048199 0.4359125 -0.8994727 0.04599182 0.437581 -0.8980021 0.2807892 0.4863418 -0.8274232 0.2615213 0.4918508 -0.8304754 0.543784 0.3950813 -0.740412 0.52509 0.410244 -0.745641 0.7526208 0.1599747 -0.6387254 0.7401943 0.1845513 -0.6465704 -0.08859189 0.05535774 -0.9945286 -0.08676291 0.0585224 -0.9945086 -0.1284977 0.2056407 -0.9701548 -0.1350429 0.2002083 -0.9704019 -0.06486914 0.367897 -0.9276011 -0.05230794 0.372185 -0.9266834 0.1205334 0.4834312 -0.8670444 0.1383716 0.4825622 -0.8648624 0.3775112 0.4831924 -0.7899433 0.3974951 0.4737152 -0.78587 0.6324695 0.3362904 -0.697776 0.6494573 0.3167614 -0.6912796 0.8260071 0.02368687 -0.5631617 -0.03281481 0.01194377 -0.9993901 -0.1251359 0.1208423 -0.9847528 -0.1288913 0.1160554 -0.9848443 -0.1160897 0.2873324 -0.9507699 -0.1254016 0.281658 -0.9512851 0.01535451 0.4397235 -0.898002 0 0.4369773 -0.8994725 0.2461802 0.5047437 -0.8274232 0.2265746 0.5088952 -0.8304755 0.4951933 0.4458743 -0.7456405 0.5148993 0.4320527 -0.7404115 0.7255176 0.2357351 -0.6465703 0.7396281 0.2120851 -0.6387253 -0.09063391 0.05232744 -0.9945086 -0.09223708 0.04904401 -0.9945285 -0.1425307 0.1961752 -0.9701548 -0.1486791 0.1903014 -0.970402 -0.09037563 0.3624754 -0.9276012 -0.0781417 0.3676301 -0.9266833 0.08651702 0.4906617 -0.8670444 0.1043737 0.4910392 -0.8648623 0.3634817 0.5002891 -0.7858701 0.3428859 0.5083489 -0.7899434 0.6257788 0.3612937 -0.6912797 0.60747 0.3795901 -0.6977761 0.8172267 0.05803767 -0.5733865 0.7551149 0.07936561 -0.6507709 0.7979064 0.1121383 -0.5922588 -0.03356813 0.009625295 -0.9993901 -0.1366737 0.1067806 -0.9848443 -0.1332603 0.1118193 -0.9847528 -0.1358509 0.2785344 -0.9507698 -0.144745 0.2722237 -0.9512849 -0.03048199 0.4359125 -0.8994727 -0.01535452 0.4397235 -0.8980019 0.1905248 0.5234607 -0.8304752 0.2103706 0.5206872 -0.8274232 0.4835071 0.4669172 -0.7404115 0.4628835 0.4793315 -0.7456408 0.7230322 0.263162 -0.6387254 0.7073063 0.2857702 -0.6465705 -0.09406321 0.04587793 -0.9945086 -0.09543402 0.04248948 -0.9945285 -0.1615923 0.1794659 -0.9704019 -0.1558672 0.1857558 -0.9701548 -0.1035972 0.3612833 -0.9266834 -0.1154405 0.3552884 -0.9276011 0.06986695 0.4971235 -0.8648623 0.05207952 0.4955013 -0.8670445 0.3276971 0.5244263 -0.78587 0.3065897 0.5310297 -0.7899432 0.5795123 0.4210395 -0.6977758 0.5990516 0.4040659 -0.6912799 0.8001158 0.1410826 -0.5830185 0.7881405 0.1675246 -0.5922585 -0.03415772 0.007260548 -0.9993901 -0.1437892 0.09698708 -0.9848443 -0.1407363 0.1022504 -0.9847528 -0.1633801 0.2614646 -0.951285 -0.1549486 0.2683796 -0.9507698 -0.04599182 0.437581 -0.8980021 -0.0608163 0.4327241 -0.8994727 0.1735376 0.5340937 -0.8274229 0.1535444 0.5354764 -0.8304753 0.4497583 0.4995073 -0.7404119 0.4283208 0.5104518 -0.7456409 0.7029136 0.3129575 -0.6387253 0.685649 0.3344132 -0.6465702 0.8531964 0.01489144 -0.5213771 0.8781182 0.01532642 -0.4781982 -0.09816515 0.03572965 -0.9945285 -0.09703448 0.03920427 -0.9945086 -0.1737173 0.1677567 -0.970402 -0.1684451 0.1744305 -0.9701548 -0.1399424 0.34637 -0.9276012 -0.1285451 0.3531772 -0.9266834 0.03501854 0.5007861 -0.8648624 0.01738694 0.497927 -0.8670447 0.2903179 0.546007 -0.7858701 0.2688004 0.5511221 -0.7899435 0.5694068 0.444869 -0.6912794 0.5487295 0.4604396 -0.697776 0.7745343 0.2220943 -0.592259 0.7883255 0.1965508 -0.5830187 -0.034581 0.004860046 -0.9993901 -0.1502045 0.08672047 -0.9848442 -0.1475259 0.09218456 -0.9847528 -0.1812225 0.2494294 -0.9512851 -0.1732923 0.2569173 -0.9507698 -0.07640371 0.4333066 -0.8980021 -0.09085198 0.4274279 -0.8994728 0.1158184 0.5448822 -0.8304754 0.1358584 0.5448977 -0.8274232 0.3916698 0.5390866 -0.7456409 0.4138197 0.5296637 -0.7404119 0.6793706 0.3612278 -0.6387252 0.6606512 0.3814273 -0.6465703 0.8541933 0.0429758 -0.5181766 0.8401654 0.08830474 -0.5350929 0.8897018 0.06221459 -0.4522832 0.8376301 0.05857335 -0.5430884 -0.1004186 0.02879385 -0.9945285 -0.09953276 0.03234037 -0.9945086 -0.1849959 0.1552308 -0.9704019 -0.180203 0.1622548 -0.9701548 -0.1528693 0.3433495 -0.9266834 -0.1637638 0.3357641 -0.9276012 -0.01738694 0.497927 -0.8670447 0 0.5020085 -0.8648627 0.2515216 0.5649294 -0.78587 0.2297006 0.5685309 -0.7899431 0.5369868 0.4835052 -0.6912798 0.5152747 0.4975948 -0.697776 0.7726938 0.2510642 -0.5830188 0.7571555 0.2755818 -0.5922586 -0.03483578 0.002435931 -0.9993901 -0.153597 0.081669 -0.9847528 -0.1558877 0.0760319 -0.9848443 -0.190792 0.2442026 -0.9507699 -0.1981792 0.2361813 -0.9512851 -0.106444 0.4269216 -0.898002 -0.1204481 0.4200489 -0.8994727 0.09751701 0.5530474 -0.8274231 0.07752803 0.5516342 -0.8304753 0.3758632 0.5572408 -0.7404118 0.35311 0.5650955 -0.7456409 0.6525177 0.4077384 -0.6387253 0.6324347 0.4265831 -0.6465704 0.8431547 0.1184971 -0.5244508 0.8319584 0.1466973 -0.5350934 -0.1015464 0.02531805 -0.9945086 -0.1021824 0.02171986 -0.9945285 -0.1953744 0.141947 -0.9704019 -0.1910821 0.1492898 -0.9701548 -0.1764477 0.3318494 -0.9266834 -0.1867856 0.3235232 -0.9276012 -0.03501854 0.5007861 -0.8648624 -0.05207952 0.4955013 -0.8670445 0.2115031 0.5810977 -0.7858703 0.1894828 0.5831683 -0.7899436 0.5019511 0.5197859 -0.6912797 0.4793089 0.5323267 -0.697776 0.7532989 0.3043523 -0.5830185 0.7360873 0.3277274 -0.5922587 -0.03492085 0 -0.9993901 -0.1589198 0.07075576 -0.9847528 -0.1608118 0.06497186 -0.9848443 -0.2073625 0.2302985 -0.9507699 -0.2141717 0.221782 -0.951285 -0.1359646 0.4184564 -0.8980021 -0.149454 0.4106243 -0.8994727 0.05870121 0.558503 -0.8274229 0.03885843 0.5556987 -0.8304751 0.3360769 0.5821016 -0.7404121 0.3128321 0.5883498 -0.7456411 0.6011376 0.4696599 -0.6465703 0.6224855 0.4522626 -0.6387255 0.8196993 0.2043731 -0.5350932 0.8328344 0.1770247 -0.5244512 -0.1034487 0.01453883 -0.9945285 -0.103065 0.0181733 -0.9945086 -0.2047997 0.1279733 -0.970402 -0.2010306 0.1355968 -0.9701548 -0.2088984 0.3097058 -0.9276011 -0.1991664 0.318733 -0.9266833 -0.08651702 0.4906617 -0.8670444 -0.06986695 0.4971235 -0.8648623 0.1483417 0.5949655 -0.7899435 0.1704515 0.594436 -0.7858703 0.4644708 0.553533 -0.69128 0.4410087 0.564464 -0.6977764 0.7114331 0.3782756 -0.5922588 0.7302331 0.3561583 -0.5830188 0.9006481 0.02669334 -0.4337287 0.8750737 0.04319131 -0.4820586 -0.03483578 -0.002435931 -0.9993901 -0.1634684 0.05949751 -0.9847528 -0.1649522 0.05359659 -0.9848443 -0.2229221 0.2152731 -0.9507698 -0.2291215 0.206301 -0.951285 -0.1648239 0.4079529 -0.898002 -0.1777349 0.3991983 -0.8994727 0.01959889 0.5612373 -0.8274228 0 0.5570557 -0.8304752 0.271027 0.6087394 -0.7456412 0.2946528 0.6041276 -0.7404119 0.5669113 0.5104495 -0.6465701 0.5894211 0.4945835 -0.6387252 0.8184576 0.2346891 -0.5244505 0.8034458 0.2610562 -0.535093 -0.1040817 0.01093935 -0.9945086 -0.1042109 0.007287075 -0.9945285 -0.2099993 0.1212437 -0.9701548 -0.2132278 0.1133752 -0.9704019 -0.2209152 0.3040634 -0.9266833 -0.2299941 0.2943791 -0.927601 -0.1043737 0.4910392 -0.8648623 -0.1205334 0.4834312 -0.8670444 0.1064774 0.6038642 -0.7899434 0.1285706 0.6048782 -0.7858702 0.4247256 0.5845857 -0.6912797 0.4005586 0.5938532 -0.697776 0.6833128 0.4269813 -0.5922589 0.7036099 0.4062292 -0.5830188 0.8813349 0.09263267 -0.4633228 0.8712441 0.1224448 -0.4753325 0.9512084 0.09997673 -0.2919029 -0.034581 -0.004860046 -0.9993901 -0.1672205 0.04794981 -0.9847528 -0.1682892 0.04195872 -0.9848443 -0.237395 0.1991989 -0.9507698 -0.2429536 0.1898162 -0.9512851 -0.2051485 0.3858277 -0.8994726 -0.1928797 0.3954615 -0.898002 -0.01959889 0.5612373 -0.8274228 -0.03885843 0.5556987 -0.8304751 0.2517925 0.6232097 -0.7404122 0.2279053 0.6261619 -0.745641 0.5534852 0.5344944 -0.6387251 0.5299231 0.5487518 -0.6465702 0.7832783 0.3164647 -0.5350935 0.8000925 0.2912094 -0.5244511 -0.1044653 0 -0.9945285 -0.1045913 0.00365241 -0.9945086 -0.220617 0.09822517 -0.9704019 -0.2179456 0.1062989 -0.9701548 -0.2415875 0.2879125 -0.9266832 -0.2499692 0.2776179 -0.9276011 -0.1539616 0.4738453 -0.8670447 -0.1383716 0.4825622 -0.8648624 0.06409498 0.6098207 -0.7899433 0.08606325 0.6123735 -0.7858702 0.3581585 0.6203479 -0.6977757 0.3829126 0.612789 -0.6912796 0.6735587 0.4543214 -0.5830188 0.6518635 0.4736068 -0.5922589 0.8727268 0.1538851 -0.4633222 0.8605802 0.1829223 -0.4753325 -0.03415772 -0.007260548 -0.9993901 -0.1708061 0.03011791 -0.9848443 -0.1701579 0.03616814 -0.9847528 -0.255603 0.1724063 -0.9512851 -0.2507131 0.1821526 -0.9507699 -0.2315622 0.3705773 -0.8994729 -0.2199947 0.381044 -0.8980021 -0.05870121 0.558503 -0.8274229 -0.07752803 0.5516342 -0.8304753 0.1836701 0.6405349 -0.7456409 0.207707 0.639256 -0.7404118 0.5148525 0.5718014 -0.6387253 0.4903544 0.5843799 -0.6465701 0.7778295 0.3463127 -0.524451 0.7592952 0.3703328 -0.5350929 0.9214305 0.009935871 -0.3884162 -0.1042109 -0.007287075 -0.9945285 -0.1045913 -0.00365241 -0.9945086 -0.2269315 0.08259617 -0.9704019 -0.2248297 0.09083708 -0.9701548 -0.2610825 0.2703589 -0.9266834 -0.2687256 0.2595049 -0.9276012 -0.1716977 0.4717339 -0.8648624 -0.1866408 0.4619514 -0.8670446 0.04313679 0.6168854 -0.78587 0.02139972 0.6128064 -0.7899432 0.3392341 0.6380072 -0.6912793 0.3140126 0.6438211 -0.6977754 0.617238 0.5179248 -0.5922593 0.6402263 0.5001991 -0.583019 0.8457237 0.2425075 -0.475333 0.8598661 0.2143884 -0.4633226 -0.03356813 -0.009625294 -0.9993901 -0.172491 0.01812935 -0.9848442 -0.1722665 0.02421034 -0.9847529 -0.2628081 0.1642211 -0.9507699 -0.2670064 0.1541569 -0.951285 -0.2568488 0.3535216 -0.8994727 -0.2460405 0.3647688 -0.8980021 -0.09751701 0.5530474 -0.8274231 -0.1158184 0.5448822 -0.8304754 0.1385412 0.6517863 -0.7456412 0.1626091 0.6521873 -0.740412 0.4483943 0.6171628 -0.6465698 0.4737117 0.6063234 -0.6387247 0.7316123 0.4223964 -0.5350932 0.7517778 0.3997268 -0.5244508 0.9753851 0.06820598 -0.2096948 0.9025119 0.06256741 -0.4260957 0.9019293 0.06306942 -0.4272538 -0.1040817 -0.01093935 -0.9945086 -0.1034487 -0.01453883 -0.9945285 -0.2306185 0.07493237 -0.9701548 -0.2321403 0.06656539 -0.9704019 -0.2793053 0.2514884 -0.9266834 -0.2861723 0.2401282 -0.9276011 -0.2184101 0.4478066 -0.8670446 -0.2041853 0.458608 -0.8648624 -0.02139972 0.6128064 -0.7899432 0 0.6183918 -0.78587 0.2939035 0.6601163 -0.6912794 0.2683362 0.6641569 -0.6977759 0.603774 0.543641 -0.5830194 0.5796062 0.5597192 -0.5922593 0.8267474 0.3009109 -0.4753328 0.8428164 0.2738476 -0.4633229 -0.03281481 -0.01194376 -0.9993901 -0.1733354 0.006053026 -0.9848443 -0.1735356 0.01213485 -0.9847528 -0.2736236 0.1454884 -0.9507698 -0.2771099 0.1351551 -0.9512851 -0.2808835 0.3347436 -0.8994728 -0.2708858 0.3467177 -0.8980021 -0.1358584 0.5448977 -0.8274232 -0.1535444 0.5354764 -0.8304753 0.09273739 0.6598626 -0.7456414 0.1167181 0.6619415 -0.7404122 0.4302627 0.6378906 -0.638725 0.404251 0.6469375 -0.6465701 0.7003649 0.4724025 -0.5350932 0.7220627 0.4511947 -0.5244509 0.9076172 0.1275569 -0.3999503 0.8967823 0.1581267 -0.4132521 -0.103065 -0.0181733 -0.9945086 -0.1021824 -0.02171986 -0.9945285 -0.2352837 0.05866295 -0.9701548 -0.2362182 0.05020974 -0.970402 -0.2961683 0.2313921 -0.9266834 -0.3022267 0.2195792 -0.9276012 -0.2356786 0.4432475 -0.8648626 -0.2491143 0.4314809 -0.8670446 -0.06409498 0.6098207 -0.7899433 -0.04313679 0.6168854 -0.78587 0.2471394 0.6790097 -0.6912798 0.2213539 0.6812569 -0.697776 0.5391505 0.598787 -0.5922591 0.564381 0.5844337 -0.5830192 0.8037426 0.35785 -0.4753328 0.8216608 0.3319726 -0.4633224 -0.03190184 -0.01420344 -0.9993901 -0.1739594 0 -0.9847528 -0.1733354 -0.006053026 -0.9848443 -0.2831056 0.1260471 -0.95077 -0.2858625 0.1154959 -0.9512851 -0.2944112 0.3269774 -0.8980021 -0.3035495 0.3143348 -0.8994729 -0.1735376 0.5340938 -0.8274229 -0.1905248 0.5234607 -0.8304752 0.046482 0.6647243 -0.7456414 0.070259 0.6684708 -0.7404123 0.358138 0.6735603 -0.6465707 0.384718 0.6663496 -0.6387254 0.6657061 0.5201061 -0.5350933 0.68883 0.5004641 -0.5244511 0.8965083 0.1905594 -0.39995 0.8835679 0.2202979 -0.4132514 -0.1004186 -0.02879385 -0.9945285 -0.1015463 -0.02531804 -0.9945086 -0.2391452 0.03360946 -0.9704019 -0.2388027 0.04210725 -0.9701547 -0.3115878 0.2101684 -0.9266834 -0.3168068 0.1979633 -0.9276012 -0.2786077 0.4130515 -0.8670445 -0.2660243 0.4257278 -0.8648624 -0.08606325 0.6123735 -0.7858702 -0.1064774 0.6038642 -0.7899434 0.1732932 0.6950386 -0.6977757 0.1991716 0.6945956 -0.6912796 0.4960675 0.6349376 -0.5922593 0.5222386 0.6223789 -0.5830192 0.7965019 0.3884799 -0.4633229 0.7768228 0.4130434 -0.4753329 0.9390395 0.03728473 -0.3417817 0.9551324 0.03035579 -0.2946198 0.933318 0.0504615 -0.3554873 -0.03083318 -0.01639451 -0.9993901 -0.1735356 -0.01213485 -0.9847528 -0.172491 -0.01812935 -0.9848442 -0.2912088 0.1059909 -0.9507698 -0.2932229 0.09527368 -0.9512851 -0.3165028 0.3056436 -0.8980021 -0.3247366 0.292395 -0.8994728 -0.2103706 0.5206872 -0.8274232 -0.2265746 0.5088952 -0.8304755 0.02345695 0.6717437 -0.7404121 0 0.6663479 -0.7456409 0.3372984 0.6915625 -0.6387261 0.3102812 0.6969012 -0.6465711 0.6278033 0.5652771 -0.5350934 0.6522414 0.5472955 -0.524451 0.8660482 0.2813961 -0.4132513 0.8810321 0.2526317 -0.3999495 -0.09953276 -0.03234037 -0.9945086 -0.09816515 -0.03572965 -0.9945285 -0.2409071 0.01684598 -0.9704019 -0.2411582 0.02534679 -0.9701547 -0.3298445 0.1753815 -0.9276013 -0.3254894 0.1879215 -0.9266834 -0.2950739 0.4061334 -0.8648624 -0.3067417 0.3926111 -0.8670445 -0.1285706 0.6048782 -0.7858702 -0.1483417 0.5949655 -0.7899435 0.1502337 0.7067978 -0.691279 0.1243871 0.7054345 -0.6977751 0.4775505 0.6572931 -0.5830192 0.4505684 0.6679951 -0.592259 0.7674628 0.4430948 -0.4633226 0.7461179 0.4662262 -0.4753328 0.9787835 0.102875 -0.1771992 0.9371766 0.09850188 -0.3346601 0.9279526 0.1304149 -0.3491359 -0.02961464 -0.01850509 -0.9993901 -0.1708061 -0.03011791 -0.9848443 -0.1722665 -0.02421033 -0.9847529 -0.2978929 0.08541957 -0.9507699 -0.2991545 0.07458778 -0.951285 -0.3370529 0.2828208 -0.898002 -0.3443424 0.2690299 -0.8994727 -0.2461802 0.5047437 -0.8274232 -0.2615213 0.4918508 -0.8304754 -0.02345695 0.6717438 -0.7404122 -0.046482 0.6647243 -0.7456414 0.2882342 0.7134077 -0.6387256 0.2609116 0.7168487 -0.6465703 0.5868424 0.6076933 -0.5350935 0.612475 0.5914603 -0.5244511 0.8612632 0.3134743 -0.3999495 0.8443094 0.3411233 -0.4132513 -0.09543402 -0.04248948 -0.9945285 -0.09703448 -0.03920427 -0.9945086 -0.2423389 0.008462692 -0.9701548 -0.2414954 0 -0.970402 -0.3412749 0.1519459 -0.9276012 -0.3378054 0.1647587 -0.9266834 -0.3226845 0.3845616 -0.8648625 -0.3333809 0.3702577 -0.8670447 -0.1894828 0.5831683 -0.7899436 -0.1704515 0.594436 -0.7858703 0.1005666 0.7155553 -0.6912793 0.07487532 0.7123919 -0.697776 0.4028743 0.6977972 -0.5922595 0.4305382 0.6890032 -0.5830193 0.7117783 0.517137 -0.4753324 0.7346843 0.4955513 -0.4633224 0.9280229 0.1636354 -0.3346596 0.9165946 0.1948289 -0.3491362 -0.02825158 -0.02052592 -0.9993901 -0.1682892 -0.04195872 -0.9848443 -0.1701579 -0.03616814 -0.9847528 -0.3031259 0.06443126 -0.9507699 -0.3036289 0.05353783 -0.9512851 -0.3622704 0.2443542 -0.8994727 -0.3559605 0.2586203 -0.8980021 -0.2951943 0.4724096 -0.8304754 -0.2807892 0.4863418 -0.8274232 -0.070259 0.6684708 -0.7404123 -0.09273739 0.6598626 -0.7456414 0.2377696 0.7317753 -0.6387256 0.2102704 0.7333021 -0.6465712 0.569725 0.6327435 -0.5244513 0.5430228 0.6471486 -0.5350934 0.8372984 0.3727889 -0.3999496 0.8184571 0.3991881 -0.4132515 0.9690453 0.008104092 -0.2467502 -0.09223708 -0.04904401 -0.9945285 -0.09406321 -0.04587793 -0.9945086 -0.2409071 -0.01684598 -0.9704019 -0.2423389 -0.008462692 -0.9701548 -0.3484756 0.1407932 -0.9266833 -0.3510431 0.1277687 -0.9276011 -0.358397 0.3461005 -0.8670444 -0.3487251 0.3611147 -0.8648624 -0.2115031 0.5810977 -0.7858702 -0.2297006 0.5685309 -0.7899431 0.02499812 0.7158796 -0.6977761 0.05040477 0.7208271 -0.6912798 0.3814249 0.7173592 -0.5830187 0.3532176 0.7242015 -0.5922579 0.6983274 0.5455925 -0.4633223 0.6739706 0.5655285 -0.4753327 0.9143474 0.2279726 -0.3346602 0.9007715 0.2582919 -0.3491362 -0.02675083 -0.02244677 -0.9993901 -0.1672205 -0.04794981 -0.9847529 -0.1649522 -0.05359659 -0.9848443 -0.3068819 0.04312952 -0.9507698 -0.3066237 0.03222754 -0.9512851 -0.3731338 0.2331598 -0.8980021 -0.378433 0.2184885 -0.8994727 -0.3274293 0.4506667 -0.8304754 -0.3140312 0.46557 -0.8274232 -0.1385412 0.6517863 -0.7456412 -0.1167181 0.6619415 -0.7404122 0.1861408 0.7465796 -0.6387258 0.1586055 0.7461845 -0.6465702 0.4965562 0.6834521 -0.5350935 0.5241992 0.6709443 -0.524451 0.7886175 0.4553085 -0.4132513 0.8092542 0.4302883 -0.3999497 0.9869833 0.06901712 -0.1452607 0.9484587 0.0663232 -0.3098827 0.95194 0.06332926 -0.299666 -0.08859189 -0.05535774 -0.9945286 -0.09063391 -0.05232744 -0.9945086 -0.2411582 -0.02534679 -0.9701547 -0.2391452 -0.03360946 -0.9704019 -0.3574478 0.1161418 -0.9266834 -0.3591005 0.1029706 -0.9276012 -0.381667 0.3202564 -0.8670445 -0.3730653 0.3359099 -0.8648623 -0.2688004 0.5511221 -0.7899435 -0.2515216 0.5649294 -0.78587 -0.02499812 0.7158796 -0.6977761 0 0.7225868 -0.6912801 0.3018375 0.7470771 -0.5922583 0.3304574 0.7422185 -0.5830178 0.6585669 0.5929773 -0.4633222 0.6328797 0.6111649 -0.4753321 0.8805597 0.3204977 -0.349136 0.8962176 0.291199 -0.3346599 -0.02512003 -0.02425798 -0.9993901 -0.1634684 -0.05949751 -0.9847528 -0.1608118 -0.06497186 -0.9848443 -0.3081249 0.01075999 -0.9512851 -0.3091429 0.02161746 -0.9507698 -0.3927522 0.1915581 -0.8994727 -0.3884891 0.2065635 -0.898002 -0.3457423 0.4425301 -0.8274233 -0.3580675 0.4267295 -0.8304756 -0.1626091 0.6521873 -0.740412 -0.1836701 0.6405349 -0.7456409 0.1061707 0.7554299 -0.6465705 0.1336119 0.7577448 -0.6387258 0.4761194 0.7058759 -0.5244516 0.447673 0.7164244 -0.5350935 0.7549354 0.5092109 -0.4132515 0.7772677 0.4856906 -0.3999496 0.9444672 0.166535 -0.2832802 0.9541023 0.1340901 -0.2677847 -0.08451428 -0.06140315 -0.9945285 -0.08676291 -0.0585224 -0.9945086 -0.2362182 -0.05020974 -0.970402 -0.2388027 -0.04210725 -0.9701548 -0.3646788 0.09092476 -0.9266834 -0.3654086 0.07766984 -0.9276012 -0.3955885 0.3090676 -0.8648624 -0.4030772 0.2928526 -0.8670445 -0.2903179 0.546007 -0.7858701 -0.3065897 0.5310297 -0.7899432 -0.05040477 0.7208271 -0.6912798 -0.07487532 0.7123919 -0.697776 0.2489913 0.7663119 -0.5922579 0.2778769 0.7634618 -0.5830184 0.5887055 0.6538236 -0.4753322 0.6155993 0.6374717 -0.463322 0.8560581 0.3811412 -0.3491361 0.8737216 0.3530062 -0.33466 -0.02336667 -0.02595117 -0.9993901 -0.1558877 -0.0760319 -0.9848443 -0.1589198 -0.07075577 -0.9847528 -0.3081249 -0.01075999 -0.9512851 -0.3098978 0 -0.9507699 -0.4019521 0.1789603 -0.898002 -0.405158 0.1636944 -0.8994727 -0.3869636 0.4007116 -0.8304754 -0.3757699 0.4173345 -0.827423 -0.2279053 0.6261619 -0.745641 -0.207707 0.639256 -0.7404117 0.05321365 0.7609965 -0.6465699 0.08042762 0.7652202 -0.6387249 0.3966051 0.7459091 -0.5350926 0.4257193 0.7373704 -0.5244502 0.7414944 0.5387263 -0.3999502 0.717576 0.5606312 -0.4132521 0.9305495 0.2320122 -0.2832807 0.9424245 0.2003179 -0.267785 -0.08002487 -0.06714926 -0.9945285 -0.08246946 -0.06443183 -0.9945086 -0.2321403 -0.06656539 -0.9704019 -0.2352837 -0.05866295 -0.9701548 -0.3699365 0.05199122 -0.9276012 -0.370133 0.06526423 -0.9266834 -0.4225235 0.2640219 -0.8670446 -0.416184 0.28072 -0.8648624 -0.3276971 0.5244263 -0.78587 -0.3428859 0.5083489 -0.7899434 -0.1005666 0.7155553 -0.6912794 -0.1243871 0.7054345 -0.6977751 0.223944 0.7809865 -0.5830173 0.1949258 0.7818147 -0.592258 0.5416631 0.6932969 -0.4753321 0.5696321 0.6788609 -0.4633219 0.8469688 0.4130942 -0.3346597 0.8273855 0.4399288 -0.349136 0.9795988 0.0342093 -0.1980303 0.9882421 0.03451114 -0.1489516 0.9733493 0.05277647 -0.2231722 -0.02149931 -0.02751807 -0.9993901 -0.153597 -0.081669 -0.9847528 -0.1502045 -0.08672047 -0.9848442 -0.3066237 -0.03222754 -0.9512851 -0.3091429 -0.02161746 -0.9507698 -0.4134565 0.1504861 -0.8980021 -0.4155897 0.1350333 -0.8994727 -0.4039662 0.3901055 -0.8274232 -0.4139726 0.372743 -0.8304754 -0.271027 0.6087394 -0.7456412 -0.2517924 0.6232096 -0.7404122 0.02685291 0.7689664 -0.638725 0 0.7628547 -0.64657 0.3732481 0.765269 -0.5244514 0.3436085 0.7717562 -0.535094 0.6767197 0.6093222 -0.4132517 0.7021077 0.5891391 -0.3999498 0.9261551 0.2655706 -0.2677854 0.9120983 0.2963589 -0.2832809 -0.07777345 -0.07002828 -0.9945086 -0.07514635 -0.07256751 -0.9945285 -0.2306185 -0.07493236 -0.9701547 -0.2269315 -0.08259617 -0.9704019 -0.373784 0.03928649 -0.9266834 -0.3726621 0.02605916 -0.9276011 -0.4347527 0.251004 -0.8648624 -0.4399116 0.2339053 -0.8670444 -0.3775112 0.4831924 -0.7899433 -0.3634817 0.5002891 -0.7858701 -0.1502337 0.7067978 -0.691279 -0.1732932 0.6950386 -0.6977757 0.168921 0.7947038 -0.5830193 0.1399176 0.793506 -0.5922595 0.4919818 0.7293929 -0.4753316 0.520889 0.7169433 -0.4633216 0.7946822 0.4965724 -0.3491362 0.8160896 0.4711694 -0.3346599 0.9744961 0.1024237 -0.1996667 0.9668928 0.1358878 -0.2159924 -0.01952715 -0.02895093 -0.9993901 -0.1475259 -0.09218456 -0.9847528 -0.1437892 -0.09698708 -0.9848443 -0.3068819 -0.04312952 -0.9507698 -0.3036289 -0.05353783 -0.9512851 -0.4239969 0.1057145 -0.8994727 -0.4229468 0.1212778 -0.898002 -0.4301942 0.3609763 -0.8274231 -0.4389655 0.3429575 -0.8304754 -0.3128321 0.5883498 -0.7456411 -0.2946528 0.6041276 -0.7404119 -0.05321365 0.7609965 -0.6465699 -0.02685291 0.7689664 -0.638725 0.2889358 0.7938459 -0.5350934 0.3189544 0.7894422 -0.5244513 0.6325674 0.6550427 -0.4132523 0.6593016 0.6366798 -0.3999504 0.8892039 0.3592614 -0.2832803 0.9053735 0.3295297 -0.2677853 -0.06990113 -0.07763264 -0.9945285 -0.07269993 -0.0752821 -0.9945086 -0.2248297 -0.09083708 -0.9701548 -0.220617 -0.09822517 -0.9704019 -0.375614 0.01311667 -0.9266834 -0.3735721 0 -0.9276012 -0.4512025 0.2200666 -0.8648624 -0.4551564 0.2026483 -0.8670446 -0.3974951 0.4737152 -0.78587 -0.4102977 0.4556815 -0.7899431 -0.1991716 0.6945956 -0.6912796 -0.2213539 0.6812569 -0.697776 0.1130721 0.8045517 -0.583019 0.08422332 0.8013337 -0.592259 0.4399016 0.761935 -0.4753332 0.4696104 0.751531 -0.4633218 0.7812343 0.5269495 -0.3346599 0.7581078 0.5507966 -0.3491357 0.9649777 0.1701514 -0.1996667 0.9550585 0.2030034 -0.2159923 -0.01746083 -0.03024211 -0.9993901 -0.1366737 -0.1067806 -0.9848443 -0.1407363 -0.1022504 -0.9847528 -0.3031259 -0.06443125 -0.9507698 -0.2991545 -0.07458778 -0.951285 -0.4303764 0.09147967 -0.898002 -0.4303383 0.07588004 -0.8994727 -0.4543271 0.3300877 -0.8274231 -0.4618197 0.3115017 -0.8304754 -0.3360769 0.5821016 -0.7404121 -0.35311 0.5650955 -0.7456409 -0.1061707 0.7554299 -0.6465705 -0.08042762 0.7652202 -0.6387249 0.2631097 0.809768 -0.5244513 0.2328562 0.812067 -0.5350937 0.5853332 0.6975727 -0.4132522 0.6132827 0.6811196 -0.3999505 0.8801818 0.3918817 -0.2677851 0.8619769 0.4204141 -0.2832807 0.9949924 0.008769344 -0.09956547 -0.06727084 -0.08017048 -0.9945086 -0.06431504 -0.08232001 -0.9945286 -0.2179456 -0.1062989 -0.9701548 -0.2132278 -0.1133752 -0.9704019 -0.3726621 -0.02605916 -0.9276011 -0.375614 -0.01311667 -0.9266834 -0.4654548 0.1880553 -0.8648624 -0.4681838 0.1704052 -0.8670444 -0.4295702 0.4448344 -0.7858701 -0.4410845 0.4259502 -0.7899436 -0.2471394 0.6790097 -0.6912798 -0.2683362 0.6641569 -0.6977759 0.02812016 0.8052561 -0.5922599 0.05667529 0.810479 -0.5830195 0.3856826 0.7907636 -0.4753336 0.4160408 0.7824584 -0.4633238 0.7178386 0.6023389 -0.3491356 0.7425735 0.5801619 -0.3346591 0.9507579 0.2370501 -0.1996664 0.9385712 0.2691309 -0.2159924 -0.01530816 -0.0313867 -0.9993901 -0.1332603 -0.1118193 -0.9847528 -0.1288913 -0.1160554 -0.9848443 -0.2932229 -0.09527368 -0.9512851 -0.2978929 -0.08541957 -0.9507699 -0.434583 0.0456768 -0.8994727 -0.4357091 0.06123501 -0.8980021 -0.476246 0.2975918 -0.827423 -0.4824242 0.2785271 -0.8304755 -0.3916698 0.5390866 -0.7456409 -0.3758632 0.5572408 -0.7404118 -0.1336119 0.7577448 -0.6387258 -0.1586055 0.7461845 -0.6465702 0.2059816 0.8261491 -0.5244513 0.1756438 0.8263322 -0.5350929 0.564276 0.7222413 -0.39995 0.5352466 0.7367048 -0.4132518 0.8507011 0.4523259 -0.2677852 0.8305506 0.4795184 -0.2832805 0.9909707 0.05359986 -0.122899 0.9971502 0.06972765 -0.02880112 0.983631 0.1033838 -0.1475869 0.9769308 0.06831376 -0.2023348 -0.0584153 -0.08660638 -0.9945285 -0.06151474 -0.08466761 -0.9945086 -0.2099993 -0.1212437 -0.9701548 -0.2047997 -0.1279733 -0.970402 -0.3699365 -0.05199122 -0.9276012 -0.373784 -0.03928649 -0.9266834 -0.4774391 0.1551294 -0.8648623 -0.4789302 0.1373308 -0.8670444 -0.4595541 0.4137847 -0.7858704 -0.4697225 0.3941445 -0.7899436 -0.3140126 0.6438211 -0.6977754 -0.2939035 0.6601163 -0.6912794 -0.02812016 0.8052561 -0.5922599 0 0.812458 -0.5830199 0.3295802 0.8157418 -0.4753337 0.3604461 0.8095742 -0.463323 0.6740735 0.6509448 -0.3491358 0.7002944 0.6305478 -0.3346597 0.9175111 0.3339474 -0.2159919 0.9319058 0.3027955 -0.1996662 -0.0130818 -0.03237794 -0.9993901 -0.1251359 -0.1208423 -0.9847528 -0.120483 -0.1247624 -0.9848443 -0.2912088 -0.1059909 -0.9507699 -0.2858625 -0.1154959 -0.9512851 -0.4389194 0.03069221 -0.8980021 -0.4367107 0.01525019 -0.8994727 -0.5006779 0.2441974 -0.8304753 -0.4958451 0.2636448 -0.8274232 -0.4138197 0.5296637 -0.7404119 -0.4283208 0.5104518 -0.7456409 -0.2102704 0.7333021 -0.6465712 -0.1861408 0.7465796 -0.6387258 0.1478526 0.8385053 -0.5244506 0.1175722 0.8365714 -0.5350935 0.4825547 0.772246 -0.413252 0.5125213 0.7598431 -0.3999505 0.7950777 0.536287 -0.2832802 0.8170761 0.5105662 -0.2677849 0.9817804 0.1379812 -0.1306466 0.9740235 0.1717464 -0.1475858 -0.05223388 -0.09046894 -0.9945285 -0.05545826 -0.08875267 -0.9945086 -0.1953744 -0.141947 -0.9704019 -0.2010306 -0.1355968 -0.9701548 -0.3654086 -0.07766984 -0.9276012 -0.370133 -0.06526423 -0.9266834 -0.4873431 0.1035884 -0.8670446 -0.4870971 0.1214474 -0.8648624 -0.4872998 0.3807192 -0.7858701 -0.4960732 0.360418 -0.7899433 -0.3392341 0.6380072 -0.6912793 -0.3581585 0.6203479 -0.6977757 -0.05667529 0.810479 -0.5830195 -0.08422332 0.8013337 -0.592259 0.303093 0.8327462 -0.4633232 0.2718751 0.8367453 -0.4753326 0.6270236 0.6963804 -0.3491358 0.6546038 0.677862 -0.3346595 0.9085141 0.3670631 -0.1996665 0.8919815 0.3971353 -0.2159923 -0.0107907 -0.03321183 -0.9993901 -0.1114856 -0.1328637 -0.9848443 -0.1164018 -0.1292769 -0.9847528 -0.2831056 -0.1260471 -0.9507699 -0.2771099 -0.1351551 -0.9512851 -0.4399911 0 -0.898002 -0.4367107 -0.01525019 -0.8994727 -0.516493 0.208676 -0.8304754 -0.513028 0.2284151 -0.8274229 -0.4497583 0.4995073 -0.740412 -0.4628835 0.4793315 -0.7456408 -0.2377696 0.7317753 -0.6387256 -0.2609116 0.7168487 -0.6465703 0.05893094 0.8427355 -0.5350927 0.08899896 0.8467764 -0.5244511 0.4582683 0.7937447 -0.3999494 0.4275092 0.8040271 -0.413251 0.779471 0.5663178 -0.2677853 0.7557314 0.5904421 -0.2832811 0.969764 0.2061295 -0.130646 0.9596704 0.2392723 -0.1475857 -0.04913268 -0.09240486 -0.9945086 -0.04579432 -0.09389304 -0.9945285 -0.1849959 -0.1552308 -0.9704019 -0.1910822 -0.1492898 -0.9701548 -0.3646787 -0.09092475 -0.9266834 -0.3591005 -0.1029706 -0.9276012 -0.4943824 0.08717286 -0.8648624 -0.493382 0.06934041 -0.8670444 -0.5200059 0.3249362 -0.7899432 -0.51267 0.3458002 -0.78587 -0.4005586 0.5938532 -0.697776 -0.3829126 0.612789 -0.6912796 -0.1130721 0.8045517 -0.583019 -0.1399176 0.793506 -0.5922595 0.2442676 0.8518599 -0.4633226 0.2128438 0.853672 -0.4753333 0.5769186 0.7384231 -0.3491367 0.6057242 0.7218732 -0.3346599 0.8621055 0.4583898 -0.2159924 0.880696 0.4295438 -0.1996665 0.9982452 0.03200812 -0.04981925 0.9992325 0.03917076 0 -0.008447908 -0.03388362 -0.9993901 -0.1070998 -0.1370821 -0.9847528 -0.1019464 -0.1403167 -0.9848443 -0.2736236 -0.1454884 -0.9507698 -0.2670064 -0.1541569 -0.951285 -0.4389195 -0.03069221 -0.8980021 -0.434583 -0.0456768 -0.8994727 -0.5277113 0.1920715 -0.8274233 -0.5297908 0.1721395 -0.8304756 -0.4951933 0.4458743 -0.7456405 -0.4835071 0.4669172 -0.7404115 -0.3102812 0.6969012 -0.6465711 -0.2882342 0.7134077 -0.6387256 0 0.8447933 -0.5350927 0.02971546 0.8509225 -0.5244502 0.401783 0.8237787 -0.3999487 0.3703819 0.8318904 -0.4132501 0.7380674 0.6193121 -0.2677857 0.7127035 0.6417209 -0.283281 0.953023 0.2732741 -0.1306461 0.9406413 0.3056338 -0.1475868 -0.04256656 -0.09560736 -0.9945086 -0.03913406 -0.09685844 -0.9945285 -0.1737173 -0.1677567 -0.970402 -0.180203 -0.1622548 -0.9701548 -0.3510431 -0.1277687 -0.9276011 -0.3574478 -0.1161418 -0.9266834 -0.4970171 0.03475476 -0.8670446 -0.4992589 0.05247451 -0.8648624 -0.5355432 0.3091958 -0.7858698 -0.5414061 0.2878699 -0.7899432 -0.4247256 0.5845857 -0.6912798 -0.4410087 0.564464 -0.6977764 -0.168921 0.7947038 -0.5830193 -0.1949258 0.7818147 -0.592258 0.1527783 0.8664401 -0.4753318 0.1842477 0.8668246 -0.4633227 0.5538918 0.762369 -0.3346601 0.5240046 0.7768678 -0.3491355 0.8485867 0.4899326 -0.1996663 0.8280299 0.5174109 -0.215992 0.9793383 0.1029324 -0.174073 0.9872211 0.1387458 -0.07838526 0.9969456 0.06599676 -0.04176101 -0.006064456 -0.03439024 -0.9993901 -0.0919091 -0.1470868 -0.9848443 -0.09727724 -0.1442187 -0.9847528 -0.2628081 -0.1642211 -0.9507698 -0.255603 -0.1724063 -0.9512851 -0.4303383 -0.07588004 -0.8994727 -0.4357092 -0.06123502 -0.8980021 -0.5398244 0.1547918 -0.8274233 -0.5405082 0.1347643 -0.8304754 -0.5148993 0.4320527 -0.7404115 -0.52509 0.410244 -0.745641 -0.358138 0.6735603 -0.6465707 -0.3372984 0.6915625 -0.6387261 -0.02971546 0.8509225 -0.5244502 -0.05893094 0.8427355 -0.5350927 0.343343 0.8497979 -0.3999489 0.3114475 0.8557003 -0.4132524 0.6662033 0.6898735 -0.2832802 0.693068 0.6692891 -0.2677853 0.9316382 0.3390893 -0.1306471 0.9170305 0.370504 -0.1475864 -0.03579472 -0.09834342 -0.9945086 -0.03228028 -0.09935287 -0.9945286 -0.1615923 -0.1794659 -0.9704019 -0.1684451 -0.1744305 -0.9701548 -0.3484756 -0.1407932 -0.9266833 -0.3412749 -0.1519459 -0.9276012 -0.4982308 0 -0.8670444 -0.5017032 0.01751963 -0.8648624 -0.5601674 0.2494029 -0.7899435 -0.5558064 0.2710853 -0.7858702 -0.4644708 0.553533 -0.69128 -0.4793089 0.5323267 -0.697776 -0.223944 0.7809865 -0.5830173 -0.2489913 0.7663119 -0.5922579 0.09196396 0.8749868 -0.4753322 0.1233348 0.877566 -0.4633213 0.4993647 0.7991482 -0.3346595 0.4685357 0.8115282 -0.3491365 0.8123443 0.5479324 -0.1996666 0.7899207 0.5739099 -0.2159923 0.9751379 0.2072718 -0.07838566 0.9829696 0.173324 -0.06106905 -0.003649788 -0.03472959 -0.9993901 -0.08697946 -0.1506533 -0.9847528 -0.08142582 -0.1531393 -0.9848443 -0.2507129 -0.182153 -0.9507698 -0.2429536 -0.1898163 -0.9512851 -0.4239969 -0.1057145 -0.8994727 -0.4303764 -0.09147966 -0.898002 -0.5493073 0.1167586 -0.827423 -0.5485926 0.09673157 -0.8304753 -0.543784 0.3950813 -0.740412 -0.5524276 0.3726171 -0.7456408 -0.404251 0.6469375 -0.6465701 -0.384718 0.6663496 -0.6387254 -0.08899896 0.8467764 -0.5244511 -0.1175722 0.8365714 -0.5350935 0.2510006 0.8753409 -0.4132516 0.283224 0.8716787 -0.3999508 0.644693 0.7160043 -0.2677847 0.6164577 0.7346648 -0.2832798 0.8889517 0.4335704 -0.1475861 0.9057155 0.4032505 -0.1306465 0.9986882 0.01172898 0.04984135 -0.02884691 -0.1006008 -0.9945086 -0.0252718 -0.1013623 -0.9945285 -0.148679 -0.1903013 -0.9704019 -0.1558676 -0.1857554 -0.9701547 -0.3298445 -0.1753815 -0.9276013 -0.3378054 -0.1647587 -0.9266834 -0.4970171 -0.03475476 -0.8670446 -0.5017032 -0.01751963 -0.8648624 -0.5762004 0.2097202 -0.7899433 -0.5733626 0.2316536 -0.7858701 -0.5019511 0.5197859 -0.6912796 -0.5152747 0.4975948 -0.697776 -0.2778769 0.7634618 -0.5830185 -0.3018375 0.7470771 -0.5922583 0.0307054 0.87927 -0.4753329 0.06181822 0.8840309 -0.4633226 0.4424005 0.8320364 -0.33466 0.4107848 0.842235 -0.349136 0.7721433 0.6032646 -0.199666 0.7479621 0.6276147 -0.2159918 0.9684848 0.2414697 -0.06106918 0.9583042 0.2747884 -0.07838576 -0.001218679 -0.03489959 -0.9993901 -0.07625936 -0.1563533 -0.9847528 -0.07054402 -0.1584464 -0.9848443 -0.2291214 -0.206301 -0.9512851 -0.2373956 -0.1991983 -0.9507699 -0.4155897 -0.1350333 -0.8994727 -0.4229468 -0.1212778 -0.898002 -0.5561138 0.07815691 -0.8274231 -0.5540038 0.05822843 -0.8304753 -0.5700181 0.3561875 -0.7404119 -0.5770742 0.3331737 -0.7456412 -0.4483943 0.6171628 -0.6465698 -0.4302627 0.6378906 -0.638725 -0.1756438 0.8263322 -0.5350929 -0.1478526 0.8385053 -0.5244506 0.221731 0.8893118 -0.3999498 0.1893263 0.8907176 -0.4132526 0.5931776 0.759231 -0.2677847 0.5637066 0.775878 -0.2832811 0.8753798 0.465448 -0.130646 0.8565413 0.4945252 -0.147586 0.9944841 0.1045243 -0.008723176 0.9925534 0.06940535 0.1001034 0.9860477 0.06895044 -0.1515115 0.9984224 0.05357121 0.01681638 -0.02175933 -0.1023678 -0.9945086 -0.01814172 -0.1028779 -0.9945285 -0.135043 -0.2002084 -0.970402 -0.1425298 -0.1961758 -0.9701548 -0.3168068 -0.1979633 -0.9276012 -0.3254894 -0.1879215 -0.9266834 -0.499259 -0.05247451 -0.8648624 -0.493382 -0.06934041 -0.8670444 -0.5881255 0.1910935 -0.78587 -0.5894265 0.1690149 -0.7899433 -0.5369868 0.4835052 -0.6912799 -0.5487295 0.4604396 -0.697776 -0.3304574 0.7422185 -0.5830177 -0.3532176 0.7242015 -0.5922579 0 0.8861898 -0.4633224 -0.0307054 0.87927 -0.4753329 0.3832851 0.8608686 -0.3346608 0.3510354 0.8688371 -0.3491367 0.7023594 0.6782616 -0.2159918 0.7281807 0.6556572 -0.1996658 0.9368011 0.3409684 -0.07838516 0.9492813 0.3084407 -0.06106838 0.001218679 -0.03489959 -0.9993901 -0.05932119 -0.1629808 -0.9848443 -0.06516592 -0.1612923 -0.9847528 -0.2141717 -0.221782 -0.951285 -0.2229217 -0.2152734 -0.9507698 -0.405158 -0.1636944 -0.8994727 -0.4134565 -0.1504861 -0.8980021 -0.5602112 0.03917388 -0.827423 -0.556716 0.01944074 -0.8304753 -0.598909 0.2921079 -0.7456412 -0.5934758 0.3155571 -0.7404123 -0.4737117 0.6063234 -0.6387246 -0.4903544 0.5843799 -0.6465701 -0.2059816 0.8261491 -0.5244513 -0.2328562 0.812067 -0.5350937 0.1591546 0.9026121 -0.3999513 0.1267343 0.9017542 -0.4132526 0.5082133 0.8133088 -0.2832808 0.5387698 0.7987601 -0.2677862 0.8199593 0.5530688 -0.1475863 0.8407796 0.5253771 -0.1306467 0.9847704 0.1736416 -0.008721882 0.9902303 0.139169 0.008721256 -0.01456496 -0.1036365 -0.9945086 -0.01091821 -0.1038931 -0.9945285 -0.1207475 -0.2091414 -0.9704019 -0.1284982 -0.2056404 -0.9701548 -0.3022265 -0.2195797 -0.9276012 -0.3115877 -0.2101688 -0.9266834 -0.4873431 -0.1035884 -0.8670446 -0.4943824 -0.08717286 -0.8648624 -0.6000226 0.1496027 -0.7858701 -0.5997803 0.1274869 -0.7899435 -0.5694069 0.4448691 -0.6912795 -0.5795123 0.4210395 -0.6977758 -0.4028743 0.6977972 -0.5922595 -0.3814249 0.7173592 -0.5830187 -0.06181822 0.8840309 -0.4633226 -0.09196396 0.8749868 -0.4753322 0.2895697 0.8912091 -0.3491359 0.3222984 0.8855094 -0.3346592 0.6806704 0.7048555 -0.1996661 0.6533358 0.7256032 -0.2159917 0.9107345 0.4054851 -0.07838582 0.9254534 0.3739071 -0.06106895 0.003649788 -0.03472959 -0.9993901 -0.05375627 -0.1654452 -0.9847528 -0.04780695 -0.1667222 -0.9848443 -0.2073621 -0.2302989 -0.9507699 -0.1981799 -0.236181 -0.9512851 -0.3927522 -0.1915581 -0.8994727 -0.4019521 -0.1789603 -0.898002 -0.556716 -0.01944074 -0.8304753 -0.561579 0 -0.8274231 -0.6178269 0.2496183 -0.7456411 -0.6140426 0.2733891 -0.740412 -0.5299231 0.5487518 -0.6465702 -0.5148525 0.5718014 -0.6387253 -0.2889358 0.7938459 -0.5350934 -0.2631097 0.809768 -0.5244513 0.09580337 0.9115161 -0.3999501 0.0635222 0.9083988 -0.4132512 0.45024 0.8467802 -0.2832794 0.4817384 0.8343979 -0.2677842 0.802083 0.5827474 -0.1306462 0.7793813 0.6089196 -0.147586 0.9781105 0.2079031 0.008721604 0.970259 0.2419121 -0.008722164 -0.003645695 -0.1044016 -0.9945285 -0.007300089 -0.1044 -0.9945086 -0.1138407 -0.2141029 -0.9701548 -0.1058655 -0.2170543 -0.9704019 -0.286173 -0.2401274 -0.9276012 -0.2961685 -0.2313918 -0.9266834 -0.487097 -0.1214473 -0.8648624 -0.4789302 -0.1373308 -0.8670444 -0.6072122 0.0853384 -0.7899435 -0.6089966 0.1073825 -0.7858703 -0.60747 0.3795901 -0.6977761 -0.5990516 0.4040659 -0.69128 -0.4505684 0.6679951 -0.592259 -0.4305382 0.6890032 -0.5830193 -0.1527783 0.8664401 -0.4753318 -0.1233348 0.877566 -0.4633213 0.2597425 0.9058348 -0.3346597 0.226699 0.9092372 -0.349135 0.6298453 0.7506185 -0.1996666 0.6011297 0.7694091 -0.2159925 0.8971163 0.4375532 -0.06106899 0.8802307 0.4680273 -0.07838565 0.9945698 0.03043135 0.09952318 0.006064456 -0.03439024 -0.9993901 -0.03606105 -0.1696509 -0.9848443 -0.04208456 -0.1687921 -0.9847528 -0.1812215 -0.2494304 -0.951285 -0.1907922 -0.2442029 -0.9507698 -0.378433 -0.2184885 -0.8994727 -0.3884891 -0.2065635 -0.898002 -0.5540038 -0.05822843 -0.8304753 -0.5602111 -0.03917388 -0.827423 -0.6316179 0.2298893 -0.7404119 -0.6337348 0.2059128 -0.7456408 -0.5669113 0.5104495 -0.6465701 -0.5534852 0.5344944 -0.6387251 -0.3189544 0.7894422 -0.5244513 -0.3436085 0.7717562 -0.535094 0.03198593 0.9159792 -0.3999487 0 0.9106175 -0.4132502 0.3900771 0.8761235 -0.2832797 0.4223619 0.8659688 -0.2677847 0.7594785 0.6372786 -0.1306461 0.7350066 0.6618033 -0.1475858 0.9612252 0.275627 0.008721973 0.9510202 0.3090057 -0.008721993 -0 -0.1046549 -0.9945086 0.003645695 -0.1044016 -0.9945285 -0.09862842 -0.2215226 -0.9701548 -0.09046532 -0.2239109 -0.9704019 -0.2793057 -0.2514881 -0.9266834 -0.2687251 -0.2595052 -0.9276012 -0.4681838 -0.1704052 -0.8670444 -0.4774391 -0.1551294 -0.8648623 -0.611686 0.0427734 -0.7899435 -0.6150038 0.06463975 -0.7858702 -0.6324695 0.3362904 -0.697776 -0.6257788 0.3612937 -0.6912797 -0.4960675 0.6349376 -0.5922593 -0.4775505 0.6572931 -0.5830192 -0.2128438 0.853672 -0.4753333 -0.1842477 0.8668246 -0.4633227 0.1959238 0.921747 -0.3346587 0.1627206 0.9228362 -0.3491352 0.5459928 0.8094686 -0.215992 0.5759494 0.7927268 -0.1996661 0.8644094 0.499066 -0.06106951 0.8454388 0.5282885 -0.07838655 0.9930332 0.06795684 0.09626471 0.9884195 0.1389145 0.06106984 0.9918828 0.1042522 -0.0728012 0.008447907 -0.03388361 -0.9993901 -0.03020778 -0.1713167 -0.9847528 -0.02413806 -0.1717532 -0.9848442 -0.1633807 -0.2614641 -0.951285 -0.1732927 -0.256917 -0.9507699 -0.3731338 -0.2331598 -0.8980021 -0.3622701 -0.2443546 -0.8994727 -0.5485926 -0.09673157 -0.8304753 -0.5561138 -0.07815691 -0.827423 -0.6461153 0.185271 -0.7404118 -0.6465545 0.1612044 -0.7456409 -0.6011376 0.4696599 -0.6465703 -0.5894211 0.4945835 -0.6387252 -0.3732481 0.765269 -0.5244514 -0.3966051 0.7459091 -0.5350926 -0.0635222 0.9083988 -0.4132512 -0.03198593 0.9159792 -0.3999487 0.3280094 0.9012004 -0.2832804 0.3609267 0.8933217 -0.2677841 0.7131746 0.6887042 -0.1306464 0.6870509 0.7114628 -0.1475866 0.9271487 0.3745921 -0.008722552 0.939657 0.3420067 0.008721297 0.01091821 -0.1038931 -0.9945285 0.007300088 -0.1044 -0.9945086 -0.07462595 -0.2296759 -0.9704019 -0.08293521 -0.2278629 -0.9701547 -0.2499685 -0.2776181 -0.9276012 -0.2610824 -0.2703588 -0.9266834 -0.4551564 -0.2026483 -0.8670446 -0.4654548 -0.1880553 -0.8648625 -0.6180149 0.02158116 -0.7858701 -0.6131799 0 -0.7899433 -0.6543875 0.2913518 -0.6977758 -0.6494573 0.3167614 -0.6912796 -0.5222386 0.6223789 -0.5830192 -0.5391505 0.598787 -0.5922591 -0.2442676 0.8518599 -0.4633226 -0.2718751 0.8367453 -0.4753326 0.1311491 0.9331682 -0.3346596 0.09794982 0.9319386 -0.3491365 0.5192479 0.8309724 -0.1996659 0.4881965 0.8455837 -0.2159918 0.8274899 0.5581497 -0.06106948 0.8065277 0.5859767 -0.07838589 0.9763221 0.207523 0.06106874 0.9817778 0.1731131 0.07838553 0.0107907 -0.03321183 -0.9993901 -0.01818397 -0.1730064 -0.9847528 -0.01209812 -0.1730186 -0.9848443 -0.1447442 -0.2722238 -0.9512851 -0.154949 -0.2683792 -0.9507698 -0.3443426 -0.2690295 -0.8994728 -0.3559604 -0.2586202 -0.8980021 -0.5405082 -0.1347643 -0.8304754 -0.5493073 -0.1167586 -0.827423 -0.6574652 0.139749 -0.7404119 -0.6562245 0.11571 -0.7456411 -0.6224855 0.4522626 -0.6387255 -0.6324347 0.4265831 -0.6465704 -0.4257193 0.7373704 -0.5244502 -0.447673 0.7164244 -0.5350935 -0.1267343 0.9017542 -0.4132526 -0.09580337 0.9115161 -0.3999501 0.2977303 0.9163231 -0.2677849 0.2643451 0.9218861 -0.2832804 0.6357495 0.7576547 -0.1475871 0.663396 0.7367747 -0.1306475 0.9135107 0.4067212 0.008721409 0.8987597 0.4383548 -0.008722529 0.9886838 0.0172598 0.1490182 0.980029 0.01710871 0.1981173 0.01814172 -0.1028779 -0.9945285 0.01456496 -0.1036365 -0.9945086 -0.05842305 -0.2343221 -0.9704019 -0.0668382 -0.2330932 -0.9701548 -0.2415869 -0.2879126 -0.9266833 -0.229994 -0.2943789 -0.9276011 -0.4399116 -0.2339053 -0.8670444 -0.4512025 -0.2200666 -0.8648624 -0.611686 -0.0427734 -0.7899435 -0.6180149 -0.02158116 -0.7858701 -0.673117 0.2449937 -0.697776 -0.6699713 0.270686 -0.6912796 -0.5796062 0.5597192 -0.5922593 -0.564381 0.5844337 -0.5830192 -0.3295802 0.8157418 -0.4753337 -0.303093 0.8327462 -0.4633232 0.06573391 0.9400433 -0.3346605 0.03270257 0.9365009 -0.349137 0.4600181 0.8651686 -0.1996665 0.428024 0.8775778 -0.2159919 0.7865399 0.6145124 -0.06106916 0.7636872 0.6408102 -0.07838597 0.9594676 0.275123 0.06106868 0.9673104 0.2411772 0.07838561 0.0130818 -0.03237794 -0.9993901 -0.006070687 -0.1738534 -0.9847528 0 -0.1734411 -0.9848443 -0.1358501 -0.2785344 -0.9507698 -0.1254023 -0.2816576 -0.9512851 -0.324737 -0.2923946 -0.8994728 -0.3370529 -0.2828208 -0.898002 -0.5297908 -0.1721395 -0.8304756 -0.5398244 -0.1547918 -0.8274233 -0.6626978 0.06965259 -0.7456408 -0.6656121 0.09354524 -0.7404119 -0.6525177 0.4077384 -0.6387254 -0.6606512 0.3814273 -0.6465703 -0.4761194 0.7058759 -0.5244516 -0.4965562 0.6834521 -0.5350935 -0.1591546 0.9026121 -0.3999513 -0.1893263 0.8907176 -0.4132526 0.2330882 0.9348584 -0.2677865 0.1993954 0.9380791 -0.2832824 0.5813485 0.8001579 -0.1475852 0.6103836 0.7812577 -0.130646 0.8829137 0.4694542 0.008721339 0.8659929 0.4999802 -0.008721682 0.986292 0.04715399 0.1581285 0.9859977 0.1036336 0.1306466 0.9911589 0.06930864 0.113139 0.9703543 0.06785384 0.2319663 0.02175933 -0.1023678 -0.9945086 0.0252718 -0.1013623 -0.9945285 -0.05041622 -0.2371876 -0.9701548 -0.04193528 -0.2378265 -0.970402 -0.2088989 -0.3097053 -0.9276012 -0.2209151 -0.3040633 -0.9266834 -0.4347526 -0.2510044 -0.8648624 -0.4225236 -0.264022 -0.8670444 -0.6150038 -0.06463975 -0.7858702 -0.6072122 -0.0853384 -0.7899435 -0.687221 0.2232917 -0.6912801 -0.6885669 0.1974438 -0.6977762 -0.617238 0.5179248 -0.5922593 -0.603774 0.543641 -0.5830194 -0.3856826 0.7907636 -0.4753336 -0.3604461 0.8095742 -0.4633231 -0.03270257 0.9365009 -0.349137 0 0.9423386 -0.3346611 0.3657651 0.905297 -0.2159933 0.3985486 0.8951492 -0.1996669 0.7171267 0.6925207 -0.07838649 0.7417581 0.6678813 -0.06106973 0.9379389 0.3413813 0.0610689 0.9481302 0.3080662 0.07838534 0.01530816 -0.0313867 -0.9993901 0.01209812 -0.1730186 -0.9848443 0.006070687 -0.1738534 -0.9847528 -0.1160897 -0.2873324 -0.9507699 -0.105449 -0.2897193 -0.9512851 -0.3035496 -0.314335 -0.8994727 -0.316503 -0.3056438 -0.8980021 -0.516493 -0.208676 -0.8304754 -0.5277113 -0.1920715 -0.8274233 -0.6705161 0.04688753 -0.7404118 -0.6659419 0.02325478 -0.7456411 -0.685649 0.3344132 -0.6465702 -0.6793706 0.3612278 -0.6387252 -0.5241992 0.6709443 -0.524451 -0.5430228 0.6471486 -0.5350934 -0.2510006 0.8753409 -0.4132516 -0.221731 0.8893118 -0.3999498 0.133473 0.9497035 -0.2832811 0.1673055 0.948841 -0.2677866 0.5241153 0.838762 -0.1475854 0.5543998 0.8219322 -0.1306453 0.8480157 0.5298991 0.008722599 0.8290057 0.5591722 -0.008721443 0.9763672 0.1721591 0.1306457 0.979424 0.1376483 0.1475855 0.03228028 -0.09935287 -0.9945286 0.02884691 -0.1006008 -0.9945086 -0.02524354 -0.2401726 -0.9704019 -0.03374706 -0.2401268 -0.9701548 -0.1867863 -0.323523 -0.9276011 -0.1991664 -0.318733 -0.9266833 -0.4161844 -0.2807198 -0.8648624 -0.4030772 -0.2928526 -0.8670445 -0.6089966 -0.1073825 -0.7858703 -0.5997803 -0.1274869 -0.7899435 -0.7006627 0.1489309 -0.6977761 -0.7011232 0.1748097 -0.6912799 -0.6518635 0.4736068 -0.5922589 -0.6402263 0.5001991 -0.583019 -0.4160408 0.7824584 -0.4633237 -0.4399016 0.761935 -0.4753332 -0.06573391 0.9400433 -0.3346605 -0.09794982 0.9319386 -0.3491365 0.3017217 0.9286073 -0.2159917 0.3351318 0.9207715 -0.1996662 0.6670724 0.7408577 -0.07838545 0.6933614 0.7179975 -0.06106935 0.9118403 0.4059775 0.06106961 0.9243308 0.3734544 0.07838609 0.01746083 -0.03024211 -0.9993901 0.02413806 -0.1717532 -0.9848442 0.01818397 -0.1730064 -0.9847528 -0.09576396 -0.2947303 -0.9507699 -0.08498228 -0.2963692 -0.9512851 -0.2944117 -0.3269771 -0.898002 -0.2808829 -0.3347439 -0.8994728 -0.5006779 -0.2441974 -0.8304753 -0.513028 -0.2284151 -0.8274229 -0.6659419 -0.02325478 -0.7456411 -0.6721532 0 -0.7404121 -0.7073063 0.2857702 -0.6465705 -0.7029136 0.3129575 -0.6387253 -0.5868424 0.6076933 -0.5350935 -0.569725 0.6327435 -0.5244513 -0.283224 0.8716787 -0.3999508 -0.3114475 0.8557003 -0.4132524 0.1007102 0.9582008 -0.267785 0.06689873 0.956701 -0.2832802 0.4643303 0.8732787 -0.1475862 0.4957146 0.8586027 -0.1306462 0.8089867 0.5877624 0.008721671 0.7879807 0.6156382 -0.008722525 0.9674361 0.2056353 0.1475862 0.9619794 0.239848 0.1306467 0.03913406 -0.09685844 -0.9945285 0.03579472 -0.09834342 -0.9945086 -0.00842759 -0.2413484 -0.9704019 -0.01691509 -0.2418961 -0.9701548 -0.1637631 -0.3357645 -0.9276011 -0.1764478 -0.3318496 -0.9266834 -0.381667 -0.3202564 -0.8670445 -0.3955885 -0.3090676 -0.8648624 -0.5894265 -0.1690149 -0.7899433 -0.6000226 -0.1496027 -0.7858701 -0.7093449 0.09969147 -0.697776 -0.7116095 0.125476 -0.6912796 -0.6735587 0.4543214 -0.5830188 -0.6833128 0.4269813 -0.5922589 -0.4919818 0.7293929 -0.4753316 -0.4696105 0.7515311 -0.4633218 -0.1627206 0.9228362 -0.3491352 -0.1311491 0.9331682 -0.3346596 0.236213 0.9473914 -0.2159932 0.2700889 0.941905 -0.1996673 0.641588 0.7646146 -0.06106846 0.6137661 0.785587 -0.07838594 0.8960285 0.4370221 0.0783862 0.8812993 0.4685958 0.06106911 0.9807951 0.04712458 0.1892625 0.9686576 0.02942018 0.2466514 0.01952715 -0.02895093 -0.9993901 0.03606105 -0.1696509 -0.9848443 0.03020777 -0.1713167 -0.9847528 -0.06410235 -0.3015753 -0.9512851 -0.07497067 -0.3006926 -0.9507699 -0.2568486 -0.3535214 -0.8994728 -0.2708856 -0.3467175 -0.8980021 -0.4824241 -0.2785275 -0.8304754 -0.495845 -0.2636451 -0.827423 -0.6705161 -0.04688752 -0.7404118 -0.6626978 -0.06965259 -0.7456408 -0.7255176 0.2357351 -0.6465703 -0.7230322 0.263162 -0.6387254 -0.612475 0.5914603 -0.5244511 -0.6278033 0.5652771 -0.5350934 -0.343343 0.8497979 -0.399949 -0.3703819 0.8318904 -0.4132501 0 0.9590371 -0.2832803 0.03362485 0.9628918 -0.267785 0.4022846 0.9035404 -0.1475869 0.4346154 0.8910897 -0.1306473 0.7431169 0.6691048 -0.008721713 0.7660149 0.6427637 0.008721475 0.9429049 0.3063684 0.1306471 0.9507349 0.2726192 0.1475868 0.04256656 -0.09560736 -0.9945086 0.04579432 -0.09389304 -0.9945285 0.00842759 -0.2413484 -0.9704019 -0 -0.2424866 -0.9701548 -0.1528693 -0.3433495 -0.9266834 -0.1399424 -0.34637 -0.9276012 -0.3730653 -0.3359099 -0.8648623 -0.358397 -0.3461005 -0.8670444 -0.5762006 -0.2097203 -0.7899433 -0.5881255 -0.1910937 -0.78587 -0.7186286 0.07553108 -0.6912799 -0.714571 0.04996819 -0.6977761 -0.7114331 0.3782756 -0.5922588 -0.7036099 0.4062292 -0.5830188 -0.5416631 0.6932969 -0.4753321 -0.520889 0.7169433 -0.4633216 -0.1959238 0.921747 -0.3346587 -0.226699 0.9092372 -0.349135 0.2037228 0.9584523 -0.1996653 0.1695486 0.961562 -0.2159903 0.5574719 0.8264868 -0.07838789 0.5866889 0.8075063 -0.06107048 0.8464652 0.5289302 0.06106842 0.8633609 0.4984613 0.07838532 0.9710465 0.1020603 0.2159916 0.9703282 0.1363699 0.1996658 0.9145671 0.0961241 0.3928449 0.02149931 -0.02751807 -0.9993901 0.04208456 -0.1687921 -0.9847528 0.04780695 -0.1667222 -0.9848443 -0.04290819 -0.3053125 -0.951285 -0.05381307 -0.30519 -0.9507698 -0.2315624 -0.3705775 -0.8994728 -0.2460395 -0.3647695 -0.8980021 -0.4618199 -0.3115012 -0.8304754 -0.4762461 -0.2975914 -0.8274232 -0.6656121 -0.09354524 -0.7404119 -0.6562245 -0.11571 -0.7456411 -0.7396281 0.2120851 -0.6387253 -0.7401943 0.1845513 -0.6465704 -0.6522414 0.5472955 -0.524451 -0.6657061 0.5201061 -0.5350933 -0.401783 0.8237787 -0.3999487 -0.4275092 0.8040271 -0.413251 -0.06689873 0.956701 -0.2832802 -0.03362485 0.9628918 -0.2677849 0.3713945 0.9192377 -0.1306452 0.3382733 0.9294029 -0.1475849 0.7193121 0.6946324 0.008722658 0.6946316 0.7193128 -0.008720989 0.9294023 0.3382744 0.1475866 0.9192368 0.3713963 0.1306464 0.05223388 -0.09046894 -0.9945285 0.04913268 -0.09240485 -0.9945086 0.01691509 -0.2418961 -0.9701548 0.02524354 -0.2401726 -0.9704019 -0.1154405 -0.3552881 -0.9276012 -0.1285457 -0.3531768 -0.9266834 -0.3333814 -0.3702573 -0.8670446 -0.3487251 -0.3611147 -0.8648624 -0.5733628 -0.2316533 -0.7858701 -0.5601674 -0.2494029 -0.7899435 -0.7163162 0 -0.6977758 -0.7221471 0.02521759 -0.6912796 -0.7360873 0.3277274 -0.5922587 -0.7302331 0.3561583 -0.5830188 -0.5696321 0.6788609 -0.4633219 -0.5887055 0.6538236 -0.4753322 -0.2597425 0.9058348 -0.3346597 -0.2895697 0.8912091 -0.3491359 0.1363713 0.9703281 -0.1996651 0.1020603 0.9710466 -0.2159916 0.5289299 0.8464652 -0.06107131 0.4984615 0.8633606 -0.07838789 0.8264863 0.5574729 0.07838545 0.8075074 0.5866876 0.06106948 0.9615613 0.1695501 0.2159924 0.9584513 0.2037256 0.1996668 0.02336667 -0.02595117 -0.9993901 0.05932119 -0.1629808 -0.9848443 0.05375627 -0.1654452 -0.9847528 -0.03239364 -0.3082001 -0.9507699 -0.02150689 -0.3075615 -0.9512851 -0.2199958 -0.3810434 -0.8980021 -0.2051484 -0.3858275 -0.8994728 -0.4389656 -0.3429576 -0.8304753 -0.4543269 -0.3300881 -0.8274231 -0.6465545 -0.1612044 -0.7456409 -0.6574652 -0.139749 -0.7404119 -0.7526208 0.1599747 -0.6387254 -0.7512648 0.1324683 -0.6465704 -0.7003649 0.4724025 -0.5350932 -0.68883 0.5004641 -0.5244511 -0.4582683 0.7937447 -0.3999494 -0.4825547 0.772246 -0.413252 -0.133473 0.9497035 -0.2832811 -0.1007102 0.9582008 -0.267785 0.3063698 0.9429047 -0.1306466 0.2726207 0.9507346 -0.1475862 0.6691052 0.7431166 0.008722628 0.6427633 0.7660152 -0.008721021 0.9035413 0.4022828 0.1475862 0.8910905 0.4346137 0.1306466 0.9555181 0.01068492 0.294739 0.0584153 -0.08660638 -0.9945285 0.05545826 -0.08875267 -0.9945086 0.03374706 -0.2401268 -0.9701548 0.04193528 -0.2378265 -0.970402 -0.1035965 -0.3612834 -0.9266834 -0.09037477 -0.3624754 -0.9276012 -0.3067417 -0.3926111 -0.8670445 -0.3226849 -0.3845613 -0.8648624 -0.5558065 -0.271085 -0.7858703 -0.5414057 -0.2878701 -0.7899435 -0.714571 -0.04996819 -0.6977761 -0.7221471 -0.02521759 -0.6912797 -0.7532989 0.3043523 -0.5830185 -0.7571555 0.2755818 -0.5922586 -0.6328797 0.6111649 -0.4753321 -0.6155993 0.6374717 -0.463322 -0.3510354 0.8688371 -0.3491367 -0.3222984 0.8855094 -0.3346593 0.03407561 0.9758003 -0.2159921 0.06835191 0.9774771 -0.1996662 0.4685947 0.8812999 -0.0610709 0.4370239 0.8960277 -0.07838643 0.7646142 0.6415883 0.06106983 0.7855858 0.6137673 0.07838667 0.9473919 0.2362116 0.2159926 0.9419055 0.2700874 0.1996668 0.02512003 -0.02425798 -0.9993901 0.06516592 -0.1612923 -0.9847528 0.07054402 -0.1584464 -0.9848443 -0.01081509 -0.309709 -0.9507699 0 -0.3083127 -0.9512851 -0.1928796 -0.3954613 -0.8980021 -0.1777348 -0.3991981 -0.8994727 -0.4139726 -0.372743 -0.8304754 -0.4301947 -0.3609761 -0.827423 -0.6461153 -0.1852708 -0.7404119 -0.6337345 -0.205913 -0.7456409 -0.7619467 0.1070845 -0.6387253 -0.7586755 0.07974019 -0.6465703 -0.7316123 0.4223964 -0.5350932 -0.7220627 0.4511947 -0.5244508 -0.5125213 0.7598431 -0.3999505 -0.5352466 0.7367048 -0.4132518 -0.1993954 0.9380791 -0.2832824 -0.1673055 0.948841 -0.2677866 0.2398482 0.9619796 -0.1306453 0.2056325 0.9674366 -0.1475862 0.5877637 0.8089856 -0.008721908 0.6156393 0.7879798 0.008722117 0.8732787 0.4643303 0.1475865 0.8586028 0.4957142 0.1306468 0.8875468 0.06206303 0.4565182 0.9656318 0.06647551 0.2512691 0.966223 0.06756457 0.248693 0.06151474 -0.0846676 -0.9945086 0.06431504 -0.08232001 -0.9945286 0.05041622 -0.2371876 -0.9701548 0.05842305 -0.2343221 -0.9704019 -0.06486991 -0.3678967 -0.9276012 -0.07814166 -0.3676299 -0.9266834 -0.2950735 -0.4061339 -0.8648623 -0.2786065 -0.4130523 -0.8670445 -0.5355428 -0.309196 -0.7858701 -0.5200061 -0.3249357 -0.7899433 -0.7093449 -0.09969147 -0.697776 -0.7186286 -0.07553109 -0.6912799 -0.7726938 0.2510642 -0.5830188 -0.7745343 0.2220943 -0.592259 -0.6739706 0.5655285 -0.4753327 -0.6585669 0.5929773 -0.4633223 -0.3832851 0.8608686 -0.3346608 -0.4107848 0.842235 -0.349136 -0.03407561 0.9758003 -0.2159921 0 0.9798639 -0.1996663 0.4059763 0.911841 -0.06106816 0.3734525 0.9243316 -0.07838491 0.7408588 0.6670711 0.07838577 0.7179968 0.6933622 0.0610683 0.9207711 0.3351328 0.1996665 0.928607 0.3017223 0.2159923 0.02675083 -0.02244677 -0.9993901 0.07625936 -0.1563533 -0.9847528 0.08142582 -0.1531393 -0.9848443 0.02150689 -0.3075615 -0.9512851 0.01081509 -0.309709 -0.9507699 -0.1648232 -0.407953 -0.898002 -0.1494548 -0.4106241 -0.8994727 -0.3869636 -0.4007116 -0.8304754 -0.4039662 -0.3901055 -0.8274232 -0.6316177 -0.2298895 -0.7404121 -0.6178269 -0.2496179 -0.7456411 -0.7675606 0.05367298 -0.6387252 -0.7623897 0.02662287 -0.6465703 -0.7592952 0.3703328 -0.5350929 -0.7517778 0.3997268 -0.5244508 -0.5853332 0.6975727 -0.4132522 -0.564276 0.7222413 -0.39995 -0.2330882 0.9348584 -0.2677865 -0.2643451 0.9218861 -0.2832804 0.1376497 0.9794237 -0.1475862 0.172159 0.9763671 -0.1306472 0.5298989 0.848016 -0.00872165 0.5591717 0.8290058 0.008722305 0.8387616 0.5241156 0.1475864 0.8219315 0.5544007 0.1306459 0.9488409 0.1673072 0.2677859 0.9497035 0.1334729 0.2832814 0.06727084 -0.08017048 -0.9945086 0.06990113 -0.07763264 -0.9945285 0.07462595 -0.2296759 -0.9704019 0.0668382 -0.2330932 -0.9701548 -0.05230725 -0.3721852 -0.9266834 -0.03904953 -0.3715256 -0.9276011 -0.2660241 -0.4257276 -0.8648624 -0.2491156 -0.4314802 -0.8670446 -0.5126702 -0.3457998 -0.7858701 -0.4960726 -0.3604182 -0.7899435 -0.7116095 -0.125476 -0.6912796 -0.7006627 -0.1489309 -0.6977761 -0.7883255 0.1965508 -0.5830187 -0.7881405 0.1675246 -0.5922585 -0.6983274 0.5455925 -0.4633224 -0.7117783 0.517137 -0.4753324 -0.4424005 0.8320364 -0.33466 -0.4685357 0.8115282 -0.3491365 -0.1020603 0.9710466 -0.2159916 -0.06835191 0.9774771 -0.1996662 0.3413829 0.9379383 -0.06106962 0.3080675 0.9481297 -0.07838622 0.6925211 0.7171264 0.07838456 0.6678817 0.7417578 0.06106776 0.8951502 0.3985468 0.1996662 0.9052979 0.3657637 0.2159923 0.02825158 -0.02052592 -0.9993901 0.08697946 -0.1506533 -0.9847528 0.0919091 -0.1470868 -0.9848443 0.03239364 -0.3082001 -0.9507699 0.04290819 -0.3053125 -0.951285 -0.1359647 -0.4184567 -0.898002 -0.1204473 -0.4200493 -0.8994727 -0.3580681 -0.4267292 -0.8304754 -0.3757699 -0.4173345 -0.827423 -0.6140426 -0.2733895 -0.7404121 -0.5989094 -0.2921077 -0.745641 -0.7694348 0 -0.6387254 -0.7623897 -0.02662287 -0.6465703 -0.7778295 0.3463127 -0.524451 -0.7832783 0.3164647 -0.5350935 -0.6325674 0.6550427 -0.4132523 -0.6132827 0.6811196 -0.3999505 -0.3280094 0.9012004 -0.2832804 -0.2977304 0.9163231 -0.2677849 0.06899264 0.9866401 -0.1475856 0.1036322 0.985998 -0.130646 0.4694532 0.8829144 -0.008720574 0.4999797 0.8659932 0.00872274 0.8001575 0.5813488 0.1475855 0.7812566 0.6103849 0.1306457 0.9380801 0.1993941 0.2832804 0.9348594 0.2330869 0.2677845 0.07269993 -0.0752821 -0.9945086 0.07514635 -0.07256751 -0.9945285 0.08293521 -0.2278629 -0.9701547 0.09046532 -0.2239109 -0.9704019 -0.01303721 -0.3733446 -0.9276011 -0.02621748 -0.3749276 -0.9266833 -0.2184102 -0.4478068 -0.8670444 -0.2356787 -0.4432478 -0.8648624 -0.4697229 -0.3941442 -0.7899435 -0.4872991 -0.3807198 -0.7858703 -0.7011231 -0.1748097 -0.6912799 -0.688567 -0.1974436 -0.6977761 -0.8001158 0.1410826 -0.5830185 -0.7979064 0.1121383 -0.5922588 -0.7461179 0.4662262 -0.4753328 -0.7346843 0.4955513 -0.4633224 -0.4993647 0.7991482 -0.3346595 -0.5240046 0.7768678 -0.3491355 -0.1363713 0.9703281 -0.1996651 -0.1695486 0.961562 -0.2159903 0.2411773 0.9673104 -0.07838412 0.2751215 0.959468 -0.06106807 0.6408101 0.7636872 0.07838421 0.6145136 0.786539 0.06106802 0.8651688 0.4600182 0.1996658 0.8775783 0.4280233 0.2159917 0.943337 0.05097876 0.3278969 0.9390354 0.03740264 0.34178 0.921086 0.02909154 0.3882709 0.02961463 -0.01850509 -0.9993901 0.09727725 -0.1442187 -0.9847528 0.1019464 -0.1403167 -0.9848443 0.05381307 -0.30519 -0.9507698 0.06410235 -0.3015753 -0.9512851 -0.09085198 -0.4274279 -0.8994728 -0.106444 -0.4269217 -0.898002 -0.3274288 -0.4506672 -0.8304754 -0.3457425 -0.4425303 -0.8274231 -0.5934762 -0.3155569 -0.740412 -0.5770741 -0.3331741 -0.7456411 -0.7586755 -0.07974019 -0.6465703 -0.7675606 -0.05367298 -0.6387252 -0.8000925 0.2912094 -0.5244511 -0.8034458 0.2610562 -0.535093 -0.6767197 0.6093222 -0.4132517 -0.6593016 0.6366798 -0.3999504 -0.3900771 0.8761235 -0.2832797 -0.3609267 0.8933217 -0.2677841 0 0.9890492 -0.1475863 0.03460115 0.9908251 -0.1306461 0.438355 0.8987596 0.008722627 0.4067199 0.9135113 -0.008722113 0.7576553 0.635749 0.1475856 0.7367759 0.6633949 0.1306465 0.9163228 0.2977309 0.267785 0.9218856 0.2643471 0.28328 0.08002487 -0.06714926 -0.9945285 0.07777345 -0.07002828 -0.9945086 0.1058655 -0.2170543 -0.9704019 0.09862842 -0.2215226 -0.9701548 0.01303721 -0.3733446 -0.9276011 -0 -0.375843 -0.9266834 -0.2041854 -0.4586083 -0.8648623 -0.1866401 -0.4619518 -0.8670444 -0.4410847 -0.4259504 -0.7899433 -0.4595543 -0.4137848 -0.7858702 -0.6731172 -0.244994 -0.6977758 -0.6872211 -0.223292 -0.6912799 -0.803785 0.05620599 -0.5922588 -0.808008 0.08492489 -0.5830188 -0.7768228 0.4130434 -0.4753329 -0.7674628 0.4430948 -0.4633226 -0.5769186 0.7384231 -0.3491367 -0.5538918 0.762369 -0.3346601 -0.236213 0.9473914 -0.2159932 -0.2037228 0.9584523 -0.1996653 0.173113 0.9817778 -0.07838564 0.2075246 0.9763218 -0.06106801 0.5859758 0.8065283 0.078386 0.5581493 0.82749 0.06106991 0.830972 0.5192482 0.199667 0.8455826 0.4881983 0.2159921 0.8720962 0.09166032 0.480673 0.9319386 0.09794995 0.3491364 0.9331682 0.131149 0.3346595 0.03083318 -0.01639451 -0.9993901 0.1114856 -0.1328637 -0.9848443 0.1070998 -0.1370821 -0.9847528 0.07497067 -0.3006926 -0.9507698 0.08498228 -0.2963692 -0.9512851 -0.07640371 -0.4333066 -0.8980021 -0.06081542 -0.4327241 -0.8994728 -0.2951944 -0.4724098 -0.8304753 -0.3140307 -0.4655704 -0.827423 -0.5524279 -0.3726168 -0.7456408 -0.5700181 -0.3561875 -0.7404119 -0.7512648 -0.1324683 -0.6465704 -0.7619467 -0.1070845 -0.6387253 -0.8196993 0.2043731 -0.5350932 -0.8184576 0.2346891 -0.5244505 -0.717576 0.5606312 -0.4132521 -0.7021077 0.5891391 -0.3999498 -0.45024 0.8467802 -0.2832794 -0.4223619 0.8659688 -0.2677847 -0.06899264 0.9866401 -0.1475856 -0.03460115 0.9908251 -0.1306461 0.3420083 0.9396564 -0.008723506 0.3745935 0.9271481 0.008720307 0.7114627 0.6870509 0.1475866 0.6887046 0.7131742 0.1306466 0.8933218 0.360925 0.2677858 0.9011998 0.3280104 0.2832808 0.08451428 -0.06140315 -0.9945285 0.08246946 -0.06443183 -0.9945086 0.1207475 -0.2091414 -0.9704019 0.1138407 -0.2141029 -0.9701548 0.03904953 -0.3715256 -0.9276011 0.02621748 -0.3749276 -0.9266833 -0.171697 -0.4717342 -0.8648623 -0.1539617 -0.4738456 -0.8670444 -0.4295709 -0.4448337 -0.7858701 -0.4102975 -0.4556814 -0.7899433 -0.6543872 -0.291352 -0.6977761 -0.6699715 -0.2706854 -0.6912796 -0.8119637 0.02835451 -0.5830188 -0.8057478 0 -0.5922589 -0.8037426 0.35785 -0.4753328 -0.7965019 0.3884799 -0.4633229 -0.6057242 0.7218732 -0.3346599 -0.6270236 0.6963804 -0.3491358 -0.3017217 0.9286073 -0.2159917 -0.2700889 0.941905 -0.1996673 0.1042065 0.9914618 -0.07838726 0.1389143 0.9884195 -0.06106991 0.4990655 0.8644097 0.06106887 0.5282891 0.8454384 0.0783865 0.7927263 0.5759497 0.1996673 0.809468 0.5459932 0.2159931 0.9228359 0.1627212 0.3491356 0.9217468 0.1959223 0.33466 0.03190184 -0.01420344 -0.9993901 0.120483 -0.1247624 -0.9848443 0.1164018 -0.1292769 -0.9847528 0.105449 -0.2897193 -0.9512851 0.09576396 -0.2947303 -0.9507698 -0.03048199 -0.4359125 -0.8994727 -0.04599108 -0.4375809 -0.8980021 -0.2807898 -0.4863417 -0.827423 -0.2615213 -0.4918508 -0.8304754 -0.5250895 -0.4102449 -0.7456407 -0.543784 -0.3950818 -0.7404116 -0.7526208 -0.1599747 -0.6387254 -0.7401943 -0.1845513 -0.6465704 -0.8328344 0.1770247 -0.5244512 -0.8319584 0.1466973 -0.5350934 -0.7549354 0.5092109 -0.4132515 -0.7414944 0.5387263 -0.3999501 -0.4817384 0.8343979 -0.2677842 -0.5082133 0.8133088 -0.2832808 -0.1036322 0.985998 -0.130646 -0.1376497 0.9794237 -0.1475862 0.2756254 0.9612255 -0.008722777 0.3090044 0.9510206 0.008721312 0.6618029 0.7350069 0.1475866 0.6372785 0.7594783 0.1306471 0.865969 0.422361 0.2677852 0.8761243 0.3900745 0.2832809 0.9009517 0.006213044 0.433875 0.08859189 -0.05535774 -0.9945286 0.08676291 -0.0585224 -0.9945086 0.135043 -0.2002084 -0.970402 0.1284983 -0.2056404 -0.9701548 0.06486991 -0.3678967 -0.9276012 0.05230725 -0.3721852 -0.9266835 -0.1205333 -0.4834309 -0.8670446 -0.1383729 -0.4825618 -0.8648625 -0.3775112 -0.4831924 -0.7899433 -0.3974946 -0.4737155 -0.7858701 -0.6494569 -0.3167615 -0.6912798 -0.6324695 -0.33629 -0.697776 -0.803785 -0.05620599 -0.5922588 -0.8119637 -0.02835451 -0.5830188 -0.8216609 0.3319727 -0.4633224 -0.8267474 0.3009109 -0.4753328 -0.6740735 0.6509448 -0.3491358 -0.6546038 0.677862 -0.3346595 -0.3657651 0.905297 -0.2159933 -0.3351318 0.9207715 -0.1996661 0.06962716 0.9957019 -0.06107118 0.03479289 0.9963156 -0.07838792 0.4375535 0.8971162 0.06106911 0.4680264 0.8802312 0.07838517 0.7694101 0.6011282 0.2159927 0.7506189 0.6298448 0.1996663 0.9058341 0.2597443 0.3346601 0.9092368 0.2266981 0.3491366 0.03281481 -0.01194377 -0.9993901 0.1251359 -0.1208423 -0.9847528 0.1288913 -0.1160554 -0.9848443 0.1160897 -0.2873324 -0.9507699 0.1254023 -0.2816576 -0.9512851 0 -0.4369768 -0.8994728 -0.01535597 -0.4397231 -0.8980021 -0.2265746 -0.5088952 -0.8304755 -0.2461802 -0.5047437 -0.8274232 -0.5148994 -0.4320522 -0.7404116 -0.4951931 -0.4458742 -0.7456407 -0.7396281 -0.2120851 -0.6387253 -0.7255175 -0.2357353 -0.6465704 -0.8431547 0.1184971 -0.5244508 -0.8401654 0.08830474 -0.5350929 -0.7886175 0.4553085 -0.4132513 -0.7772677 0.4856906 -0.3999496 -0.5637066 0.775878 -0.2832811 -0.5387698 0.7987601 -0.2677862 -0.2056325 0.9674366 -0.1475862 -0.172159 0.9763671 -0.1306472 0.241912 0.9702591 0.008720601 0.2079047 0.9781101 -0.0087223 0.6089185 0.7793819 0.1475876 0.5827464 0.8020834 0.1306479 0.846779 0.4502413 0.283281 0.8343965 0.48174 0.2677856 0.8588105 0.06005391 0.5087612 0.9237809 0.06459707 0.3774336 0.9208919 0.061911 0.3848701 0.09223708 -0.04904401 -0.9945285 0.09063391 -0.05232744 -0.9945086 0.148679 -0.1903013 -0.9704019 0.1425298 -0.1961758 -0.9701548 0.09037477 -0.3624754 -0.9276012 0.07814165 -0.3676299 -0.9266834 -0.08651688 -0.4906614 -0.8670446 -0.1043737 -0.4910389 -0.8648624 -0.3634813 -0.5002896 -0.7858701 -0.3428855 -0.5083495 -0.7899433 -0.60747 -0.3795901 -0.6977761 -0.6257788 -0.3612937 -0.6912797 -0.7979064 -0.1121383 -0.5922588 -0.808008 -0.08492489 -0.5830188 -0.8457237 0.2425075 -0.475333 -0.8428164 0.2738476 -0.4633229 -0.7002944 0.6305478 -0.3346597 -0.7178386 0.6023389 -0.3491356 -0.428024 0.8775778 -0.2159919 -0.3985486 0.8951492 -0.1996669 -0.03479289 0.9963156 -0.07838792 0 0.9981334 -0.06107085 0.3739085 0.9254527 0.06107108 0.4054842 0.910735 0.07838661 0.7256031 0.6533359 0.2159918 0.7048555 0.6806704 0.1996661 0.885509 0.3222994 0.3346596 0.8912085 0.2895712 0.349136 0.03356813 -0.009625295 -0.9993901 0.1366737 -0.1067806 -0.9848443 0.1332603 -0.1118193 -0.9847528 0.1447442 -0.2722238 -0.9512851 0.1358501 -0.2785344 -0.9507698 0.03048199 -0.4359125 -0.8994727 0.01535597 -0.4397232 -0.8980021 -0.2103712 -0.5206868 -0.8274233 -0.1905239 -0.5234605 -0.8304756 -0.4835072 -0.4669166 -0.7404119 -0.4628841 -0.4793305 -0.7456411 -0.7073064 -0.2857696 -0.6465704 -0.7230322 -0.263162 -0.6387256 -0.8442783 0.02948295 -0.5350933 -0.8493665 0.05939405 -0.5244508 -0.8184571 0.3991881 -0.4132515 -0.8092542 0.4302883 -0.3999497 -0.6164577 0.7346648 -0.2832798 -0.5931776 0.759231 -0.2677847 -0.2398482 0.9619796 -0.1306453 -0.2726207 0.9507346 -0.1475862 0.1391688 0.9902303 -0.008721229 0.1736415 0.9847704 0.008722 0.5253776 0.8407792 0.1306466 0.5530701 0.8199582 0.1475867 0.7987599 0.5387705 0.267785 0.8133096 0.5082122 0.2832806 0.9026127 0.1591554 0.3999497 0.9017548 0.1267335 0.4132517 0.09406321 -0.04587793 -0.9945086 0.09543402 -0.04248948 -0.9945285 0.1558676 -0.1857554 -0.9701547 0.1615923 -0.1794659 -0.9704019 0.1035965 -0.3612834 -0.9266834 0.1154405 -0.3552881 -0.9276012 -0.06986549 -0.4971237 -0.8648623 -0.05207871 -0.4955016 -0.8670444 -0.3065902 -0.5310292 -0.7899433 -0.3276975 -0.5244259 -0.7858701 -0.5795118 -0.4210397 -0.6977761 -0.5990518 -0.4040655 -0.69128 -0.7881405 -0.1675246 -0.5922585 -0.8001158 -0.1410826 -0.5830185 -0.8605802 0.1829223 -0.4753325 -0.8598661 0.2143884 -0.4633226 -0.7425735 0.5801619 -0.3346592 -0.7581078 0.5507966 -0.3491357 -0.4881965 0.8455837 -0.2159918 -0.4600181 0.8651686 -0.1996665 -0.06962716 0.9957019 -0.06107118 -0.1042065 0.9914618 -0.07838726 0.3409695 0.9368005 0.0783875 0.3084394 0.9492817 0.06106944 0.6782603 0.7023604 0.2159926 0.6556567 0.7281809 0.1996671 0.86087 0.3832828 0.3346597 0.8688383 0.3510333 0.3491355 0.03415772 -0.007260548 -0.9993901 0.1437892 -0.09698708 -0.9848443 0.1407363 -0.1022504 -0.9847528 0.1633807 -0.2614641 -0.951285 0.1549491 -0.2683793 -0.9507699 0.06081542 -0.4327241 -0.8994728 0.04599108 -0.4375809 -0.8980021 -0.1735374 -0.5340931 -0.8274233 -0.1535458 -0.5354756 -0.8304755 -0.4497583 -0.4995073 -0.7404119 -0.4283202 -0.5104521 -0.745641 -0.7029136 -0.3129579 -0.6387251 -0.6856492 -0.3344136 -0.64657 -0.8514407 0 -0.524451 -0.8442783 -0.02948295 -0.5350933 -0.8443094 0.3411233 -0.4132513 -0.8372984 0.3727889 -0.3999496 -0.6662033 0.6898735 -0.2832802 -0.644693 0.7160043 -0.2677848 -0.3063698 0.9429047 -0.1306466 -0.3382733 0.9294029 -0.1475849 0.1045243 0.9944841 0.008723159 0.0697547 0.997526 -0.008720055 0.4945248 0.8565415 0.1475864 0.4654471 0.8753802 0.1306462 0.759232 0.5931762 0.2677847 0.7758777 0.5637074 0.2832801 0.8907178 0.189328 0.4132514 0.889312 0.2217303 0.3999496 0.09816515 -0.03572965 -0.9945285 0.09703448 -0.03920427 -0.9945086 0.1684451 -0.1744305 -0.9701548 0.1737173 -0.1677567 -0.970402 0.1285457 -0.3531768 -0.9266834 0.1399424 -0.34637 -0.9276012 -0.03501854 -0.5007861 -0.8648624 -0.01738856 -0.4979272 -0.8670444 -0.2688006 -0.5511224 -0.7899433 -0.2903174 -0.5460075 -0.78587 -0.5694065 -0.4448688 -0.69128 -0.5487295 -0.460439 -0.6977763 -0.7883255 -0.1965509 -0.5830186 -0.7745343 -0.2220943 -0.5922589 -0.8712441 0.1224448 -0.4753325 -0.8727268 0.1538851 -0.4633222 -0.7812343 0.5269495 -0.3346599 -0.7946822 0.4965724 -0.3491362 -0.5192478 0.8309724 -0.1996659 -0.5459928 0.8094686 -0.215992 -0.1389143 0.9884195 -0.0610699 -0.173113 0.9817778 -0.07838564 0.2414696 0.9684851 0.06106784 0.27479 0.9583039 0.07838532 0.6276156 0.7479613 0.2159922 0.6032637 0.7721441 0.1996652 0.8320357 0.4424021 0.3346597 0.8422348 0.4107852 0.3491363 0.8778086 0.03065358 0.4780297 0.8529126 0.0297842 0.5212035 0.8875064 0.04922399 0.4581587 0.034581 -0.004860046 -0.9993901 0.0248141 -0.09633274 -0.9950399 0.1475259 -0.09218456 -0.9847528 0.1502045 -0.08672047 -0.9848442 0.1812215 -0.2494304 -0.951285 0.1732927 -0.2569169 -0.9507698 0.09085198 -0.4274279 -0.8994728 0.07640371 -0.4333066 -0.8980021 -0.1358577 -0.544898 -0.827423 -0.1158185 -0.5448826 -0.8304752 -0.3916694 -0.5390871 -0.7456408 -0.4138187 -0.5296645 -0.7404119 -0.6793709 -0.3612275 -0.6387252 -0.6606512 -0.3814273 -0.6465703 -0.8493665 -0.05939405 -0.5244508 -0.8401654 -0.08830474 -0.5350929 -0.8612632 0.3134743 -0.3999495 -0.8660482 0.2813961 -0.4132513 -0.693068 0.6692891 -0.2677853 -0.7127035 0.6417209 -0.283281 -0.4022846 0.9035404 -0.1475869 -0.3713945 0.9192377 -0.1306452 0 0.999962 -0.008719103 0.03489767 0.9993529 0.008724415 0.4032497 0.9057162 0.1306447 0.4335712 0.8889514 0.1475853 0.7346644 0.6164579 0.2832808 0.7160041 0.6446928 0.2677859 0.8716787 0.2832255 0.3999495 0.8753413 0.2509998 0.4132514 0.1004186 -0.02879385 -0.9945285 0.09953276 -0.03234037 -0.9945086 0.1849959 -0.1552308 -0.9704019 0.180203 -0.1622548 -0.9701548 0.1637631 -0.3357645 -0.9276011 0.1528693 -0.3433495 -0.9266834 -0 -0.5020092 -0.8648623 0.01738856 -0.4979272 -0.8670444 -0.2297013 -0.5685304 -0.7899433 -0.2515228 -0.5649288 -0.7858701 -0.5152752 -0.4975945 -0.6977759 -0.5369864 -0.4835055 -0.6912799 -0.772694 -0.251064 -0.5830188 -0.7571555 -0.2755818 -0.5922586 -0.8776628 0.06137269 -0.475333 -0.8813349 0.09263267 -0.4633227 -0.8273855 0.4399288 -0.349136 -0.8160896 0.4711694 -0.3346599 -0.5759494 0.7927268 -0.1996661 -0.6011297 0.7694091 -0.2159925 -0.2075246 0.9763218 -0.06106801 -0.2411773 0.9673104 -0.07838412 0.2072704 0.9751383 0.07838496 0.173324 0.9829697 0.06106903 0.5739094 0.7899213 0.2159913 0.5479338 0.8123434 0.1996668 0.8115283 0.4685362 0.3491356 0.7991489 0.4993636 0.3346595 0.8749864 0.09196468 0.475333 0.8775653 0.1233339 0.4633227 0.08503223 -0.005945974 -0.9963605 0.05942572 -0.00415541 -0.9982241 0.0741877 0.1203745 -0.9899526 0.153597 -0.081669 -0.9847528 0.1558877 -0.0760319 -0.9848443 0.1981799 -0.236181 -0.9512851 0.1907922 -0.2442029 -0.9507698 0.106444 -0.4269216 -0.898002 0.1204473 -0.4200493 -0.8994727 -0.09751776 -0.5530475 -0.827423 -0.07752643 -0.551634 -0.8304754 -0.3758636 -0.5572403 -0.7404119 -0.3531105 -0.5650951 -0.745641 -0.6324351 -0.4265829 -0.6465701 -0.6525176 -0.4077388 -0.6387253 -0.8431547 -0.1184971 -0.5244508 -0.8319584 -0.1466973 -0.5350934 -0.8835679 0.2202979 -0.4132514 -0.8810321 0.2526317 -0.3999495 -0.7380674 0.6193121 -0.2677857 -0.7557314 0.5904421 -0.2832811 -0.4643303 0.8732787 -0.1475862 -0.4346154 0.8910897 -0.1306473 -0.0697547 0.997526 -0.008720055 -0.03489767 0.9993529 0.008724416 0.3390905 0.9316379 0.130646 0.3705036 0.917031 0.1475844 0.6898737 0.6662027 0.2832811 0.6692879 0.6930692 0.2677852 0.8497983 0.3433407 0.3999498 0.8557 0.3114496 0.4132515 0.1021824 -0.02171986 -0.9945285 0.1015464 -0.02531805 -0.9945086 0.1953744 -0.141947 -0.9704019 0.1910821 -0.1492898 -0.9701548 0.1764478 -0.3318496 -0.9266834 0.1867863 -0.323523 -0.9276011 0.05207871 -0.4955016 -0.8670444 0.03501854 -0.5007861 -0.8648624 -0.2115025 -0.581098 -0.7858701 -0.1894829 -0.5831687 -0.7899433 -0.5019516 -0.5197856 -0.6912795 -0.4793089 -0.5323267 -0.697776 -0.736087 -0.3277277 -0.5922589 -0.7532989 -0.3043523 -0.5830185 -0.8856499 0.03092758 -0.4633226 -0.8798061 0 -0.4753327 -0.8560581 0.3811412 -0.3491361 -0.8469688 0.4130942 -0.3346597 -0.6533358 0.7256032 -0.2159917 -0.6298453 0.7506185 -0.1996666 -0.2751215 0.959468 -0.06106806 -0.3080675 0.9481297 -0.07838622 0.1043332 0.9926658 0.06106795 0.1387458 0.9872211 0.07838524 0.4899321 0.8485867 0.1996678 0.5174102 0.82803 0.2159933 0.7768681 0.524004 0.3491356 0.7623686 0.5538926 0.3346597 0.8664398 0.1527767 0.4753329 0.8668243 0.1842492 0.4633227 0.1608118 -0.06497186 -0.9848443 0.1589198 -0.07075576 -0.9847528 0.2141717 -0.221782 -0.951285 0.2073621 -0.2302989 -0.9507698 0.1359647 -0.4184567 -0.898002 0.1494548 -0.4106241 -0.8994727 -0.05870041 -0.5585026 -0.8274232 -0.03885841 -0.5556983 -0.8304754 -0.3128315 -0.5883504 -0.7456409 -0.3360765 -0.5821021 -0.7404119 -0.6011378 -0.46966 -0.64657 -0.6224861 -0.4522624 -0.6387252 -0.8196992 -0.2043733 -0.5350934 -0.8328343 -0.1770245 -0.5244513 -0.8967823 0.1581267 -0.4132521 -0.8965083 0.1905594 -0.39995 -0.779471 0.5663178 -0.2677853 -0.7950777 0.536287 -0.2832802 -0.5241153 0.838762 -0.1475854 -0.4957146 0.8586027 -0.1306462 -0.1391688 0.9902303 -0.008721229 -0.1045243 0.9944841 0.008723159 0.305632 0.9406418 0.1475871 0.2732756 0.9530223 0.1306482 0.6417215 0.7127032 0.2832799 0.6193131 0.7380667 0.2677848 0.8318899 0.3703812 0.4132516 0.8237781 0.4017833 0.3999499 0.8262316 0.004109619 0.5633157 0.0964212 -0.05396968 -0.9938763 0.1034487 -0.01453883 -0.9945285 0.103065 -0.0181733 -0.9945086 0.2047997 -0.1279733 -0.970402 0.2010306 -0.1355968 -0.9701548 0.2088989 -0.3097053 -0.9276012 0.1991664 -0.318733 -0.9266833 0.08651688 -0.4906614 -0.8670446 0.0698655 -0.4971237 -0.8648623 -0.1704516 -0.5944363 -0.7858701 -0.148341 -0.5949659 -0.7899433 -0.4410079 -0.564465 -0.6977761 -0.4644701 -0.553534 -0.6912796 -0.730233 -0.3561579 -0.5830191 -0.711433 -0.3782752 -0.5922592 -0.8776628 -0.06137269 -0.475333 -0.8856499 -0.03092758 -0.4633226 -0.8737216 0.3530062 -0.33466 -0.8805597 0.3204977 -0.349136 -0.7023594 0.6782616 -0.2159918 -0.6806704 0.7048555 -0.1996661 -0.3734525 0.9243316 -0.07838491 -0.3413829 0.9379383 -0.06106962 0.06954197 0.9944947 0.07838449 0.03483386 0.9975256 0.06106747 0.4295445 0.8806955 0.1996668 0.458391 0.8621048 0.215993 0.721873 0.6057246 0.33466 0.7384225 0.5769195 0.3491364 0.85186 0.2442667 0.4633229 0.8536719 0.2128445 0.475333 0.1649522 -0.05359659 -0.9848443 0.1634684 -0.05949751 -0.9847528 0.2291214 -0.206301 -0.9512851 0.2229217 -0.2152734 -0.9507698 0.1648232 -0.407953 -0.898002 0.1777348 -0.3991981 -0.8994727 -0.01959888 -0.561237 -0.827423 0 -0.5570553 -0.8304754 -0.2946528 -0.6041276 -0.7404119 -0.2710285 -0.6087391 -0.7456408 -0.5669109 -0.5104498 -0.6465703 -0.5894215 -0.4945833 -0.6387251 -0.8184573 -0.2346894 -0.5244506 -0.8034459 -0.261056 -0.5350929 -0.9056283 0.09518603 -0.4132517 -0.9076172 0.1275569 -0.3999503 -0.8170761 0.5105662 -0.2677849 -0.8305506 0.4795184 -0.2832805 -0.5813485 0.8001579 -0.1475852 -0.5543998 0.8219322 -0.1306452 -0.2079047 0.9781101 -0.0087223 -0.1736415 0.9847704 0.008722 0.2061282 0.9697642 0.1306465 0.2392739 0.9596696 0.1475877 0.5904425 0.7557312 0.2832806 0.5663174 0.7794718 0.2677843 0.8040268 0.4275088 0.4132518 0.7937443 0.4582685 0.3999501 0.8675882 0.06066712 0.493569 0.7955669 0.05563095 0.6033062 0.8467767 0.08899974 0.5244506 0.8409156 0.04713911 0.5391092 0.1173941 -0.01233853 -0.9930087 0.124328 0.01614779 -0.9921098 0.1735295 -0.03676735 -0.9841421 0.2132278 -0.1133752 -0.9704019 0.2099993 -0.1212437 -0.9701548 0.229994 -0.2943789 -0.9276011 0.2209151 -0.3040633 -0.9266834 0.1205333 -0.4834309 -0.8670446 0.1043737 -0.4910389 -0.8648624 -0.1285706 -0.6048782 -0.7858702 -0.1064782 -0.6038643 -0.7899433 -0.424726 -0.5845852 -0.6912798 -0.400559 -0.5938527 -0.6977761 -0.7036096 -0.4062294 -0.583019 -0.6833125 -0.4269816 -0.592259 -0.8712441 -0.1224448 -0.4753325 -0.8813349 -0.09263267 -0.4633228 -0.8962176 0.291199 -0.3346599 -0.9007715 0.2582919 -0.3491362 -0.7479621 0.6276147 -0.2159918 -0.7281807 0.6556572 -0.1996658 -0.4370239 0.8960277 -0.07838643 -0.4059763 0.911841 -0.06106816 -0.03483386 0.9975256 0.06106747 -0 0.9969233 0.07838393 0.3670626 0.9085142 0.1996671 0.3971352 0.8919812 0.2159931 0.6778623 0.6546034 0.3346597 0.6963804 0.6270236 0.3491358 0.832746 0.303095 0.4633223 0.8367456 0.2718742 0.4753329 0.1682892 -0.04195872 -0.9848443 0.1672205 -0.04794981 -0.9847528 0.2429536 -0.1898163 -0.9512851 0.2373956 -0.1991983 -0.9507699 0.2051484 -0.3858275 -0.8994728 0.1928796 -0.3954613 -0.8980021 0.03885841 -0.5556983 -0.8304754 0.01959888 -0.561237 -0.827423 -0.2517933 -0.6232099 -0.7404118 -0.2279046 -0.6261624 -0.7456408 -0.5299234 -0.5487513 -0.6465703 -0.553485 -0.5344942 -0.6387254 -0.7832785 -0.3164648 -0.5350933 -0.8000926 -0.2912094 -0.524451 -0.9100621 0.03178005 -0.4132518 -0.9143044 0.06393478 -0.3999498 -0.8619769 0.4204141 -0.2832807 -0.8507011 0.4523259 -0.2677852 -0.6357495 0.7576547 -0.1475871 -0.6103836 0.7812577 -0.130646 -0.241912 0.9702591 0.008720601 -0.2756254 0.9612255 -0.008722777 0.1379812 0.9817804 0.1306467 0.1717461 0.9740235 0.1475858 0.5362858 0.7950787 0.2832794 0.5105657 0.8170766 0.2677845 0.7598435 0.5125208 0.3999504 0.7722466 0.4825537 0.413252 0.8365719 0.1175722 0.5350928 0.8385057 0.1478512 0.5244504 0.220617 -0.09822517 -0.9704019 0.2179456 -0.1062989 -0.9701548 0.2499685 -0.2776181 -0.9276012 0.2415869 -0.2879126 -0.9266833 0.1383729 -0.4825618 -0.8648625 0.1539617 -0.4738456 -0.8670444 -0.08606401 -0.6123735 -0.78587 -0.0640941 -0.6098207 -0.7899435 -0.3581576 -0.6203477 -0.6977762 -0.3829131 -0.6127885 -0.6912798 -0.6518637 -0.4736064 -0.592259 -0.6735584 -0.4543212 -0.5830191 -0.8605803 -0.1829221 -0.4753325 -0.8727268 -0.1538851 -0.4633222 -0.9165946 0.1948289 -0.3491362 -0.9143474 0.2279726 -0.3346602 -0.7899207 0.5739099 -0.2159923 -0.7721433 0.6032646 -0.199666 -0.4984615 0.8633606 -0.07838789 -0.4685947 0.8812999 -0.06107092 -0.1043332 0.9926658 0.06106795 -0.06954197 0.9944947 0.07838449 0.3027937 0.9319062 0.1996667 0.3339462 0.9175114 0.2159927 0.6509452 0.674073 0.349136 0.6305482 0.700294 0.3346599 0.8095744 0.3604457 0.4633229 0.8157417 0.329582 0.4753327 0.1708061 -0.03011791 -0.9848443 0.1701579 -0.03616814 -0.9847528 0.255603 -0.1724063 -0.9512851 0.2507129 -0.182153 -0.9507698 0.2199958 -0.3810434 -0.8980021 0.2315624 -0.3705775 -0.8994728 0.07752643 -0.551634 -0.8304754 0.05870041 -0.5585026 -0.8274232 -0.1836701 -0.6405349 -0.7456409 -0.207707 -0.639256 -0.7404118 -0.4903533 -0.5843804 -0.6465704 -0.5148525 -0.5718014 -0.6387253 -0.7778296 -0.3463125 -0.5244508 -0.7592954 -0.3703325 -0.5350928 -0.9100621 -0.03178005 -0.4132518 -0.916537 0 -0.3999501 -0.8892039 0.3592614 -0.2832803 -0.8801818 0.3918817 -0.2677851 -0.663396 0.7367747 -0.1306475 -0.6870509 0.7114628 -0.1475866 -0.3090044 0.9510206 0.008721312 -0.3420083 0.9396564 -0.008723506 0.1033839 0.983631 0.1475869 0.06915871 0.9890139 0.1306471 0.4795184 0.8305508 0.2832798 0.4523272 0.8507004 0.2677852 0.7367047 0.5352467 0.413252 0.7222408 0.5642769 0.3999498 0.8263324 0.175643 0.5350928 0.8261493 0.2059824 0.5244507 0.2248297 -0.09083708 -0.9701548 0.2269315 -0.08259617 -0.9704019 0.2687251 -0.2595052 -0.9276012 0.2610824 -0.2703588 -0.9266834 0.171697 -0.4717342 -0.8648623 0.1866401 -0.4619518 -0.8670444 -0.02139978 -0.612806 -0.7899436 -0.04313677 -0.616885 -0.7858704 -0.3392338 -0.6380066 -0.6912801 -0.3140123 -0.6438205 -0.6977761 -0.6402261 -0.5001995 -0.5830188 -0.6172386 -0.5179246 -0.5922588 -0.8457237 -0.2425079 -0.4753328 -0.8598662 -0.2143886 -0.4633224 -0.9280229 0.1636354 -0.3346596 -0.9279526 0.1304149 -0.3491359 -0.8123443 0.5479324 -0.1996666 -0.8280299 0.5174109 -0.215992 -0.5574719 0.8264868 -0.07838789 -0.5289299 0.8464652 -0.06107131 -0.173324 0.9829697 0.06106903 -0.1387458 0.9872211 0.07838523 0.2370519 0.9507576 0.1996656 0.2691323 0.938571 0.2159914 0.5801622 0.742573 0.3346597 0.6023389 0.7178384 0.349136 0.7907642 0.3856816 0.4753331 0.7824588 0.4160409 0.4633229 0.7968988 0.02421049 0.6036274 0.7656483 0.03216174 0.6424548 0.172491 -0.01812935 -0.9848442 0.1715167 -0.02368613 -0.9848964 0.1722665 -0.02421034 -0.9847529 0.2670064 -0.1541569 -0.951285 0.2628081 -0.1642211 -0.9507699 0.2568486 -0.3535214 -0.8994728 0.2460395 -0.3647695 -0.8980021 0.09751775 -0.5530474 -0.827423 0.1158185 -0.5448826 -0.8304752 -0.1385413 -0.6517866 -0.7456411 -0.1626088 -0.6521875 -0.7404119 -0.4737113 -0.6063229 -0.6387254 -0.4483945 -0.6171621 -0.6465704 -0.7316121 -0.4223967 -0.5350931 -0.751778 -0.3997269 -0.5244505 -0.9056283 -0.09518603 -0.4132517 -0.9143044 -0.06393478 -0.3999498 -0.9120983 0.2963589 -0.2832809 -0.9053735 0.3295297 -0.2677853 -0.7131746 0.6887042 -0.1306464 -0.7350066 0.6618033 -0.1475858 -0.4067199 0.9135113 -0.008722113 -0.3745935 0.9271481 0.008720307 0 0.9914288 0.1306478 0.0345167 0.9884466 0.1475873 0.3918816 0.8801814 0.2677863 0.4204135 0.8619768 0.2832815 0.6811197 0.6132828 0.39995 0.6975726 0.5853336 0.4132516 0.8120674 0.2328567 0.5350929 0.8097685 0.2631088 0.524451 0.2306185 -0.07493237 -0.9701548 0.2321403 -0.06656539 -0.9704019 0.2793057 -0.2514881 -0.9266834 0.286173 -0.2401274 -0.9276012 0.2041854 -0.4586083 -0.8648623 0.2184102 -0.4478068 -0.8670444 0.02139978 -0.612806 -0.7899436 -0 -0.6183914 -0.7858703 -0.2939026 -0.6601161 -0.6912799 -0.2683368 -0.6641564 -0.6977761 -0.5796064 -0.5597194 -0.5922589 -0.6037745 -0.5436408 -0.5830188 -0.8428164 -0.2738471 -0.463323 -0.8267472 -0.3009109 -0.4753332 -0.9371766 0.09850188 -0.3346601 -0.9347892 0.06536724 -0.3491365 -0.8621055 0.4583898 -0.2159924 -0.8485867 0.4899326 -0.1996664 -0.6137661 0.785587 -0.07838594 -0.5866889 0.8075063 -0.06107048 -0.2414696 0.9684851 0.06106784 -0.2072704 0.9751383 0.07838497 0.2030049 0.9550584 0.2159916 0.1701512 0.964978 0.1996651 0.5269482 0.781235 0.3346603 0.5507962 0.7581077 0.3491365 0.7619346 0.4399026 0.4753329 0.7515314 0.4696093 0.4633223 0.8432246 0.08862609 0.5302052 0.797291 0.05475783 0.6011062 0.8045515 0.1130721 0.5830194 0.1956975 -0.01368457 -0.9805688 0.2294816 -0.01604699 -0.9731807 0.2224596 0.0235157 -0.9746583 0.2771099 -0.1351551 -0.9512851 0.2736236 -0.1454884 -0.9507698 0.2808829 -0.3347439 -0.8994728 0.2708856 -0.3467175 -0.8980021 0.1535458 -0.5354756 -0.8304755 0.1358577 -0.544898 -0.827423 -0.09273824 -0.6598629 -0.7456411 -0.1167181 -0.6619417 -0.7404121 -0.4302622 -0.6378906 -0.6387253 -0.4042516 -0.6469372 -0.6465701 -0.7220627 -0.4511947 -0.5244509 -0.7003649 -0.4724025 -0.5350932 -0.8967823 -0.1581267 -0.4132521 -0.9076172 -0.1275569 -0.3999503 -0.9261551 0.2655706 -0.2677854 -0.9305495 0.2320122 -0.2832807 -0.7793813 0.6089196 -0.147586 -0.7594785 0.6372786 -0.1306461 -0.438355 0.8987596 0.008722607 -0.4694532 0.8829144 -0.008720574 -0.06915871 0.9890139 0.1306471 -0.0345167 0.9884466 0.1475873 0.3295286 0.9053739 0.2677854 0.359262 0.8892033 0.2832812 0.6550433 0.6325672 0.4132517 0.6366804 0.6593014 0.3999498 0.7894418 0.3189561 0.5244508 0.7938457 0.2889359 0.5350934 0.2362182 -0.05020974 -0.970402 0.2352837 -0.05866295 -0.9701548 0.3022265 -0.2195797 -0.9276012 0.2961685 -0.2313918 -0.9266834 0.2356787 -0.4432478 -0.8648624 0.2491156 -0.4314802 -0.8670446 0.04313677 -0.6168849 -0.7858704 0.0640941 -0.6098207 -0.7899435 -0.2213539 -0.6812569 -0.697776 -0.2471394 -0.6790097 -0.6912798 -0.5391507 -0.5987872 -0.5922588 -0.5643811 -0.5844339 -0.5830188 -0.8037426 -0.3578497 -0.4753329 -0.8216605 -0.3319728 -0.4633227 -0.941765 0.03288706 -0.33466 -0.937072 0 -0.3491361 -0.880696 0.4295438 -0.1996664 -0.8919815 0.3971353 -0.2159923 -0.641588 0.7646146 -0.06106846 -0.6670724 0.7408577 -0.07838545 -0.27479 0.9583039 0.07838532 -0.3084394 0.9492817 0.06106944 0.1358877 0.9668933 0.2159908 0.1024238 0.9744963 0.1996651 0.4711694 0.8160899 0.3346592 0.4965731 0.794682 0.3491357 0.7293921 0.4919818 0.4753326 0.7169427 0.5208888 0.4633228 0.7935061 0.1399168 0.5922596 0.7947039 0.1689202 0.5830195 0.2831056 -0.1260471 -0.95077 0.2858625 -0.1154959 -0.9512851 0.3035496 -0.314335 -0.8994727 0.2944117 -0.3269771 -0.898002 0.1905239 -0.5234605 -0.8304756 0.1735374 -0.5340931 -0.8274233 -0.0464821 -0.6647248 -0.7456408 -0.07025907 -0.6684715 -0.7404119 -0.3847176 -0.6663502 -0.638725 -0.3581382 -0.6735607 -0.6465701 -0.68883 -0.5004641 -0.5244511 -0.6657058 -0.5201065 -0.5350935 -0.8835678 -0.2202981 -0.4132514 -0.8965083 -0.1905594 -0.39995 -0.9424245 0.2003179 -0.267785 -0.9444672 0.166535 -0.2832802 -0.802083 0.5827474 -0.1306462 -0.8199593 0.5530688 -0.1475863 -0.4999797 0.8659932 0.00872274 -0.5298989 0.848016 -0.00872165 -0.1379812 0.9817804 0.1306467 -0.1033839 0.983631 0.1475869 0.265572 0.9261549 0.2677848 0.2963597 0.9120983 0.2832801 0.5891392 0.7021076 0.3999499 0.6093219 0.67672 0.4132516 0.7717569 0.3436088 0.5350928 0.7652699 0.3732471 0.5244507 0.7330423 0.00512547 0.6801637 0.2389145 -0.03455195 -0.9704257 0.2391452 -0.03360946 -0.9704019 0.2388027 -0.04210725 -0.9701547 0.3168068 -0.1979633 -0.9276012 0.3115877 -0.2101688 -0.9266834 0.2660241 -0.4257276 -0.8648624 0.2786065 -0.4130523 -0.8670445 0.08606401 -0.6123735 -0.78587 0.1064782 -0.6038643 -0.7899433 -0.1991719 -0.6945955 -0.6912798 -0.1732928 -0.6950384 -0.697776 -0.5222384 -0.6223797 -0.5830186 -0.4960679 -0.6349381 -0.5922586 -0.7965019 -0.3884799 -0.4633229 -0.7768228 -0.4130434 -0.4753329 -0.941765 -0.03288706 -0.33466 -0.9347892 -0.06536724 -0.3491365 -0.9085141 0.3670631 -0.1996665 -0.9175111 0.3339474 -0.2159919 -0.6933614 0.7179975 -0.06106937 -0.7171267 0.6925207 -0.07838649 -0.3409695 0.9368005 0.0783875 -0.3739085 0.9254527 0.06107108 0.06810726 0.9740168 0.2159922 0.03419614 0.9792669 0.1996674 0.4399299 0.8273854 0.3491347 0.4130941 0.8469697 0.3346577 0.6932967 0.5416623 0.475333 0.6788604 0.5696322 0.4633225 0.7809851 0.2239439 0.5830193 0.7818133 0.194928 0.5922593 0.2932229 -0.09527368 -0.9512851 0.2912088 -0.1059909 -0.9507698 0.324737 -0.2923946 -0.8994728 0.316503 -0.3056438 -0.8980021 0.2103712 -0.5206868 -0.8274233 0.2265746 -0.5088952 -0.8304755 0 -0.6663481 -0.7456408 -0.02345772 -0.6717441 -0.7404118 -0.3372981 -0.6915634 -0.6387253 -0.3102808 -0.6969022 -0.6465703 -0.6522412 -0.5472953 -0.5244513 -0.6278036 -0.5652766 -0.5350935 -0.8810321 -0.2526317 -0.3999497 -0.8660484 -0.2813956 -0.4132513 -0.9541023 0.1340901 -0.2677847 -0.9537836 0.1002474 -0.2832797 -0.8407796 0.5253771 -0.1306467 -0.8565413 0.4945252 -0.147586 -0.5877637 0.8089856 -0.008721908 -0.5591717 0.8290058 0.008722305 -0.1717461 0.9740235 0.1475858 -0.2061282 0.9697642 0.1306465 0.2003194 0.9424239 0.267786 0.2320119 0.9305495 0.2832809 0.5606316 0.7175758 0.413252 0.5387261 0.7414947 0.3999497 0.7459083 0.3966062 0.5350929 0.7373697 0.4257199 0.5244507 0.759145 0.0423896 0.6495398 0.7119225 0.04978286 0.7004913 0.8145909 0.05696218 0.5772322 0.76522 0.08042751 0.6387251 0.2502242 -0.02629967 -0.9678307 0.2708352 0.006061992 -0.9626067 0.3298445 -0.1753815 -0.9276013 0.3254894 -0.1879215 -0.9266834 0.3067417 -0.3926111 -0.8670445 0.2950735 -0.4061339 -0.8648623 0.148341 -0.5949659 -0.7899433 0.1285706 -0.6048782 -0.7858702 -0.1502346 -0.7067969 -0.6912796 -0.1243869 -0.7054336 -0.6977761 -0.4505682 -0.6679953 -0.5922589 -0.4775515 -0.6572928 -0.5830187 -0.7674628 -0.4430948 -0.4633226 -0.7461179 -0.4662262 -0.4753328 -0.9371766 -0.09850188 -0.3346601 -0.9279526 -0.1304149 -0.3491359 -0.9385712 0.2691309 -0.2159924 -0.9319058 0.3027955 -0.1996662 -0.7636872 0.6408102 -0.07838597 -0.7417581 0.6678813 -0.06106973 -0.4054842 0.910735 0.07838659 -0.4375535 0.8971162 0.06106911 -0 0.976395 0.2159929 -0.03419614 0.9792669 0.1996674 0.381141 0.856059 0.349134 0.353007 0.8737218 0.3346584 0.6374721 0.6155989 0.4633221 0.6538239 0.588705 0.4753323 0.7634612 0.2778769 0.5830191 0.7663115 0.2489893 0.5922592 0.2991545 -0.07458778 -0.951285 0.2978929 -0.08541957 -0.9507699 0.3443426 -0.2690295 -0.8994728 0.3370529 -0.2828208 -0.898002 0.2615213 -0.4918508 -0.8304754 0.2461802 -0.5047437 -0.8274232 0.02345772 -0.6717441 -0.7404118 0.0464821 -0.6647248 -0.7456408 -0.2609116 -0.7168487 -0.6465703 -0.2882353 -0.7134076 -0.6387253 -0.5868424 -0.6076933 -0.5350935 -0.612475 -0.5914603 -0.5244511 -0.8443093 -0.3411236 -0.4132512 -0.8612633 -0.3134744 -0.3999492 -0.9611319 0.06720939 -0.2677843 -0.9584531 0.03346982 -0.28328 -0.8889517 0.4335704 -0.1475861 -0.8753798 0.465448 -0.130646 -0.6427633 0.7660152 -0.008721021 -0.6156393 0.7879798 0.008722117 -0.2732756 0.9530223 0.1306482 -0.2392739 0.9596696 0.1475877 0.1665334 0.9444668 0.2832825 0.13409 0.9541015 0.2677878 0.485691 0.777267 0.3999503 0.5092098 0.7549362 0.4132515 0.7164248 0.4476724 0.5350934 0.7058759 0.4761199 0.5244511 0.7554306 0.1061684 0.6465701 0.7577457 0.1336113 0.6387249 0.3378054 -0.1647587 -0.9266834 0.3412749 -0.1519459 -0.9276012 0.3333814 -0.3702573 -0.8670446 0.3226849 -0.3845613 -0.8648624 0.1894829 -0.5831687 -0.7899433 0.1704516 -0.5944363 -0.7858701 -0.07487532 -0.7123919 -0.697776 -0.1005647 -0.715555 -0.6912798 -0.4028739 -0.6977978 -0.592259 -0.4305375 -0.6890038 -0.583019 -0.7117783 -0.517137 -0.4753324 -0.7346843 -0.4955513 -0.4633224 -0.9165946 -0.1948289 -0.3491362 -0.9280229 -0.1636354 -0.3346596 -0.9550585 0.2030034 -0.2159923 -0.9507579 0.2370501 -0.1996664 -0.8065277 0.5859767 -0.07838589 -0.7865399 0.6145124 -0.06106916 -0.4990655 0.8644097 0.06106887 -0.4680264 0.8802312 0.07838517 -0.1024238 0.9744963 0.1996651 -0.06810726 0.9740168 0.2159922 0.2911998 0.8962178 0.3346584 0.3204983 0.88056 0.3491345 0.6111643 0.6328799 0.4753326 0.5929768 0.658567 0.4633227 0.7422174 0.3304569 0.5830194 0.7470758 0.3018387 0.5922595 0.3031259 -0.06443126 -0.9507699 0.3036289 -0.05353783 -0.9512851 0.3622701 -0.2443546 -0.8994727 0.3559604 -0.2586202 -0.8980021 0.2807898 -0.4863417 -0.827423 0.2951944 -0.4724098 -0.8304753 0.07025907 -0.6684715 -0.7404119 0.09273824 -0.6598629 -0.7456411 -0.2102711 -0.7333028 -0.6465702 -0.2377684 -0.7317762 -0.6387252 -0.5430224 -0.6471491 -0.5350932 -0.5697246 -0.632744 -0.524451 -0.8372984 -0.3727889 -0.3999496 -0.8184571 -0.3991881 -0.4132515 -0.9584531 -0.03346982 -0.28328 -0.9634788 0 -0.2677846 -0.9170305 0.370504 -0.1475864 -0.9057155 0.4032505 -0.1306465 -0.6946316 0.7193128 -0.008720989 -0.6691052 0.7431166 0.008722607 -0.305632 0.9406418 0.1475872 -0.3390905 0.9316379 0.130646 0.06720629 0.961132 0.2677844 0.1002488 0.9537827 0.283282 0.4302889 0.8092533 0.3999507 0.4553086 0.788617 0.4132521 0.6709448 0.5241991 0.5244507 0.6834524 0.4965566 0.535093 0.7461846 0.1586065 0.6465699 0.7465798 0.1861433 0.6387249 0.3510431 -0.1277687 -0.9276011 0.3484756 -0.1407932 -0.9266833 0.358397 -0.3461005 -0.8670444 0.3487251 -0.3611147 -0.8648624 0.2115025 -0.581098 -0.78587 0.2297013 -0.5685304 -0.7899433 -0.02499893 -0.7158796 -0.6977761 -0.05040514 -0.7208269 -0.6912799 -0.3532167 -0.7242012 -0.5922589 -0.381426 -0.7173585 -0.5830189 -0.6739708 -0.5655286 -0.4753323 -0.6983272 -0.545593 -0.4633222 -0.9143474 -0.2279724 -0.3346603 -0.9007714 -0.2582919 -0.3491364 -0.9649777 0.1701514 -0.1996667 -0.9668928 0.1358878 -0.2159924 -0.8454388 0.5282885 -0.07838655 -0.8274899 0.5581497 -0.06106946 -0.5581493 0.82749 0.06106991 -0.5282891 0.8454384 0.0783865 -0.1701512 0.964978 0.1996651 -0.1358877 0.9668933 0.2159908 0.2279723 0.9143474 0.3346601 0.2582907 0.900772 0.3491357 0.5455928 0.698327 0.4633225 0.5655289 0.6739701 0.4753329 0.7173584 0.381426 0.583019 0.7242013 0.3532161 0.5922592 0.6981208 0.0182217 0.7157481 0.3066237 -0.03222754 -0.9512851 0.3062634 -0.03373221 -0.9513489 0.3068819 -0.04312952 -0.9507698 0.378433 -0.2184885 -0.8994727 0.3731338 -0.2331598 -0.8980021 0.3140307 -0.4655704 -0.827423 0.3274288 -0.4506672 -0.8304754 0.1167181 -0.6619417 -0.7404121 0.1385413 -0.6517866 -0.7456411 -0.1861433 -0.7465792 -0.6387254 -0.1586067 -0.7461841 -0.6465703 -0.5241992 -0.6709443 -0.524451 -0.4965571 -0.6834517 -0.5350932 -0.8092542 -0.4302879 -0.3999498 -0.7886174 -0.4553084 -0.4132517 -0.9611319 -0.06720939 -0.2677843 -0.9537836 -0.1002474 -0.2832797 -0.9316382 0.3390893 -0.1306471 -0.9406413 0.3056338 -0.1475868 -0.7193121 0.6946324 0.008722658 -0.7431169 0.6691048 -0.008721713 -0.3705036 0.917031 0.1475844 -0.4032497 0.9057162 0.1306447 0.03346985 0.9584534 0.2832787 0 0.9634792 0.2677833 0.3991873 0.8184566 0.4132532 0.3727882 0.837298 0.3999513 0.632744 0.5697245 0.5244512 0.6471488 0.5430228 0.5350931 0.7317762 0.2377682 0.6387251 0.7333029 0.2102716 0.6465699 0.3591005 -0.1029706 -0.9276012 0.3574478 -0.1161418 -0.9266834 0.381667 -0.3202564 -0.8670445 0.3730653 -0.3359099 -0.8648623 0.2688006 -0.5511224 -0.7899433 0.2515228 -0.5649289 -0.78587 -0 -0.7225871 -0.6912799 0.02499893 -0.7158796 -0.6977761 -0.3018383 -0.7470763 -0.5922588 -0.3304568 -0.7422179 -0.5830188 -0.6585676 -0.5929766 -0.4633222 -0.6328796 -0.6111648 -0.4753326 -0.8805596 -0.3204977 -0.3491362 -0.8962175 -0.2911989 -0.3346601 -0.9744961 0.1024237 -0.1996667 -0.9740165 0.06811038 -0.2159922 -0.8802307 0.4680273 -0.07838565 -0.8644094 0.499066 -0.06106951 -0.6145136 0.786539 0.06106802 -0.5859758 0.8065283 0.078386 -0.2370519 0.9507576 0.1996656 -0.2030049 0.9550584 0.2159916 0.1636341 0.9280236 0.3346581 0.1948296 0.9165946 0.3491356 0.4955505 0.7346854 0.4633218 0.5171375 0.7117779 0.4753326 0.6890038 0.4305378 0.5830189 0.6977979 0.4028738 0.5922592 0.7155554 0.1005643 0.6912795 0.709102 0.05164489 0.703212 0.7618039 0.08006958 0.6428402 0.318483 -0.005558826 -0.9479123 0.3653331 -0.00637655 -0.9308551 0.3146616 -0.02200337 -0.9489489 0.3695356 -0.02584055 -0.9288572 0.3927522 -0.1915581 -0.8994727 0.3884891 -0.2065635 -0.898002 0.3580681 -0.4267292 -0.8304754 0.3457425 -0.4425303 -0.8274231 0.1626088 -0.6521875 -0.7404119 0.1836701 -0.6405349 -0.7456409 -0.1336108 -0.7577455 -0.6387252 -0.1061689 -0.7554305 -0.6465702 -0.4476722 -0.7164251 -0.5350931 -0.4761196 -0.7058764 -0.5244508 -0.7772676 -0.4856905 -0.3999499 -0.7549353 -0.5092108 -0.4132519 -0.9541023 -0.1340901 -0.2677847 -0.9444672 -0.166535 -0.2832802 -0.953023 0.2732741 -0.1306461 -0.9596704 0.2392723 -0.1475857 -0.7660149 0.6427637 0.008721456 -0.7879807 0.6156382 -0.008722525 -0.4335712 0.8889514 0.1475853 -0.4654471 0.8753802 0.1306462 -0.03346985 0.9584534 0.2832787 -0.06720629 0.961132 0.2677844 0.3411231 0.8443088 0.4132527 0.3134746 0.8612624 0.399951 0.6076931 0.5868423 0.5350937 0.59146 0.6124754 0.5244512 0.7134075 0.2882359 0.6387252 0.7168487 0.2609116 0.6465702 0.3654086 -0.07766984 -0.9276012 0.3646788 -0.09092476 -0.9266834 0.4030772 -0.2928526 -0.8670445 0.3955885 -0.3090676 -0.8648624 0.2903174 -0.5460075 -0.78587 0.3065902 -0.5310292 -0.7899433 0.05040514 -0.7208269 -0.6912798 0.07487532 -0.7123919 -0.697776 -0.2489896 -0.7663117 -0.5922589 -0.2778772 -0.7634614 -0.5830188 -0.6155991 -0.6374716 -0.4633224 -0.5887048 -0.6538237 -0.4753328 -0.8737215 -0.3530061 -0.3346602 -0.856058 -0.3811412 -0.3491364 -0.976395 0 -0.2159929 -0.9792669 0.03419771 -0.1996667 -0.9107345 0.4054851 -0.07838582 -0.8971163 0.4375532 -0.06106899 -0.6678817 0.7417578 0.06106776 -0.6408101 0.7636872 0.07838421 -0.3027937 0.9319062 0.1996667 -0.2691323 0.938571 0.2159914 0.09850334 0.9371762 0.3346606 0.1304127 0.9279534 0.3491348 0.4430953 0.7674627 0.4633223 0.4662256 0.7461187 0.475332 0.6679953 0.4505683 0.5922588 0.6572931 0.4775508 0.5830188 0.7054337 0.1243869 0.6977759 0.7067971 0.1502344 0.6912796 0.405158 -0.1636944 -0.8994727 0.4019521 -0.1789603 -0.898002 0.3869636 -0.4007116 -0.8304754 0.3757699 -0.4173345 -0.827423 0.2279046 -0.6261624 -0.7456408 0.207707 -0.639256 -0.7404117 -0.05321401 -0.7609962 -0.6465703 -0.08042797 -0.7652199 -0.6387252 -0.4257205 -0.7373691 -0.5244509 -0.3966061 -0.745908 -0.5350933 -0.7414938 -0.5387269 -0.3999501 -0.7175758 -0.5606316 -0.4132519 -0.9424245 -0.2003179 -0.267785 -0.9305496 -0.232012 -0.2832806 -0.9740235 0.1717464 -0.1475858 -0.969764 0.2061295 -0.130646 -0.8290057 0.5591722 -0.008721443 -0.8089867 0.5877624 0.008721691 -0.5253776 0.8407792 0.1306466 -0.4945248 0.8565415 0.1475864 -0.1002488 0.9537827 0.283282 -0.13409 0.9541015 0.2677878 0.2813978 0.8660472 0.4132524 0.2526305 0.8810326 0.3999491 0.5472959 0.6522411 0.5244509 0.5652772 0.6278033 0.5350931 0.6969028 0.3102804 0.6465698 0.6915641 0.3372979 0.6387247 0.6616418 0.01154851 0.7497311 0.6234528 0.01088194 0.7817853 0.370133 -0.06526423 -0.9266834 0.3699365 -0.05199122 -0.9276012 0.4225236 -0.264022 -0.8670444 0.4161844 -0.2807198 -0.8648624 0.3276975 -0.5244259 -0.7858701 0.3428855 -0.5083495 -0.7899433 0.1005647 -0.715555 -0.6912798 0.1243869 -0.7054336 -0.6977761 -0.2239441 -0.7809853 -0.5830189 -0.1949282 -0.7818135 -0.592259 -0.5416629 -0.6932967 -0.4753326 -0.5696314 -0.678861 -0.4633226 -0.8273857 -0.4399285 -0.3491358 -0.8469685 -0.4130945 -0.3346599 -0.9792669 -0.03419771 -0.1996667 -0.9740165 -0.06811038 -0.2159922 -0.9254534 0.3739071 -0.06106895 -0.9368011 0.3409684 -0.07838516 -0.7179968 0.6933622 0.0610683 -0.6925211 0.7171264 0.07838458 -0.3670626 0.9085142 0.1996671 -0.3339462 0.9175114 0.2159927 0.03288706 0.9417645 0.3346613 0.06536719 0.9347888 0.3491377 0.3884797 0.7965026 0.4633217 0.4130445 0.7768226 0.4753324 0.6223792 0.5222386 0.5830187 0.6349379 0.4960677 0.592259 0.6945958 0.1991725 0.6912794 0.6950387 0.1732923 0.6977758 0.4155897 -0.1350333 -0.8994727 0.4134565 -0.1504861 -0.8980021 0.4139726 -0.372743 -0.8304754 0.4039662 -0.3901055 -0.8274232 0.2710285 -0.6087391 -0.7456408 0.2517933 -0.6232099 -0.7404118 0 -0.7628545 -0.6465702 -0.02685291 -0.7689661 -0.6387252 -0.3732469 -0.7652698 -0.5244511 -0.3436083 -0.7717567 -0.5350933 -0.6767204 -0.6093214 -0.4132517 -0.702108 -0.5891386 -0.3999501 -0.9261551 -0.2655705 -0.2677853 -0.9120983 -0.2963589 -0.2832809 -0.9817804 0.1379812 -0.1306466 -0.983631 0.1033838 -0.1475869 -0.8659929 0.4999802 -0.008721682 -0.8480157 0.5298991 0.008722599 -0.5530701 0.8199582 0.1475867 -0.5827464 0.8020834 0.1306479 -0.1665334 0.9444668 0.2832825 -0.2003194 0.9424239 0.267786 0.1905601 0.8965079 0.3999506 0.2202966 0.8835683 0.4132511 0.5004647 0.6888298 0.5244507 0.5201072 0.6657056 0.5350931 0.6663505 0.3847176 0.6387248 0.6735608 0.3581385 0.6465698 0.6115665 0.04276485 0.7900364 0.6727784 0.0470452 0.7383469 0.6684713 0.07025982 0.7404118 0.6630374 0.0365245 0.7476948 0.4466841 -0.04694864 -0.8934591 0.373784 -0.03928649 -0.9266834 0.4112845 -0.003845297 -0.9114989 0.3731335 -0.0315231 -0.927242 0.4347526 -0.2510043 -0.8648624 0.4399116 -0.2339053 -0.8670444 0.3634813 -0.5002896 -0.7858701 0.3775112 -0.4831924 -0.7899433 0.1732928 -0.6950384 -0.697776 0.1502346 -0.7067969 -0.6912796 -0.1689196 -0.7947046 -0.5830188 -0.1399165 -0.7935067 -0.5922589 -0.5208893 -0.7169426 -0.4633223 -0.4919814 -0.7293924 -0.4753325 -0.8160896 -0.4711698 -0.3346595 -0.7946824 -0.4965726 -0.3491355 -0.9744961 -0.1024237 -0.1996667 -0.9668928 -0.1358878 -0.2159924 -0.9583042 0.2747884 -0.07838576 -0.9492813 0.3084407 -0.06106837 -0.7646142 0.6415883 0.06106983 -0.7408588 0.6670711 0.07838577 -0.4295445 0.8806955 0.1996668 -0.3971352 0.8919812 0.2159931 -0.03288706 0.9417645 0.3346613 -0 0.9370716 0.3491375 0.3319729 0.821661 0.4633218 0.3578493 0.8037434 0.4753319 0.5844339 0.5643812 0.5830188 0.5987871 0.5391507 0.5922588 0.6790103 0.2471396 0.6912792 0.6812574 0.2213541 0.6977755 0.4239969 -0.1057145 -0.8994727 0.4229468 -0.1212778 -0.898002 0.4301946 -0.360976 -0.827423 0.4389656 -0.3429576 -0.8304753 0.2946528 -0.6041276 -0.7404119 0.3128315 -0.5883504 -0.7456409 0.05321401 -0.7609962 -0.6465703 0.02685291 -0.7689661 -0.6387252 -0.2889362 -0.7938458 -0.5350932 -0.3189552 -0.7894421 -0.524451 -0.6593018 -0.6366799 -0.3999499 -0.6325676 -0.6550429 -0.4132518 -0.9053735 -0.3295299 -0.2677852 -0.889204 -0.3592615 -0.2832801 -0.9890139 0.0691587 -0.1306472 -0.9884467 0.03451827 -0.1475865 -0.8987597 0.4383548 -0.008722529 -0.8829137 0.4694542 0.008721339 -0.6372785 0.7594783 0.1306471 -0.6089185 0.7793819 0.1475876 -0.265572 0.9261549 0.2677848 -0.2320119 0.9305495 0.2832809 0.1275548 0.9076182 0.3999489 0.1581283 0.896782 0.4132524 0.451194 0.7220631 0.5244509 0.4724019 0.7003653 0.5350933 0.6469374 0.4042517 0.6465699 0.6378906 0.4302624 0.638725 0.6598632 0.0927382 0.7456408 0.6619419 0.1167181 0.7404119 0.4551564 -0.2026483 -0.8670446 0.4512025 -0.2200666 -0.8648624 0.4102975 -0.4556814 -0.7899433 0.3974946 -0.4737155 -0.7858701 0.2213539 -0.6812569 -0.697776 0.1991719 -0.6945955 -0.6912798 -0.1130725 -0.8045518 -0.5830189 -0.08422367 -0.8013337 -0.5922589 -0.4696094 -0.7515313 -0.4633225 -0.4399032 -0.7619343 -0.4753328 -0.7581071 -0.5507972 -0.3491361 -0.7812349 -0.5269488 -0.3346595 -0.9649776 -0.1701512 -0.1996668 -0.9550585 -0.2030034 -0.2159925 -0.9684848 0.2414697 -0.06106917 -0.9751379 0.2072718 -0.07838566 -0.7855858 0.6137673 0.07838667 -0.8075074 0.5866876 0.06106948 -0.4899321 0.8485867 0.1996678 -0.458391 0.8621048 0.215993 -0.06536719 0.9347888 0.3491377 -0.09850334 0.9371762 0.3346606 0.3009118 0.8267475 0.4753321 0.2738494 0.842816 0.4633225 0.5436413 0.6037744 0.5830186 0.5597199 0.5796061 0.5922588 0.6641569 0.2683374 0.6977757 0.6601166 0.2939022 0.6912797 0.4303764 -0.09147967 -0.898002 0.4303383 -0.07588004 -0.8994727 0.454327 -0.3300881 -0.8274231 0.4618199 -0.3115012 -0.8304754 0.3360765 -0.5821021 -0.7404119 0.3531105 -0.5650951 -0.745641 0.1061689 -0.7554305 -0.6465702 0.08042797 -0.7652199 -0.6387252 -0.2328567 -0.8120672 -0.5350933 -0.2631097 -0.8097681 -0.524451 -0.6132829 -0.6811197 -0.39995 -0.5853329 -0.6975732 -0.4132519 -0.8801818 -0.3918817 -0.2677848 -0.8619766 -0.4204144 -0.2832805 -0.991429 0 -0.1306463 -0.9884467 -0.03451827 -0.1475865 -0.9271487 0.3745921 -0.008722552 -0.9135107 0.4067212 0.008721389 -0.6887046 0.7131742 0.1306466 -0.6618029 0.7350069 0.1475866 -0.3295286 0.9053739 0.2677854 -0.2963597 0.9120983 0.28328 0.0639348 0.9143052 0.399948 0.09518531 0.9056293 0.4132496 0.4223973 0.7316122 0.5350925 0.3997279 0.7517776 0.5244502 0.6063231 0.4737113 0.6387252 0.6171621 0.4483949 0.6465701 0.6521876 0.1626084 0.7404119 0.6517867 0.1385414 0.7456409 0.4654548 -0.1880553 -0.8648624 0.4681838 -0.1704052 -0.8670444 0.4295709 -0.4448337 -0.7858701 0.4410847 -0.4259504 -0.7899433 0.2471394 -0.6790097 -0.6912798 0.2683368 -0.6641564 -0.6977761 -0.05667418 -0.8104796 -0.5830188 -0.02812019 -0.8052569 -0.5922588 -0.4160406 -0.7824593 -0.4633224 -0.3856816 -0.7907646 -0.4753325 -0.7178388 -0.6023384 -0.3491358 -0.742573 -0.5801622 -0.3346598 -0.9385713 -0.2691307 -0.2159923 -0.9507578 -0.2370503 -0.1996665 -0.9829696 0.173324 -0.06106905 -0.9872211 0.1387458 -0.07838526 -0.8264863 0.5574729 0.07838545 -0.8464652 0.5289302 0.06106842 -0.5174102 0.82803 0.2159933 -0.5479338 0.8123434 0.1996668 -0.1304127 0.9279534 0.3491348 -0.1636341 0.9280236 0.3346581 0.2425053 0.8457237 0.4753341 0.2143869 0.8598657 0.4633241 0.5179246 0.6172386 0.5922589 0.5002 0.6402256 0.583019 0.6438209 0.3140117 0.697776 0.6380069 0.3392342 0.6912796 0.6191661 0.03615842 0.784427 0.5836937 0.01310693 0.8118681 0.4340298 -0.03852537 -0.9000744 0.4357091 -0.06123501 -0.8980021 0.4762461 -0.2975914 -0.8274231 0.4824241 -0.2785275 -0.8304754 0.3758636 -0.5572402 -0.7404119 0.3916694 -0.5390871 -0.7456408 0.1586067 -0.7461841 -0.6465703 0.1336108 -0.7577455 -0.6387252 -0.1756423 -0.8263323 -0.5350931 -0.205982 -0.8261493 -0.524451 -0.5352471 -0.7367045 -0.4132519 -0.5642762 -0.7222412 -0.3999502 -0.8507011 -0.4523259 -0.2677852 -0.8305504 -0.4795187 -0.2832806 -0.9890139 -0.0691587 -0.1306472 -0.983631 -0.1033838 -0.1475869 -0.939657 0.3420067 0.008721297 -0.9510202 0.3090057 -0.008721993 -0.7114627 0.6870509 0.1475865 -0.7367759 0.6633949 0.1306465 -0.3918816 0.8801814 0.2677863 -0.359262 0.8892033 0.2832812 0.03178011 0.9100629 0.41325 0 0.9165378 0.3999481 0.3463117 0.7778295 0.5244516 0.3703313 0.7592957 0.5350933 0.5843805 0.4903533 0.6465702 0.5718015 0.5148526 0.6387252 0.6392559 0.2077069 0.7404118 0.6405348 0.1836702 0.745641 0.4789302 -0.1373308 -0.8670444 0.4774391 -0.1551294 -0.8648623 0.4595543 -0.4137848 -0.7858702 0.4697229 -0.3941442 -0.7899435 0.2939026 -0.6601161 -0.6912799 0.3140123 -0.6438205 -0.6977761 -0 -0.8124587 -0.5830188 0.02812019 -0.8052569 -0.5922588 -0.3604459 -0.8095747 -0.4633223 -0.3295811 -0.8157421 -0.4753326 -0.7002946 -0.6305476 -0.3346598 -0.6740733 -0.6509447 -0.3491361 -0.917511 -0.3339477 -0.215992 -0.9319058 -0.3027952 -0.1996661 -0.9944947 0.06954195 -0.07838451 -0.9926658 0.1043332 -0.06106799 -0.8633609 0.4984613 0.07838532 -0.8812993 0.4685958 0.06106911 -0.6032637 0.7721441 0.1996652 -0.5739094 0.7899213 0.2159913 -0.2279723 0.9143474 0.3346601 -0.1948296 0.9165946 0.3491356 0.182922 0.8605798 0.4753335 0.1538865 0.8727256 0.4633239 0.4736062 0.6518634 0.5922593 0.4543206 0.6735587 0.5830193 0.6127886 0.3829132 0.6912796 0.6203478 0.3581583 0.6977759 0.6098205 0.06409402 0.7899436 0.6123733 0.08606388 0.7858702 0.5321118 0.05592659 0.844825 0.5119619 -0.03579983 -0.8582618 0.4430124 -0.03097841 -0.8959801 0.4562061 0.004175528 -0.8898643 0.495845 -0.2636451 -0.827423 0.5006779 -0.2441974 -0.8304753 0.4138187 -0.5296645 -0.7404119 0.4283202 -0.5104521 -0.745641 0.1861433 -0.7465792 -0.6387253 0.2102711 -0.7333028 -0.6465702 -0.1478511 -0.8385054 -0.5244509 -0.1175726 -0.8365716 -0.5350931 -0.4825539 -0.7722467 -0.4132516 -0.5125208 -0.7598436 -0.39995 -0.817076 -0.5105661 -0.2677852 -0.7950782 -0.5362863 -0.2832802 -0.9740234 -0.1717462 -0.1475857 -0.9817804 -0.1379812 -0.1306466 -0.970259 0.2419121 -0.008722164 -0.9612252 0.275627 0.008721973 -0.7812566 0.6103849 0.1306457 -0.7576553 0.635749 0.1475856 -0.4523272 0.8507004 0.2677852 -0.4204135 0.8619768 0.2832815 -0.03178011 0.9100629 0.41325 -0.0639348 0.9143052 0.399948 0.2912102 0.8000926 0.5244507 0.3164662 0.7832779 0.5350932 0.5344948 0.5534849 0.638725 0.5487519 0.5299232 0.64657 0.6232099 0.2517938 0.7404115 0.6261625 0.2279042 0.7456408 0.4873431 -0.1035884 -0.8670446 0.4870971 -0.1214474 -0.8648624 0.4872991 -0.3807198 -0.7858703 0.4960726 -0.3604182 -0.7899435 0.3581576 -0.6203477 -0.6977762 0.3392338 -0.6380066 -0.69128 0.08422367 -0.8013337 -0.5922589 0.05667418 -0.8104796 -0.5830188 -0.2718751 -0.8367453 -0.4753326 -0.3030948 -0.832746 -0.4633225 -0.6546036 -0.6778622 -0.3346596 -0.6270236 -0.6963804 -0.3491358 -0.908514 -0.3670634 -0.1996667 -0.8919815 -0.3971353 -0.2159923 -0.9969231 0 -0.07838544 -0.9975255 0.03483539 -0.06106824 -0.9118403 0.4059775 0.06106961 -0.8960286 0.4370221 0.07838619 -0.6556567 0.7281809 0.1996671 -0.6276156 0.7479613 0.2159922 -0.2911998 0.8962178 0.3346584 -0.2582907 0.900772 0.3491357 0.09263185 0.8813349 0.4633229 0.1224471 0.871243 0.4753339 0.4062297 0.703609 0.5830195 0.4269809 0.6833127 0.5922592 0.5938531 0.4005589 0.6977759 0.5845853 0.4247264 0.6912795 0.6048779 0.1285706 0.7858703 0.603864 0.1064781 0.7899435 0.513028 -0.2284151 -0.8274229 0.516493 -0.208676 -0.8304754 0.4497583 -0.4995073 -0.740412 0.4628841 -0.4793305 -0.7456411 0.2377684 -0.7317762 -0.6387252 0.2609116 -0.7168487 -0.6465703 -0.08899973 -0.8467765 -0.5244508 -0.05892972 -0.8427352 -0.5350931 -0.4582686 -0.7937444 -0.3999496 -0.4275084 -0.8040271 -0.4132515 -0.7557313 -0.5904426 -0.2832804 -0.779471 -0.5663184 -0.2677847 -0.969764 -0.2061297 -0.1306457 -0.9596704 -0.2392724 -0.1475854 -0.9847704 0.1736416 -0.008721882 -0.9781105 0.2079031 0.008721604 -0.8001575 0.5813488 0.1475855 -0.8219315 0.5544007 0.1306459 -0.4795184 0.8305508 0.2832798 -0.5105657 0.8170766 0.2677845 -0.09518531 0.9056293 0.4132496 -0.1275548 0.9076182 0.3999489 0.2610552 0.8034461 0.5350931 0.2346872 0.8184583 0.5244502 0.4945832 0.5894215 0.6387252 0.5104493 0.5669113 0.6465703 0.6041279 0.2946522 0.7404116 0.6087394 0.2710286 0.7456406 0.5425458 -0.001283711 0.8400252 0.493382 -0.06934041 -0.8670444 0.4943824 -0.08717286 -0.8648624 0.5126702 -0.3457998 -0.7858701 0.5200061 -0.3249357 -0.7899433 0.3829131 -0.6127885 -0.6912799 0.400559 -0.5938527 -0.6977761 0.1399165 -0.7935067 -0.5922589 0.1130725 -0.8045518 -0.5830189 -0.2442673 -0.8518602 -0.4633226 -0.2128442 -0.853672 -0.4753329 -0.576919 -0.7384232 -0.3491357 -0.6057236 -0.7218739 -0.3346595 -0.8621055 -0.4583898 -0.2159924 -0.880696 -0.4295438 -0.1996665 -0.9944947 -0.06954195 -0.07838451 -0.9975255 -0.03483539 -0.06106824 -0.9379389 0.3413813 0.0610689 -0.9243308 0.3734544 0.07838609 -0.7048555 0.6806704 0.1996661 -0.6782603 0.7023604 0.2159926 -0.353007 0.8737218 0.3346584 -0.3204983 0.88056 0.3491345 0.06137273 0.8776628 0.4753328 0.03092759 0.8856499 0.4633224 0.3561567 0.7302334 0.5830194 0.3782749 0.7114326 0.5922599 0.5535344 0.4644705 0.6912791 0.5644656 0.4410077 0.6977755 0.5949656 0.1483411 0.7899436 0.594436 0.1704516 0.7858703 0.5277113 -0.1920715 -0.8274233 0.5297908 -0.1721395 -0.8304756 0.4835072 -0.4669166 -0.7404119 0.4951931 -0.4458742 -0.7456407 0.3102808 -0.6969022 -0.6465703 0.2882353 -0.7134076 -0.6387253 -0.02971506 -0.850922 -0.5244509 0 -0.844793 -0.5350932 -0.4017834 -0.823778 -0.3999499 -0.3703813 -0.8318899 -0.4132517 -0.7380674 -0.6193122 -0.2677852 -0.7127037 -0.6417208 -0.2832804 -0.9530231 -0.2732741 -0.1306459 -0.9406415 -0.3056336 -0.1475864 -0.9902303 0.139169 0.008721256 -0.9944841 0.1045243 -0.008723176 -0.8387616 0.5241156 0.1475864 -0.8586028 0.4957142 0.1306468 -0.5362858 0.7950787 0.2832794 -0.5663174 0.7794718 0.2677843 -0.1581283 0.896782 0.4132524 -0.1905601 0.8965079 0.3999506 0.2043744 0.8197 0.5350917 0.1770248 0.8328356 0.5244493 0.4696597 0.6011378 0.6465703 0.4522623 0.6224859 0.6387255 0.5883501 0.3128318 0.7456409 0.5821018 0.3360769 0.740412 0.5635126 0.04453781 0.824906 0.5576196 0.03899264 0.8291803 0.4846818 0.03389231 0.8740337 0.4965687 -0.03135522 -0.8674309 0.5767446 -0.06061862 -0.8146724 0.4992589 -0.05247451 -0.8648624 0.4998369 -0.02552384 -0.8657434 0.5424963 -0.01356412 -0.8399487 0.5355428 -0.309196 -0.7858701 0.5414057 -0.2878701 -0.7899435 0.4410079 -0.564465 -0.6977761 0.424726 -0.5845852 -0.6912798 0.1689196 -0.7947046 -0.5830188 0.1949282 -0.7818135 -0.592259 -0.1842492 -0.8668243 -0.4633227 -0.1527767 -0.8664398 -0.4753329 -0.5240039 -0.776868 -0.349136 -0.5538931 -0.7623681 -0.3346597 -0.8280298 -0.5174108 -0.2159924 -0.8485869 -0.4899322 -0.1996666 -0.9926658 -0.1043332 -0.06106799 -0.9872211 -0.1387458 -0.07838526 -0.9594676 0.275123 0.06106868 -0.9481302 0.3080662 0.07838534 -0.7256031 0.6533359 0.2159918 -0.7506189 0.6298448 0.1996663 -0.4130941 0.8469697 0.3346577 -0.381141 0.856059 0.3491341 -0.03092759 0.8856499 0.4633224 -0 0.8798062 0.4753326 0.3043536 0.7532983 0.5830184 0.3277284 0.7360869 0.5922585 0.5323267 0.4793096 0.6977754 0.5197862 0.5019515 0.6912794 0.5831686 0.1894826 0.7899435 0.581098 0.2115021 0.7858702 0.5405082 -0.1347643 -0.8304754 0.5398244 -0.1547918 -0.8274233 0.5250895 -0.4102449 -0.7456407 0.5148994 -0.4320522 -0.7404116 0.3372981 -0.6915634 -0.6387253 0.3581382 -0.6735607 -0.6465701 0.02971506 -0.850922 -0.524451 0.05892972 -0.8427352 -0.5350931 -0.3433411 -0.8497981 -0.39995 -0.3114493 -0.8556998 -0.413252 -0.6930685 -0.6692888 -0.2677848 -0.666203 -0.6898738 -0.2832801 -0.9170305 -0.3705043 -0.1475863 -0.9316384 -0.3390891 -0.1306467 -0.9993528 0.0348992 -0.008722049 -0.9975262 0.0697531 0.008720873 -0.8732787 0.4643303 0.1475865 -0.8910905 0.4346137 0.1306466 -0.5904425 0.7557312 0.2832806 -0.6193131 0.7380667 0.2677848 -0.2202966 0.8835683 0.4132511 -0.2526305 0.8810326 0.3999491 0.1466973 0.8319597 0.5350915 0.1184996 0.843155 0.5244498 0.4077382 0.6525179 0.6387253 0.4265827 0.6324349 0.6465704 0.5572404 0.3758634 0.740412 0.565095 0.3531107 0.745641 0.5530472 0.09751771 0.8274232 0.5516338 0.07752636 0.8304756 0.5601674 -0.2494029 -0.7899435 0.5558065 -0.271085 -0.7858703 0.4793089 -0.5323267 -0.697776 0.4644701 -0.553534 -0.6912796 0.2239441 -0.7809853 -0.5830189 0.2489896 -0.7663117 -0.5922589 -0.0919647 -0.8749864 -0.4753328 -0.1233335 -0.8775653 -0.4633226 -0.468536 -0.8115281 -0.3491363 -0.4993638 -0.7991486 -0.33466 -0.7899204 -0.5739103 -0.2159925 -0.8123441 -0.5479327 -0.1996668 -0.9829696 -0.173324 -0.06106905 -0.9751379 -0.2072719 -0.07838574 -0.9673104 0.2411772 0.0783856 -0.9763221 0.207523 0.06106874 -0.7694101 0.6011282 0.2159927 -0.7927263 0.5759497 0.1996673 -0.4399299 0.8273854 0.3491347 -0.4711694 0.8160899 0.3346592 -0.09263185 0.8813349 0.4633229 -0.06137273 0.8776628 0.4753329 0.2510633 0.7726941 0.5830188 0.2755819 0.7571552 0.5922589 0.4975946 0.5152752 0.6977758 0.4835053 0.5369869 0.6912798 0.5649285 0.2515226 0.7858703 0.5685301 0.2297012 0.7899435 0.5485926 -0.09673157 -0.8304753 0.5493073 -0.1167586 -0.827423 0.5524279 -0.3726168 -0.7456408 0.543784 -0.3950818 -0.7404117 0.3847176 -0.6663502 -0.638725 0.4042516 -0.6469372 -0.6465701 0.1175726 -0.8365716 -0.5350931 0.08899973 -0.8467765 -0.5244507 -0.2510003 -0.8753411 -0.4132517 -0.2832253 -0.8716785 -0.39995 -0.6446932 -0.7160041 -0.2677849 -0.6164569 -0.7346653 -0.2832805 -0.8889516 -0.4335704 -0.1475864 -0.9057156 -0.4032502 -0.1306466 -0.999962 0 0.008722226 -0.9993528 -0.0348992 -0.008722049 -0.9192368 0.3713963 0.1306464 -0.9035413 0.4022828 0.1475862 -0.6692879 0.6930692 0.2677852 -0.6417215 0.7127032 0.2832799 -0.3134746 0.8612624 0.399951 -0.2813978 0.8660472 0.4132524 0.08830408 0.8401653 0.535093 0.05939404 0.8493664 0.5244513 0.3814271 0.6606513 0.6465703 0.3612274 0.6793709 0.6387253 0.5296645 0.4138182 0.7404121 0.5390869 0.3916692 0.7456409 0.5448978 0.1358578 0.8274232 0.5448823 0.1158184 0.8304753 0.5733628 -0.2316533 -0.7858701 0.5762006 -0.2097203 -0.7899433 0.5019516 -0.5197856 -0.6912795 0.5152752 -0.4975945 -0.6977759 0.2778772 -0.7634614 -0.5830187 0.3018383 -0.7470763 -0.5922588 -0.03070498 -0.8792701 -0.4753327 -0.06181745 -0.8840309 -0.4633226 -0.4107854 -0.8422347 -0.349136 -0.4424011 -0.832036 -0.33466 -0.747962 -0.6276146 -0.2159922 -0.7721432 -0.6032646 -0.1996665 -0.9583042 -0.2747884 -0.07838597 -0.9684848 -0.2414697 -0.06106937 -0.9884195 0.1389145 0.06106984 -0.9817778 0.1731131 0.07838553 -0.830972 0.5192482 0.199667 -0.809468 0.5459932 0.2159932 -0.5269482 0.781235 0.3346603 -0.4965731 0.794682 0.3491357 -0.1224471 0.871243 0.4753339 -0.1538865 0.8727256 0.4633239 0.1965518 0.7883251 0.5830188 0.2220941 0.7745345 0.5922588 0.444869 0.569407 0.6912794 0.4604395 0.5487297 0.6977759 0.5460069 0.2903175 0.7858703 0.5511219 0.2688007 0.7899436 0.4998234 0.02656174 0.8657199 0.4561888 0.009856976 0.8898285 0.5019358 0.03123642 0.8643407 0.5521746 -0.04245775 -0.8326467 0.5561138 -0.07815691 -0.8274231 0.5770741 -0.3331741 -0.7456411 0.5700181 -0.3561875 -0.7404119 0.4302622 -0.6378906 -0.6387253 0.4483945 -0.6171621 -0.6465704 0.1756423 -0.8263323 -0.5350931 0.1478511 -0.8385054 -0.524451 -0.2217305 -0.889312 -0.3999498 -0.1893279 -0.8907177 -0.4132517 -0.5931767 -0.7592314 -0.2677854 -0.5637079 -0.7758772 -0.2832807 -0.8565416 -0.4945249 -0.1475858 -0.8753796 -0.4654483 -0.1306462 -0.9975262 -0.0697531 0.008720873 -0.9944841 -0.1045243 -0.008723176 -0.9294023 0.3382744 0.1475866 -0.9429049 0.3063684 0.1306471 -0.7160041 0.6446928 0.2677859 -0.6898737 0.6662027 0.2832811 -0.3727882 0.837298 0.3999513 -0.3411231 0.8443088 0.4132527 0 0.8514397 0.5244525 0.02948134 0.8442779 0.5350942 0.3344134 0.6856491 0.6465701 0.3129584 0.702913 0.6387255 0.510452 0.4283198 0.7456413 0.499507 0.4497586 0.7404121 0.534093 0.1735369 0.8274235 0.5354754 0.1535459 0.8304757 0.5881255 -0.1910937 -0.78587 0.5894265 -0.1690149 -0.7899433 0.5369864 -0.4835055 -0.6912799 0.5487295 -0.460439 -0.6977763 0.3532167 -0.7242012 -0.5922589 0.3304568 -0.7422179 -0.5830188 -0 -0.8861898 -0.4633224 0.03070498 -0.8792701 -0.4753327 -0.3832839 -0.8608695 -0.3346599 -0.3510337 -0.868838 -0.3491359 -0.7281808 -0.6556569 -0.1996664 -0.7023597 -0.6782612 -0.2159924 -0.9492813 -0.3084407 -0.06106862 -0.9368012 -0.3409682 -0.07838529 -0.9914617 0.104208 0.07838659 -0.9957022 0.06962554 0.06106892 -0.8455826 0.4881983 0.215992 -0.8651688 0.4600182 0.1996658 -0.5507962 0.7581077 0.3491365 -0.5801622 0.742573 0.3346597 -0.182922 0.8605798 0.4753335 -0.2143869 0.8598657 0.4633241 0.1675237 0.7881401 0.5922592 0.1410822 0.8001151 0.5830194 0.4210401 0.5795124 0.6977756 0.4040658 0.5990523 0.6912794 0.5244256 0.3276977 0.7858702 0.5310292 0.3065897 0.7899435 0.4971242 0.06986558 0.864862 0.4291129 0.045101 0.9021242 0.4955021 0.0520787 0.8670441 0.6218746 -0.04348582 -0.7819085 0.5586283 -0.03906319 -0.8284978 0.583738 0.004354447 -0.8119305 0.5989094 -0.2921077 -0.745641 0.5934761 -0.3155569 -0.7404119 0.4737113 -0.6063229 -0.6387254 0.4903533 -0.5843804 -0.6465704 0.205982 -0.8261493 -0.524451 0.2328567 -0.8120672 -0.5350933 -0.1267332 -0.9017549 -0.4132517 -0.1591549 -0.9026128 -0.3999498 -0.5082124 -0.8133094 -0.2832806 -0.5387705 -0.7987599 -0.2677853 -0.8199591 -0.5530691 -0.1475861 -0.8407797 -0.5253772 -0.1306463 -0.9847704 -0.1736416 -0.008721882 -0.9902303 -0.139169 0.008721256 -0.9619794 0.239848 0.1306467 -0.9507349 0.2726192 0.1475868 -0.759232 0.5931762 0.2677847 -0.7346644 0.6164579 0.2832808 -0.4302889 0.8092533 0.3999507 -0.3991873 0.8184566 0.4132532 -0.05939404 0.8493664 0.5244513 -0.02948134 0.8442779 0.5350943 0.2631621 0.7230322 0.6387253 0.285771 0.7073057 0.6465707 0.4669166 0.4835072 0.7404118 0.4793305 0.4628841 0.745641 0.5206865 0.2103712 0.8274235 0.5234603 0.1905236 0.8304758 0.6000226 -0.1496027 -0.7858701 0.5997803 -0.1274869 -0.7899435 0.5795118 -0.4210397 -0.6977761 0.5694065 -0.4448688 -0.6912799 0.4028739 -0.6977978 -0.592259 0.381426 -0.7173585 -0.5830189 0.06181745 -0.8840309 -0.4633226 0.0919647 -0.8749864 -0.4753328 -0.3222989 -0.8855091 -0.3346595 -0.289571 -0.8912086 -0.3491358 -0.6806709 -0.7048548 -0.1996668 -0.6533359 -0.7256028 -0.2159927 -0.9254533 -0.3739074 -0.06106882 -0.9107348 -0.4054849 -0.07838535 -0.9963158 0.03479135 0.07838563 -0.9981335 0 0.06106932 -0.8775783 0.4280233 0.2159917 -0.8951502 0.3985468 0.1996662 -0.6023389 0.7178384 0.349136 -0.6305482 0.700294 0.3346599 -0.2425053 0.8457237 0.4753341 -0.2738494 0.842816 0.4633225 0.08492424 0.808008 0.5830188 0.1121391 0.7979057 0.5922593 0.3612939 0.6257795 0.6912791 0.3795904 0.6074706 0.6977755 0.5002894 0.3634812 0.7858702 0.508349 0.3428857 0.7899434 0.4906619 0.08651701 0.8670442 0.4910393 0.1043738 0.8648621 0.6178269 -0.2496179 -0.7456411 0.6140426 -0.2733894 -0.740412 0.5299234 -0.5487513 -0.6465703 0.5148525 -0.5718014 -0.6387253 0.2889362 -0.7938458 -0.5350932 0.2631097 -0.8097681 -0.524451 -0.09580432 -0.911516 -0.39995 -0.06352139 -0.9083986 -0.4132518 -0.4817391 -0.8343972 -0.2677849 -0.4502404 -0.8467797 -0.2832804 -0.8020831 -0.582747 -0.1306464 -0.7793813 -0.6089196 -0.1475865 -0.9781105 -0.2079031 0.008721604 -0.970259 -0.2419121 -0.008722164 -0.9763672 0.1721591 0.1306457 -0.9674361 0.2056353 0.1475862 -0.7758777 0.5637074 0.2832801 -0.7987599 0.5387705 0.267785 -0.485691 0.777267 0.3999503 -0.4553087 0.788617 0.4132521 -0.1184996 0.843155 0.5244498 -0.08830408 0.8401653 0.535093 0.2120846 0.7396274 0.6387264 0.235733 0.7255177 0.6465709 0.4320521 0.514899 0.740412 0.4458736 0.4951934 0.7456408 0.508895 0.2265746 0.8304757 0.5047434 0.2461804 0.8274233 0.4112473 -0.01383983 0.9114188 0.6072122 -0.0853384 -0.7899435 0.6089966 -0.1073825 -0.7858703 0.60747 -0.3795901 -0.6977761 0.5990518 -0.4040655 -0.6912801 0.4505682 -0.6679953 -0.5922589 0.4305375 -0.6890038 -0.583019 0.1527767 -0.8664398 -0.4753329 0.1233335 -0.8775653 -0.4633226 -0.2266984 -0.909237 -0.3491359 -0.2597439 -0.9058344 -0.3346597 -0.6298442 -0.7506195 -0.1996667 -0.6011289 -0.7694097 -0.2159924 -0.8802306 -0.4680276 -0.07838583 -0.8971167 -0.4375526 -0.06106865 -0.9963158 -0.03479135 0.07838563 -0.9957022 -0.06962554 0.06106892 -0.9207711 0.3351328 0.1996665 -0.9052979 0.3657637 0.2159923 -0.6778623 0.6546034 0.3346597 -0.6509452 0.674073 0.349136 -0.3009118 0.8267475 0.4753321 -0.3319729 0.821661 0.4633218 0.05620528 0.803785 0.5922589 0.02835298 0.8119639 0.5830186 0.3167615 0.6494573 0.6912795 0.3362895 0.6324703 0.6977755 0.4737152 0.397494 0.7858705 0.4831917 0.3775114 0.7899436 0.4825624 0.1383733 0.864862 0.4834316 0.1205331 0.8670443 0.6316177 -0.2298895 -0.7404121 0.6337345 -0.205913 -0.7456409 0.5669109 -0.5104498 -0.6465703 0.553485 -0.5344942 -0.6387255 0.3189552 -0.7894421 -0.524451 0.3436083 -0.7717567 -0.5350933 0 -0.9106168 -0.4132518 -0.03198668 -0.9159786 -0.39995 -0.3900757 -0.8761239 -0.2832805 -0.4223613 -0.8659688 -0.2677851 -0.7350067 -0.6618031 -0.147586 -0.7594783 -0.6372788 -0.1306465 -0.9510202 -0.3090057 -0.008721993 -0.9612252 -0.275627 0.008721973 -0.9859977 0.1036336 0.1306466 -0.979424 0.1376483 0.1475855 -0.8133096 0.5082122 0.2832806 -0.8343965 0.48174 0.2677856 -0.5387261 0.7414947 0.3999497 -0.5092098 0.7549362 0.4132515 -0.1466973 0.8319597 0.5350915 -0.1770248 0.8328356 0.5244493 0.1845532 0.7401935 0.6465708 0.159974 0.7526212 0.6387249 0.4102446 0.5250892 0.7456411 0.3950816 0.5437835 0.7404121 0.4863416 0.2807893 0.8274233 0.4918505 0.2615216 0.8304756 0.4399646 0.03858703 0.8971857 0.3842549 0.02686973 0.9228359 0.4298525 0.03005823 0.9023986 0.6109809 -0.03837122 -0.7907148 0.6150038 -0.06463975 -0.7858702 0.623343 -0.02176722 -0.7816455 0.6615092 -0.02309998 -0.7495813 0.6257788 -0.3612937 -0.6912797 0.6324695 -0.33629 -0.697776 0.4960679 -0.6349381 -0.5922586 0.4775515 -0.6572928 -0.5830187 0.2128442 -0.853672 -0.4753329 0.1842492 -0.8668243 -0.4633227 -0.1627208 -0.9228359 -0.3491358 -0.1959232 -0.9217467 -0.3346596 -0.5759494 -0.7927268 -0.1996664 -0.5459933 -0.8094682 -0.2159921 -0.8454389 -0.5282885 -0.07838614 -0.864409 -0.4990667 -0.06106953 -0.9914617 -0.104208 0.07838658 -0.9884195 -0.1389145 0.06106984 -0.9419055 0.2700874 0.1996668 -0.928607 0.3017223 0.2159923 -0.721873 0.6057246 0.33466 -0.6963804 0.6270236 0.3491357 -0.3884797 0.7965026 0.4633217 -0.3578493 0.8037434 0.4753319 -0.02835298 0.8119639 0.5830186 -0 0.8057482 0.5922582 0.2913522 0.6543875 0.6977757 0.2706867 0.669971 0.6912796 0.4448335 0.4295708 0.7858703 0.4556816 0.4102966 0.7899437 0.4738465 0.1539617 0.867044 0.4717351 0.1716972 0.8648619 0.6461153 -0.1852708 -0.7404119 0.6465545 -0.1612044 -0.7456409 0.5894215 -0.4945833 -0.6387251 0.6011378 -0.46966 -0.64657 0.3732469 -0.7652698 -0.5244511 0.3966061 -0.745908 -0.5350933 0.06352139 -0.9083986 -0.4132518 0.03198668 -0.9159786 -0.39995 -0.3609254 -0.8933219 -0.2677851 -0.3280099 -0.9012002 -0.2832805 -0.7131745 -0.6887044 -0.1306462 -0.6870516 -0.7114623 -0.1475859 -0.9396569 -0.3420069 0.008721432 -0.9271486 -0.3745924 -0.008722409 -0.9866399 0.06899263 0.147587 -0.990825 0.03459961 0.1306468 -0.865969 0.422361 0.2677852 -0.846779 0.4502413 0.283281 -0.5891392 0.7021076 0.3999499 -0.5606316 0.7175758 0.413252 -0.2043744 0.8197 0.5350917 -0.2346872 0.8184583 0.5244502 0.1070853 0.7619469 0.6387249 0.1324684 0.7512653 0.6465698 0.3726172 0.5524274 0.7456409 0.3561875 0.5700181 0.7404121 0.4724096 0.295194 0.8304756 0.4655699 0.3140309 0.8274232 0.4327236 0.0608153 0.8994731 0.4333061 0.0764036 0.8980024 0.6494569 -0.3167615 -0.6912798 0.6543872 -0.291352 -0.6977761 0.5391507 -0.5987872 -0.5922588 0.5222384 -0.6223797 -0.5830186 0.2718751 -0.8367453 -0.4753326 0.2442673 -0.8518602 -0.4633226 -0.09795083 -0.9319387 -0.3491359 -0.1311484 -0.9331682 -0.3346597 -0.5192492 -0.8309714 -0.1996664 -0.4881973 -0.8455831 -0.2159926 -0.806528 -0.5859763 -0.07838566 -0.8274902 -0.5581493 -0.06106926 -0.9763221 -0.207523 0.06106874 -0.9817778 -0.1731131 0.07838553 -0.9584513 0.2037256 0.1996668 -0.9473919 0.2362116 0.2159926 -0.7623686 0.5538926 0.3346597 -0.7384225 0.5769195 0.3491364 -0.4430953 0.7674627 0.4633223 -0.4130445 0.7768225 0.4753324 -0.08492424 0.808008 0.5830188 -0.05620529 0.8037851 0.5922589 0.2232902 0.6872222 0.6912793 0.2449947 0.6731168 0.6977761 0.42595 0.4410847 0.7899436 0.4137843 0.4595545 0.7858704 0.4586086 0.2041856 0.864862 0.461952 0.1866411 0.8670442 0.6562245 -0.11571 -0.7456411 0.6574652 -0.139749 -0.7404119 0.6324351 -0.4265829 -0.6465701 0.6224861 -0.4522624 -0.6387251 0.4476722 -0.7164251 -0.5350931 0.4257205 -0.7373691 -0.5244509 0.09580432 -0.911516 -0.39995 0.1267332 -0.9017549 -0.4132517 -0.2977314 -0.9163226 -0.2677852 -0.2643465 -0.9218856 -0.2832806 -0.6633957 -0.7367753 -0.1306461 -0.6357484 -0.7576557 -0.1475861 -0.9135107 -0.4067212 0.008721409 -0.89876 -0.4383542 -0.008722177 -0.9890492 0 0.1475863 -0.990825 -0.03459961 0.1306468 -0.8933218 0.360925 0.2677858 -0.8761243 0.3900745 0.2832809 -0.6093219 0.67672 0.4132516 -0.6366804 0.6593014 0.3999498 -0.2610552 0.8034461 0.5350931 -0.2912102 0.8000926 0.5244507 0.05367224 0.7675602 0.6387257 0.07973871 0.7586753 0.6465705 0.3155564 0.593477 0.7404116 0.3331747 0.5770738 0.745641 0.450667 0.3274288 0.8304756 0.44253 0.3457429 0.8274232 0.4269209 0.1064435 0.8980024 0.4274272 0.09085291 0.8994731 0.6731172 -0.244994 -0.6977758 0.6699715 -0.2706854 -0.6912796 0.5643811 -0.5844339 -0.5830188 0.5796064 -0.5597194 -0.5922589 0.3030948 -0.832746 -0.4633225 0.3295811 -0.8157421 -0.4753326 -0.03270333 -0.9365013 -0.3491359 -0.06573432 -0.9400436 -0.3346597 -0.4600181 -0.8651685 -0.1996668 -0.4280235 -0.877578 -0.2159926 -0.763687 -0.6408103 -0.0783861 -0.7865402 -0.6145121 -0.0610689 -0.9594676 -0.275123 0.06106889 -0.9673102 -0.2411774 0.07838569 -0.9703282 0.1363699 0.1996658 -0.9615613 0.1695501 0.2159924 -0.7991489 0.4993636 0.3346595 -0.7768681 0.524004 0.3491356 -0.4955505 0.7346854 0.4633218 -0.4662256 0.7461187 0.475332 -0.1410822 0.8001151 0.5830194 -0.1121391 0.7979057 0.5922593 0.1974445 0.6885679 0.6977748 0.1748119 0.7011235 0.691279 0.3807198 0.4872991 0.7858703 0.3941444 0.4697227 0.7899435 0.443248 0.2356793 0.8648621 0.4478072 0.2184105 0.8670442 0.3734717 0.03174161 0.9270984 0.3653117 0.01275718 0.9307978 0.3184663 0.01112127 0.9478689 0.6726015 -0.0406023 -0.7388902 0.6626978 -0.06965259 -0.7456408 0.6656121 -0.09354524 -0.7404119 0.6525176 -0.4077388 -0.6387253 0.6606512 -0.3814273 -0.6465703 0.4965571 -0.6834517 -0.5350932 0.4761196 -0.7058763 -0.5244508 0.1591549 -0.9026128 -0.3999498 0.1893279 -0.8907177 -0.4132517 -0.1993949 -0.9380798 -0.2832806 -0.2330866 -0.9348592 -0.2677852 -0.6103845 -0.7812569 -0.1306463 -0.5813484 -0.8001577 -0.1475861 -0.8829141 -0.4694536 0.008721706 -0.8659926 -0.4999809 -0.008722074 -0.9866399 -0.06899263 0.147587 -0.9859977 -0.1036336 0.1306466 -0.9011998 0.3280104 0.2832808 -0.9163228 0.2977309 0.267785 -0.6550433 0.6325672 0.4132517 -0.6811197 0.6132828 0.39995 -0.3164662 0.7832779 0.5350932 -0.3463117 0.7778295 0.5244516 0 0.7694353 0.6387247 0.02662446 0.7623898 0.6465701 0.2921078 0.5989102 0.7456405 0.2733897 0.6140432 0.7404115 0.4173347 0.375769 0.8274233 0.4267287 0.3580686 0.8304754 0.4184559 0.1359643 0.8980024 0.4200485 0.1204469 0.8994731 0.688567 -0.1974436 -0.6977761 0.6872211 -0.223292 -0.6912799 0.6172386 -0.5179246 -0.5922588 0.6037745 -0.5436408 -0.5830188 0.3856816 -0.7907646 -0.4753325 0.3604459 -0.8095747 -0.4633223 0.03270333 -0.9365013 -0.3491359 -0 -0.9423391 -0.3346597 -0.365764 -0.9052978 -0.2159923 -0.3985464 -0.8951502 -0.1996666 -0.7417576 -0.6678818 -0.0610696 -0.7171266 -0.6925209 -0.0783861 -0.9379388 -0.3413816 0.06106878 -0.9481302 -0.308066 0.07838546 -0.9774771 0.06835192 0.1996662 -0.9710465 0.1020603 0.2159916 -0.8320357 0.4424021 0.3346597 -0.8115283 0.4685362 0.3491356 -0.5171375 0.7117779 0.4753326 -0.5455928 0.698327 0.4633225 -0.1675237 0.7881401 0.5922592 -0.1965518 0.7883251 0.5830188 0.1489294 0.700663 0.697776 0.1254759 0.7116093 0.6912801 0.3604184 0.4960726 0.7899434 0.3458004 0.5126698 0.78587 0.4314811 0.2491153 0.8670442 0.4257284 0.2660244 0.864862 0.3715262 0.03904869 0.9276009 0.3721858 0.05230729 0.9266831 0.6557521 -0.04585511 -0.7535824 0.7259757 -0.05076567 -0.6858442 0.6982362 0.0001197903 -0.7158676 0.6793709 -0.3612275 -0.6387252 0.6856492 -0.3344136 -0.64657 0.5241992 -0.6709443 -0.524451 0.5430224 -0.6471491 -0.5350932 0.2510003 -0.8753411 -0.4132517 0.2217305 -0.889312 -0.3999498 -0.1334723 -0.9497038 -0.2832805 -0.1673062 -0.9488413 -0.2677852 -0.5241167 -0.838761 -0.1475859 -0.5544 -0.8219319 -0.1306463 -0.829006 -0.5591718 -0.008721656 -0.8480157 -0.5298995 0.008721986 -0.9763672 -0.1721591 0.1306457 -0.979424 -0.1376483 0.1475855 -0.9348594 0.2330869 0.2677845 -0.9218856 0.2643471 0.28328 -0.6975726 0.5853336 0.4132516 -0.7222408 0.5642769 0.3999498 -0.3703313 0.7592957 0.5350933 -0.3997279 0.7517776 0.5244502 -0.02662446 0.7623898 0.6465701 -0.05367224 0.7675602 0.6387257 0.2496178 0.6178277 0.7456406 0.2298903 0.6316177 0.7404119 0.3901052 0.4039663 0.8274232 0.4007121 0.3869624 0.8304757 0.4079518 0.1648236 0.8980025 0.4106231 0.1494548 0.8994731 0.7006627 -0.1489309 -0.6977761 0.7011232 -0.1748097 -0.6912799 0.6402261 -0.5001995 -0.5830188 0.6518637 -0.4736064 -0.592259 0.4399032 -0.7619343 -0.4753328 0.4160406 -0.7824593 -0.4633224 0.06573432 -0.9400436 -0.3346597 0.09795083 -0.9319387 -0.3491359 -0.3017228 -0.9286069 -0.2159922 -0.3351331 -0.9207709 -0.1996665 -0.6670719 -0.7408581 -0.07838575 -0.6933616 -0.7179974 -0.06106922 -0.9118403 -0.4059775 0.06106961 -0.9243307 -0.3734546 0.07838594 -0.9758003 0.03407563 0.215992 -0.9798639 0 0.1996662 -0.86087 0.3832828 0.3346597 -0.8422348 0.4107852 0.3491363 -0.5929768 0.658567 0.4633227 -0.5655289 0.6739701 0.4753329 -0.2510633 0.7726941 0.5830188 -0.2220941 0.7745345 0.5922588 0.07552978 0.7186295 0.6912791 0.09969307 0.7093447 0.697776 0.3091962 0.5355418 0.7858707 0.3249347 0.5200063 0.7899435 0.4130522 0.2786076 0.8670442 0.4061342 0.2950738 0.8648621 0.3678972 0.06487044 0.9276009 0.3676304 0.07814264 0.9266831 0.7029136 -0.3129579 -0.6387251 0.7073064 -0.2857696 -0.6465704 0.5868424 -0.6076933 -0.5350935 0.5697246 -0.632744 -0.5244511 0.3114493 -0.8556998 -0.413252 0.2832253 -0.8716785 -0.3999501 -0.100711 -0.9582007 -0.267785 -0.06689912 -0.956701 -0.2832804 -0.4957148 -0.8586025 -0.130646 -0.4643303 -0.8732787 -0.1475862 -0.787981 -0.6156378 -0.008721811 -0.8089864 -0.5877627 0.008721896 -0.9619793 -0.2398482 0.1306468 -0.967436 -0.2056355 0.1475862 -0.9380801 0.1993941 0.2832804 -0.9488409 0.1673072 0.2677859 -0.7367047 0.5352467 0.413252 -0.7598435 0.5125208 0.3999504 -0.451194 0.7220631 0.5244509 -0.4223973 0.7316122 0.5350925 -0.1070853 0.7619469 0.6387249 -0.07973871 0.7586753 0.6465705 0.2059131 0.6337346 0.7456409 0.1852713 0.6461151 0.740412 0.3727422 0.413973 0.8304756 0.360976 0.4301941 0.8274233 0.3991975 0.1777342 0.8994731 0.3954607 0.1928794 0.8980024 0.2707476 -0.02628278 0.9622915 0.7116095 -0.125476 -0.6912796 0.7093449 -0.09969147 -0.697776 0.7272869 -0.05164054 -0.6843881 0.6833125 -0.4269816 -0.592259 0.6735584 -0.4543212 -0.5830191 0.4919814 -0.7293924 -0.4753325 0.4696094 -0.7515313 -0.4633225 0.1311484 -0.9331682 -0.3346597 0.1627208 -0.9228359 -0.3491358 -0.2362114 -0.9473919 -0.2159924 -0.2700873 -0.9419056 -0.1996665 -0.6415877 -0.7646148 -0.06106892 -0.613767 -0.7855862 -0.07838563 -0.8812996 -0.4685952 0.06106912 -0.8960288 -0.4370219 0.07838603 -0.9758003 -0.03407563 0.215992 -0.9774771 -0.06835192 0.1996662 -0.8688383 0.3510333 0.3491355 -0.885509 0.3222994 0.3346596 -0.6111643 0.6328799 0.4753327 -0.6374721 0.6155989 0.4633221 -0.2755819 0.7571552 0.5922589 -0.3043536 0.7532983 0.5830184 0.0252191 0.7221475 0.6912793 0.04996737 0.714572 0.6977752 0.2710846 0.5558061 0.7858707 0.2878704 0.5414047 0.789944 0.3926114 0.3067418 0.8670442 0.3845613 0.3226859 0.8648621 0.362476 0.09037554 0.9276009 0.361284 0.1035965 0.9266831 0.7230322 -0.263162 -0.6387256 0.7255175 -0.2357353 -0.6465704 0.6278036 -0.5652766 -0.5350935 0.612475 -0.5914603 -0.5244511 0.3433411 -0.8497981 -0.39995 0.3703813 -0.8318899 -0.4132517 0 -0.9590371 -0.2832805 -0.03362504 -0.9628918 -0.267785 -0.4346138 -0.8910906 -0.1306463 -0.4022824 -0.9035415 -0.1475862 -0.7431164 -0.6691054 -0.008721841 -0.7660153 -0.6427631 0.008722086 -0.9429049 -0.3063682 0.1306472 -0.9507349 -0.2726192 0.1475868 -0.9497035 0.1334729 0.2832814 -0.9582007 0.1007101 0.2677852 -0.7722466 0.4825537 0.413252 -0.7937443 0.4582685 0.3999501 -0.5004647 0.6888298 0.5244507 -0.4724019 0.7003653 0.5350933 -0.1324684 0.7512653 0.6465698 -0.159974 0.7526212 0.6387249 0.1612035 0.6465543 0.7456413 0.1397475 0.6574652 0.7404121 0.330088 0.4543264 0.8274235 0.3429573 0.4389652 0.8304757 0.3810431 0.219995 0.8980024 0.3858271 0.2051479 0.8994731 0.3081989 0.0323928 0.9507703 0.3082308 0.03295285 0.9507406 0.2569972 0.01797102 0.966245 0.2922322 0.0204349 0.956129 0.7328787 -0.02175612 -0.6800114 0.76564 -0.03248876 -0.6424483 0.6836998 -0.07185992 -0.7262167 0.7036096 -0.4062295 -0.583019 0.711433 -0.3782752 -0.5922592 0.5208893 -0.7169426 -0.4633223 0.5416629 -0.6932967 -0.4753326 0.1959232 -0.9217467 -0.3346596 0.2266984 -0.909237 -0.3491359 -0.2037252 -0.9584515 -0.1996665 -0.1695491 -0.9615614 -0.2159924 -0.5866885 -0.8075068 -0.06106924 -0.5574723 -0.8264866 -0.07838613 -0.846465 -0.5289306 0.06106903 -0.8633606 -0.4984616 0.07838591 -0.9703282 -0.1363699 0.1996658 -0.9710465 -0.1020603 0.2159916 -0.8912085 0.2895712 0.349136 -0.9058341 0.2597443 0.3346601 -0.6788604 0.5696322 0.4633225 -0.6538239 0.588705 0.4753323 -0.3277284 0.7360869 0.5922585 -0.3561567 0.7302334 0.5830194 -0 0.7163161 0.6977758 -0.0252191 0.7221475 0.6912793 0.2494026 0.560167 0.7899439 0.2316528 0.5733625 0.7858704 0.3702588 0.3333813 0.867044 0.361116 0.348725 0.8648619 0.3531775 0.1285463 0.9266831 0.3552889 0.11544 0.9276009 0.7396281 -0.2120851 -0.6387253 0.7401943 -0.1845513 -0.6465704 0.6657058 -0.5201065 -0.5350935 0.6522412 -0.5472953 -0.5244513 0.4017834 -0.823778 -0.3999499 0.4275084 -0.8040271 -0.4132515 0.03362504 -0.9628918 -0.267785 0.06689912 -0.956701 -0.2832804 -0.3382747 -0.9294022 -0.1475864 -0.3713959 -0.919237 -0.1306465 -0.6946318 -0.7193125 -0.008722256 -0.7193126 -0.6946318 0.008721711 -0.9192367 -0.3713966 0.130646 -0.9294025 -0.3382739 0.1475866 -0.9628917 0.03362485 0.2677851 -0.956701 0.06689873 0.2832804 -0.8237781 0.4017833 0.3999499 -0.8040268 0.4275088 0.4132518 -0.5472959 0.6522411 0.5244509 -0.5201072 0.6657056 0.5350931 -0.2120846 0.7396274 0.6387264 -0.1845532 0.7401935 0.6465708 0.09354674 0.6656118 0.7404119 0.1157106 0.6562247 0.7456408 0.2975907 0.4762465 0.8274232 0.3115018 0.461819 0.8304756 0.3705769 0.2315619 0.8994731 0.3647685 0.2460398 0.8980024 0.3053108 0.04290895 0.9512855 0.3051884 0.05381315 0.9507704 0.736087 -0.3277277 -0.5922589 0.730233 -0.3561579 -0.5830191 0.5696314 -0.678861 -0.4633226 0.5887048 -0.6538237 -0.4753328 0.289571 -0.8912086 -0.3491358 0.2597439 -0.9058344 -0.3346597 -0.1363706 -0.9703279 -0.1996666 -0.1020611 -0.9710463 -0.2159923 -0.52893 -0.8464653 -0.06106932 -0.4984619 -0.8633605 -0.07838571 -0.8264865 -0.5574726 0.07838568 -0.8075071 -0.586688 0.06106925 -0.9615613 -0.16955 0.2159924 -0.9584514 -0.2037258 0.1996666 -0.9092368 0.2266981 0.3491366 -0.9217468 0.1959223 0.33466 -0.7169427 0.5208888 0.4633228 -0.6932968 0.5416623 0.475333 -0.3782749 0.7114326 0.5922599 -0.4062297 0.703609 0.5830195 -0.04996737 0.714572 0.6977752 -0.07552978 0.7186295 0.6912791 0.2097195 0.5762003 0.7899437 0.1910936 0.5881249 0.7858704 0.3461 0.3583982 0.8670442 0.3359096 0.3730661 0.8648621 0.3433503 0.1528694 0.9266831 0.3463707 0.1399431 0.9276009 0.7512648 -0.1324683 -0.6465704 0.7526208 -0.1599747 -0.6387254 0.7003649 -0.4724025 -0.5350932 0.68883 -0.5004641 -0.5244511 0.4825539 -0.7722467 -0.4132516 0.4582686 -0.7937444 -0.3999496 0.100711 -0.9582007 -0.267785 0.1334723 -0.9497038 -0.2832805 -0.3063684 -0.942905 -0.1306466 -0.2726191 -0.950735 -0.1475863 -0.669105 -0.7431168 0.008721591 -0.6427631 -0.7660154 -0.008722062 -0.8910908 -0.4346134 0.1306461 -0.9035413 -0.4022829 0.1475855 -0.9590372 0 0.2832805 -0.9628917 -0.03362485 0.2677851 -0.8497983 0.3433407 0.3999498 -0.8318899 0.3703812 0.4132516 -0.5652772 0.6278033 0.5350931 -0.59146 0.6124754 0.5244512 -0.2631621 0.7230322 0.6387253 -0.235733 0.7255177 0.6465709 0.04688668 0.6705161 0.7404121 0.06965263 0.6626974 0.7456412 0.2785272 0.4824244 0.8304753 0.2636457 0.4958446 0.8274232 0.3535215 0.2568479 0.899473 0.3467174 0.2708854 0.8980023 0.3006913 0.07497089 0.9507703 0.3015742 0.06410093 0.9512855 0.7532989 -0.3043523 -0.5830185 0.7571555 -0.2755818 -0.5922586 0.6328796 -0.6111648 -0.4753326 0.6155991 -0.6374716 -0.4633224 0.3510337 -0.868838 -0.3491359 0.3222989 -0.8855091 -0.3346595 -0.06835191 -0.977477 -0.1996666 -0.03407582 -0.9758002 -0.2159923 -0.4370222 -0.8960286 -0.07838564 -0.4685954 -0.8812996 -0.06106884 -0.7646147 -0.6415878 0.06106921 -0.7855862 -0.613767 0.07838597 -0.9419056 -0.2700874 0.1996666 -0.9473919 -0.2362118 0.2159923 -0.9331682 0.131149 0.3346595 -0.9228359 0.1627212 0.3491356 -0.7293921 0.4919818 0.4753326 -0.7515314 0.4696093 0.4633223 -0.426981 0.6833127 0.5922593 -0.4543206 0.6735587 0.5830193 -0.09969307 0.7093447 0.697776 -0.1254759 0.7116093 0.6912801 0.1690149 0.5894259 0.7899438 0.1496019 0.6000224 0.7858704 0.3202576 0.381667 0.867044 0.3090682 0.3955892 0.8648618 0.3357652 0.1637633 0.9276009 0.3318504 0.176448 0.926683 0.2225171 -0.00594446 0.9749106 0.1735864 0.02662693 0.9844586 0.7710293 -0.04294875 -0.6353498 0.7619467 -0.1070845 -0.6387253 0.7586755 -0.07974019 -0.6465703 0.7220627 -0.4511947 -0.5244508 0.7316121 -0.4223967 -0.5350931 0.5125208 -0.7598436 -0.39995 0.5352471 -0.7367045 -0.4132519 0.1673062 -0.9488413 -0.2677852 0.1993949 -0.9380798 -0.2832806 -0.2056349 -0.9674361 -0.1475861 -0.2398484 -0.9619794 -0.1306463 -0.5877632 -0.8089861 -0.008721903 -0.615638 -0.7879807 0.008721648 -0.8586027 -0.4957146 0.1306462 -0.8732787 -0.4643304 0.1475861 -0.956701 -0.06689873 0.2832804 -0.9582007 -0.1007101 0.2677852 -0.8716787 0.2832255 0.3999495 -0.8557 0.3114496 0.4132515 -0.6076931 0.5868423 0.5350936 -0.632744 0.5697245 0.5244512 -0.3129584 0.702913 0.6387255 -0.285771 0.7073057 0.6465707 0 0.6721532 0.7404121 0.02325478 0.6659419 0.7456411 0.2284149 0.5130278 0.8274231 0.2441973 0.5006777 0.8304754 0.3347431 0.2808833 0.899473 0.3269773 0.2944104 0.8980024 0.2963679 0.08498251 0.9512855 0.2947292 0.09576296 0.9507703 0.7745343 -0.2220943 -0.5922589 0.772694 -0.251064 -0.5830188 0.6739708 -0.5655286 -0.4753323 0.6585676 -0.5929766 -0.4633222 0.3832839 -0.8608695 -0.3346598 0.4107854 -0.8422347 -0.349136 0.03407582 -0.9758002 -0.2159923 -0 -0.9798639 -0.1996665 -0.373454 -0.9243309 -0.07838573 -0.4059775 -0.9118404 -0.06106906 -0.7408581 -0.6670719 0.07838603 -0.7179973 -0.6933617 0.06106953 -0.9207712 -0.3351323 0.1996665 -0.9286071 -0.3017223 0.2159921 -0.9400433 0.06573392 0.3346604 -0.9319386 0.09794995 0.3491364 -0.7824588 0.4160409 0.4633229 -0.7619346 0.4399026 0.4753329 -0.5002 0.6402256 0.583019 -0.4736062 0.6518634 0.5922593 -0.1748119 0.7011235 0.691279 -0.1489294 0.700663 0.697776 0.107383 0.6089966 0.7858703 0.1274877 0.59978 0.7899435 0.2928524 0.4030783 0.8670441 0.2807207 0.4161843 0.8648621 0.3187335 0.1991666 0.9266831 0.3235233 0.186787 0.9276009 0.2401282 0.03374808 0.9701544 0.2330996 0.02449968 0.9721442 0.2401196 0.03505237 0.9701102 0.8161902 -0.0570735 -0.5749575 0.7155721 -0.0500376 -0.6967444 0.7971145 -0.006679461 -0.6037912 0.751778 -0.3997269 -0.5244505 0.7592954 -0.3703325 -0.5350928 0.5642762 -0.7222412 -0.3999502 0.5853329 -0.6975732 -0.4132519 0.2643465 -0.9218856 -0.2832806 0.2330866 -0.9348592 -0.2677852 -0.1376489 -0.9794239 -0.1475862 -0.1721599 -0.976367 -0.1306463 -0.5298989 -0.848016 -0.00872165 -0.5591714 -0.8290061 0.008722147 -0.8387612 -0.5241163 0.147586 -0.8219318 -0.5544003 0.1306462 -0.9488409 -0.167307 0.267786 -0.9497035 -0.1334729 0.2832814 -0.8753413 0.2509998 0.4132514 -0.889312 0.2217303 0.3999496 -0.6709448 0.5241991 0.5244507 -0.6471488 0.5430228 0.5350932 -0.3344135 0.6856492 0.6465701 -0.3612274 0.6793709 0.6387253 -0.02325478 0.6659419 0.7456411 -0.04688668 0.6705161 0.7404121 0.2086761 0.5164927 0.8304756 0.1920711 0.5277115 0.8274233 0.3143342 0.303549 0.8994731 0.3056426 0.3165031 0.8980025 0.2873309 0.1160895 0.9507703 0.2897179 0.1054486 0.9512855 0.7881405 -0.1675246 -0.5922585 0.7883255 -0.1965509 -0.5830186 0.7117783 -0.517137 -0.4753324 0.6983272 -0.545593 -0.4633222 0.4424011 -0.832036 -0.33466 0.468536 -0.8115281 -0.3491363 0.1020611 -0.9710463 -0.2159923 0.06835191 -0.977477 -0.1996666 -0.3080661 -0.9481302 -0.07838585 -0.3413819 -0.9379387 -0.06106908 -0.6678815 -0.741758 0.06106906 -0.6925212 -0.7171262 0.0783861 -0.8951501 -0.3985468 0.1996665 -0.9052978 -0.3657636 0.2159926 -0.942339 0 0.3346596 -0.9365011 0.03270412 0.3491362 -0.8095744 0.3604457 0.4633229 -0.7907643 0.3856816 0.4753331 -0.5179246 0.6172386 0.5922589 -0.5436413 0.6037744 0.5830186 -0.1974446 0.6885681 0.6977749 -0.2232902 0.6872222 0.6912793 0.06463981 0.6150036 0.7858704 0.08533823 0.607212 0.7899436 0.2510042 0.4347531 0.8648623 0.264022 0.4225239 0.8670443 0.3040641 0.2209151 0.9266831 0.3097062 0.2088987 0.9276008 0.2378281 0.04193541 0.9704016 0.2371892 0.0504156 0.9701544 0.7832785 -0.3164648 -0.5350933 0.7778296 -0.3463125 -0.5244508 0.6132829 -0.6811197 -0.39995 0.6325676 -0.6550429 -0.4132518 0.2977314 -0.9163226 -0.2677852 0.3280099 -0.9012002 -0.2832805 -0.06899263 -0.9866399 -0.1475862 -0.1036324 -0.9859979 -0.1306464 -0.4694538 -0.8829141 -0.00872195 -0.4999812 -0.8659924 0.008721912 -0.8001578 -0.5813484 0.1475857 -0.7812569 -0.6103845 0.1306459 -0.93808 -0.199394 0.2832805 -0.9348593 -0.2330871 0.2677846 -0.8907178 0.189328 0.4132514 -0.9026127 0.1591554 0.3999497 -0.7058759 0.4761199 0.5244511 -0.6834524 0.4965566 0.535093 -0.3814271 0.6606513 0.6465703 -0.4077382 0.6525179 0.6387253 -0.06965263 0.6626974 0.7456412 -0.09354674 0.6656118 0.7404119 0.154792 0.5398247 0.827423 0.1721403 0.5297908 0.8304754 0.282821 0.3370519 0.8980023 0.2923945 0.3247364 0.899473 0.2816566 0.1254014 0.9512854 0.2785333 0.1358494 0.9507703 0.1242497 -0.03875042 0.991494 0.7979064 -0.1121383 -0.5922588 0.8172267 -0.05803767 -0.5733865 0.8001158 -0.1410826 -0.5830185 0.7461179 -0.4662262 -0.4753328 0.7346843 -0.4955513 -0.4633224 0.4993638 -0.7991486 -0.33466 0.5240039 -0.776868 -0.349136 0.1695491 -0.9615614 -0.2159924 0.1363706 -0.9703279 -0.1996666 -0.2411775 -0.9673102 -0.07838571 -0.2751227 -0.9594676 -0.06106909 -0.6145124 -0.7865399 0.0610691 -0.6408097 -0.7636875 0.07838569 -0.8651686 -0.4600181 0.1996665 -0.877578 -0.4280235 0.2159922 -0.9365011 -0.03270412 0.3491362 -0.9400433 -0.06573392 0.3346604 -0.832746 0.303095 0.4633223 -0.8157417 0.329582 0.4753327 -0.5844339 0.5643812 0.5830188 -0.5597199 0.5796061 0.5922588 -0.2706867 0.669971 0.6912796 -0.2449947 0.6731168 0.6977761 0.02158113 0.6180146 0.7858703 0.04277336 0.6116858 0.7899437 0.2339063 0.4399118 0.8670442 0.2200669 0.4512032 0.864862 0.2879128 0.2415879 0.9266831 0.2943793 0.2299945 0.9276009 0.2330943 0.06683904 0.9701543 0.2343233 0.05842348 0.9704016 0.8034459 -0.261056 -0.5350929 0.8000926 -0.2912094 -0.524451 0.6593018 -0.6366799 -0.3999499 0.6767204 -0.6093214 -0.4132517 0.3900757 -0.8761239 -0.2832805 0.3609254 -0.8933219 -0.2677851 -0.03460037 -0.9908251 -0.1306463 0 -0.9890492 -0.1475861 -0.4383545 -0.8987598 0.00872183 -0.4067212 -0.9135107 -0.008721938 -0.7576554 -0.6357488 0.147586 -0.7367752 -0.6633957 0.1306463 -0.9218856 -0.2643473 0.2832801 -0.9163227 -0.2977309 0.2677853 -0.9017548 0.1267335 0.4132517 -0.9115164 0.09580351 0.3999495 -0.7373697 0.4257199 0.5244507 -0.7164248 0.4476724 0.5350934 -0.4265827 0.6324349 0.6465704 -0.4522623 0.6224859 0.6387255 -0.1157106 0.6562247 0.7456409 -0.1397475 0.6574652 0.7404121 0.1347627 0.5405087 0.8304754 0.1167593 0.5493067 0.8274234 0.2586194 0.3559604 0.8980023 0.2690295 0.3443418 0.8994731 0.268378 0.1549487 0.9507703 0.2722227 0.1447435 0.9512855 0.1729676 0.02914489 0.9844962 0.1186375 0.008296017 0.992903 0.1730056 0.01818347 0.984753 0.1478364 0.01033782 0.9889578 0.7551149 -0.07936561 -0.6507709 0.8260071 -0.02368687 -0.5631617 0.7768228 -0.4130434 -0.4753329 0.7674628 -0.4430948 -0.4633226 0.5538931 -0.7623681 -0.3346597 0.576919 -0.7384232 -0.3491357 0.2037252 -0.9584515 -0.1996665 0.2362114 -0.9473919 -0.2159924 -0.2075237 -0.9763219 -0.06106905 -0.173114 -0.9817776 -0.07838574 -0.558149 -0.8274903 0.0610691 -0.5859766 -0.8065277 0.07838584 -0.8309717 -0.5192489 0.1996665 -0.8455829 -0.4881976 0.2159924 -0.9319386 -0.09794995 0.3491364 -0.9331682 -0.131149 0.3346595 -0.85186 0.2442667 0.4633229 -0.8367456 0.2718742 0.4753329 -0.6223792 0.5222386 0.5830187 -0.5987872 0.5391507 0.5922588 -0.2913522 0.6543875 0.6977757 -0.3167615 0.6494573 0.6912795 -0.02158113 0.6180146 0.7858703 -0 0.6131796 0.7899435 0.2026492 0.4551569 0.8670442 0.1880558 0.4654556 0.864862 0.2703595 0.261083 0.9266829 0.277619 0.2499689 0.9276008 0.2278643 0.08293569 0.9701544 0.2296772 0.07462647 0.9704016 0.8196992 -0.2043733 -0.5350934 0.8184573 -0.2346894 -0.5244506 0.7175758 -0.5606316 -0.4132519 0.702108 -0.5891387 -0.39995 0.4223613 -0.8659688 -0.2677851 0.4502404 -0.8467797 -0.2832804 0.06899263 -0.9866399 -0.1475862 0.03460037 -0.9908251 -0.1306463 -0.3745923 -0.9271486 0.00872185 -0.3420073 -0.9396569 -0.008721851 -0.6887048 -0.713174 0.1306462 -0.7114627 -0.6870512 0.1475859 -0.8933218 -0.360925 0.2677858 -0.9011999 -0.3280101 0.2832809 -0.9159788 0.03198744 0.3999495 -0.908399 0.06352147 0.413251 -0.7652699 0.3732471 0.5244507 -0.7459083 0.3966062 0.5350929 -0.4696597 0.6011378 0.6465703 -0.4945832 0.5894215 0.6387252 -0.1852713 0.6461151 0.740412 -0.1612035 0.6465543 0.7456413 0.09673307 0.548592 0.8304756 0.07815685 0.5561138 0.827423 0.2443538 0.3622701 0.899473 0.2331594 0.3731335 0.8980023 0.2614629 0.1633803 0.9512855 0.2569162 0.1732914 0.9507704 0.1717524 0.02413794 0.9848444 0.1713158 0.03020753 0.984753 0.7965019 -0.3884799 -0.4633229 0.8037426 -0.3578497 -0.4753329 0.6057236 -0.7218739 -0.3346595 0.6270236 -0.6963804 -0.3491358 0.3017228 -0.9286069 -0.2159922 0.2700873 -0.9419056 -0.1996665 -0.1389134 -0.9884198 -0.06106904 -0.1042067 -0.9914619 -0.07838582 -0.4990669 -0.8644089 0.06106904 -0.5282888 -0.8454386 0.07838567 -0.8094681 -0.5459933 0.2159923 -0.7927266 -0.5759494 0.1996666 -0.9217468 -0.1959223 0.33466 -0.9228359 -0.1627212 0.3491356 -0.8536719 0.2128445 0.475333 -0.8668243 0.1842492 0.4633227 -0.6572931 0.4775508 0.5830188 -0.6349379 0.4960677 0.592259 -0.3362895 0.6324703 0.6977755 -0.3612939 0.6257795 0.6912791 -0.04277336 0.6116858 0.7899437 -0.06463981 0.6150036 0.7858704 0.1704043 0.4681847 0.8670441 0.1551301 0.4774391 0.8648621 0.2514888 0.2793061 0.9266831 0.2595056 0.2687259 0.9276007 0.2239119 0.09046651 0.9704016 0.2215239 0.09862868 0.9701544 0.8328344 -0.1770245 -0.5244513 0.8319584 -0.1466973 -0.5350934 0.7549353 -0.5092108 -0.4132519 0.7414938 -0.5387269 -0.3999501 0.5082124 -0.8133094 -0.2832806 0.4817391 -0.8343972 -0.267785 0.1376489 -0.9794239 -0.1475862 0.1036324 -0.9859979 -0.1306464 -0.2756267 -0.9612252 -0.008721935 -0.3090053 -0.9510204 0.008721959 -0.6372781 -0.7594788 0.1306465 -0.6618029 -0.7350069 0.1475863 -0.8659688 -0.4223613 0.2677853 -0.8761241 -0.3900748 0.2832811 -0.9106169 0 0.4132516 -0.9159788 -0.03198744 0.3999495 -0.7894418 0.3189561 0.5244508 -0.7717568 0.3436087 0.5350928 -0.5104493 0.5669113 0.6465703 -0.5344948 0.5534849 0.638725 -0.2059131 0.6337346 0.7456409 -0.2298903 0.6316177 0.7404119 0.05822767 0.5540037 0.8304754 0.03917389 0.5602109 0.8274232 0.2065639 0.3884884 0.8980023 0.2184885 0.3784326 0.899473 0.2494291 0.1812209 0.9512855 0.2442016 0.1907914 0.9507703 0.1696502 0.03606017 0.9848444 0.1687913 0.04208444 0.984753 0.8267472 -0.3009109 -0.4753332 0.8216605 -0.3319728 -0.4633227 0.6546036 -0.6778622 -0.3346597 0.6740733 -0.6509447 -0.3491361 0.3351331 -0.9207709 -0.1996665 0.365764 -0.9052978 -0.2159923 -0.0696262 -0.9957021 -0.06106915 -0.03479212 -0.9963158 -0.07838579 -0.437553 -0.8971165 0.0610692 -0.468027 -0.8802309 0.07838587 -0.7506192 -0.6298447 0.1996664 -0.7694099 -0.6011287 0.2159925 -0.9092368 -0.2266981 0.3491366 -0.9058341 -0.2597446 0.33466 -0.8664398 0.1527767 0.4753329 -0.8775653 0.1233339 0.4633227 -0.6890038 0.4305378 0.5830189 -0.6679954 0.4505683 0.5922588 -0.3795904 0.6074706 0.6977755 -0.4040658 0.5990523 0.6912794 -0.107383 0.6089966 0.7858703 -0.08533823 0.607212 0.7899436 0.1214461 0.4870983 0.8648619 0.1373321 0.4789302 0.8670443 0.2313925 0.2961687 0.9266831 0.2401276 0.2861737 0.9276009 0.2141041 0.1138413 0.9701543 0.2170559 0.1058652 0.9704016 0.07460153 -0.05861347 0.9954894 0.8541933 -0.0429758 -0.5181766 0.8401654 -0.08830474 -0.5350929 0.8431547 -0.1184971 -0.5244508 0.7772676 -0.4856905 -0.3999499 0.7886174 -0.4553084 -0.4132517 0.5637079 -0.7758772 -0.2832807 0.5387705 -0.7987599 -0.2677853 0.2056349 -0.9674361 -0.1475861 0.1721599 -0.976367 -0.1306463 -0.2079038 -0.9781104 -0.008722018 -0.2419127 -0.9702588 0.008721738 -0.5827472 -0.802083 0.1306465 -0.6089194 -0.7793815 0.1475863 -0.8343968 -0.4817393 0.2677855 -0.8467792 -0.450241 0.2832808 -0.9115164 -0.09580351 0.3999495 -0.908399 -0.06352147 0.413251 -0.8097685 0.2631088 0.524451 -0.7938458 0.2889359 0.5350934 -0.5718015 0.5148526 0.6387252 -0.5487519 0.5299232 0.64657 -0.2733897 0.6140432 0.7404115 -0.2496178 0.6178277 0.7456406 0 0.5615784 0.8274236 0.01943985 0.5567155 0.8304757 0.1915579 0.3927516 0.899473 0.1789606 0.4019513 0.8980024 0.2361798 0.198179 0.9512855 0.2302979 0.2073609 0.9507704 0.1667215 0.04780679 0.9848443 0.1654445 0.05375604 0.984753 0.8457237 -0.2425079 -0.4753328 0.8428164 -0.2738471 -0.463323 0.7178388 -0.6023384 -0.3491358 0.7002946 -0.6305476 -0.3346599 0.3985464 -0.8951502 -0.1996666 0.4280235 -0.877578 -0.2159926 -0 -0.9981335 -0.0610691 0.03479212 -0.9963158 -0.07838579 -0.4054852 -0.9107346 0.0783859 -0.3739074 -0.9254533 0.06106919 -0.7256026 -0.6533362 0.2159923 -0.7048552 -0.6806705 0.1996668 -0.8912085 -0.2895712 0.3491358 -0.8855091 -0.3222992 0.3346595 -0.8749864 0.09196468 0.475333 -0.8840308 0.06181744 0.4633228 -0.6977979 0.4028738 0.5922592 -0.7173584 0.381426 0.583019 -0.444869 0.569407 0.6912794 -0.42104 0.5795123 0.6977756 -0.1274877 0.59978 0.7899435 -0.1496019 0.6000224 0.7858704 0.1035876 0.4873443 0.8670439 0.08717439 0.4943828 0.8648621 0.2101687 0.3115886 0.9266831 0.2195803 0.3022267 0.9276009 0.2091424 0.1207484 0.9704016 0.2056415 0.1284991 0.9701543 0.1036365 0.014565 0.9945086 0.05879735 0.00617984 0.9982508 0.08564257 0.009001381 0.9962853 0.02486417 0.07324758 0.9970038 0.1005723 0.05666602 0.9933148 0.8376301 -0.05857335 -0.5430884 0.8897018 -0.06221459 -0.4522832 0.8531964 -0.01489144 -0.5213771 0.8781182 -0.01532642 -0.4781982 0.8184571 -0.3991881 -0.4132515 0.8092543 -0.4302879 -0.3999498 0.5931767 -0.7592314 -0.2677854 0.6164569 -0.7346653 -0.2832805 0.2398484 -0.9619794 -0.1306463 0.2726191 -0.950735 -0.1475863 -0.1391678 -0.9902304 -0.008721908 -0.1736415 -0.9847704 0.008721805 -0.5253774 -0.8407795 0.1306461 -0.5530697 -0.8199587 0.147586 -0.7987599 -0.5387705 0.2677855 -0.8133095 -0.5082121 0.2832809 -0.9026127 -0.1591554 0.3999497 -0.9017548 -0.1267335 0.4132517 -0.8261493 0.2059824 0.5244507 -0.8120673 0.2328567 0.5350929 -0.6063231 0.4737113 0.6387252 -0.5843805 0.4903533 0.6465702 -0.3155564 0.593477 0.7404116 -0.2921078 0.5989102 0.7456405 -0.01943985 0.5567155 0.8304757 -0.03917389 0.5602109 0.8274232 0.1504848 0.4134559 0.8980025 0.1636931 0.4051575 0.8994731 0.2217811 0.2141703 0.9512855 0.2152722 0.2229208 0.9507703 0.1612916 0.06516619 0.984753 0.1629805 0.05932031 0.9848444 0.8605803 -0.1829221 -0.4753325 0.8598662 -0.2143886 -0.4633223 0.742573 -0.5801622 -0.3346598 0.7581071 -0.5507972 -0.3491361 0.4600181 -0.8651685 -0.1996669 0.4881973 -0.8455831 -0.2159926 0.1042067 -0.9914619 -0.07838582 0.0696262 -0.9957021 -0.06106915 -0.3084402 -0.9492814 0.06106916 -0.3409678 -0.9368013 0.07838587 -0.6556567 -0.7281809 0.1996668 -0.6782609 -0.7023598 0.2159927 -0.8688383 -0.3510333 0.3491355 -0.8608699 -0.3832832 0.3346595 -0.8861895 0 0.4633229 -0.87927 0.03070462 0.4753331 -0.7242013 0.3532161 0.5922592 -0.7422174 0.3304569 0.5830194 -0.4835053 0.5369869 0.6912798 -0.4604395 0.5487297 0.6977758 -0.1690149 0.5894259 0.7899438 -0.1910936 0.5881249 0.7858704 0.05247387 0.4992594 0.8648621 0.06934053 0.4933822 0.8670443 0.1979639 0.3168074 0.9276009 0.1879221 0.3254901 0.9266831 0.1961769 0.1425309 0.9701544 0.20021 0.1350433 0.9704016 0.1028783 0.01814018 0.9945286 0.03439032 0.006063928 0.9993901 0.102368 0.02175891 0.9945086 0.8443093 -0.3411236 -0.4132512 0.8372984 -0.3727889 -0.3999496 0.666203 -0.6898738 -0.2832801 0.6446932 -0.7160041 -0.2677849 0.3063684 -0.942905 -0.1306466 0.3382747 -0.9294022 -0.1475864 -0.06975373 -0.9975262 -0.008721904 -0.1045245 -0.9944841 0.008721901 -0.4654477 -0.8753799 0.1306461 -0.4945246 -0.8565418 0.1475859 -0.7592316 -0.5931765 0.2677854 -0.7758774 -0.5637077 0.2832808 -0.889312 -0.2217303 0.3999496 -0.8907178 -0.189328 0.4132514 -0.8385057 0.1478512 0.5244504 -0.8263323 0.175643 0.5350928 -0.6378906 0.4302624 0.638725 -0.6171621 0.4483949 0.6465701 -0.3331747 0.5770738 0.7456409 -0.3561875 0.5700181 0.7404121 -0.07815685 0.5561138 0.827423 -0.05822767 0.5540037 0.8304754 0.1350331 0.415589 0.8994731 0.1212786 0.4229456 0.8980025 0.1991973 0.2373946 0.9507703 0.2063002 0.2291202 0.9512855 0.156353 0.07625835 0.984753 0.1584455 0.07054467 0.9848444 0.8712441 -0.1224448 -0.4753325 0.8727268 -0.1538851 -0.4633222 0.7946824 -0.4965726 -0.3491355 0.7812349 -0.5269488 -0.3346595 0.5459933 -0.8094682 -0.2159921 0.5192492 -0.8309714 -0.1996664 0.1389134 -0.9884198 -0.06106904 0.173114 -0.9817776 -0.07838574 -0.2414704 -0.9684847 0.06106916 -0.2747893 -0.958304 0.07838587 -0.6032643 -0.7721434 0.1996663 -0.6276149 -0.7479618 0.2159923 -0.8320357 -0.4424017 0.3346599 -0.8422347 -0.4107856 0.3491361 -0.8840308 -0.06181744 0.4633228 -0.87927 -0.03070462 0.4753331 -0.7634612 0.2778769 0.5830191 -0.7470758 0.3018387 0.5922595 -0.4975946 0.5152752 0.6977758 -0.5197862 0.5019515 0.6912794 -0.2097195 0.5762003 0.7899436 -0.2316528 0.5733625 0.7858704 0.03475396 0.4970175 0.8670443 0.01751894 0.5017036 0.8648621 0.175381 0.3298456 0.927601 0.164759 0.3378057 0.9266832 0.1857563 0.1558686 0.9701543 0.1903018 0.1486807 0.9704016 0.1013623 0.02527231 0.9945285 0.03388356 0.008448074 0.9993901 0.1006008 0.02884693 0.9945086 0.8612632 -0.3134743 -0.3999492 0.8660484 -0.2813956 -0.4132513 0.6930685 -0.6692888 -0.2677848 0.7127037 -0.6417208 -0.2832804 0.3713959 -0.919237 -0.1306465 0.4022824 -0.9035415 -0.1475862 0 -0.999962 -0.008722031 -0.03489826 -0.9993529 0.008721782 -0.4335705 -0.8889516 0.147586 -0.4032505 -0.9057155 0.1306462 -0.734665 -0.6164571 0.2832808 -0.7160038 -0.6446934 0.2677852 -0.8716787 -0.2832255 0.3999495 -0.8753413 -0.2509998 0.4132514 -0.8365719 0.1175722 0.5350928 -0.8467767 0.08899974 0.5244506 -0.6469374 0.4042517 0.6465698 -0.6663505 0.3847176 0.6387248 -0.3950816 0.5437835 0.7404121 -0.3726172 0.5524274 0.7456409 -0.1167593 0.5493067 0.8274234 -0.09673307 0.548592 0.8304756 0.09147865 0.430376 0.8980023 0.1057153 0.4239956 0.8994732 0.1821525 0.2507116 0.9507703 0.1898156 0.2429525 0.9512855 0.1506525 0.08697931 0.984753 0.1531387 0.08142526 0.9848444 0.8750737 -0.04319131 -0.4820586 0.9512084 -0.09997673 -0.2919029 0.8813349 -0.09263267 -0.4633227 0.9006481 -0.02669334 -0.4337287 0.8160896 -0.4711698 -0.3346594 0.8273857 -0.4399285 -0.3491358 0.5759494 -0.7927268 -0.1996664 0.6011289 -0.7694097 -0.2159924 0.2411775 -0.9673102 -0.07838571 0.2075237 -0.9763219 -0.06106905 -0.173324 -0.9829697 0.06106922 -0.2072719 -0.9751379 0.07838591 -0.5479334 -0.8123438 0.1996665 -0.5739106 -0.7899203 0.215992 -0.7991489 -0.4993636 0.3346595 -0.8115285 -0.4685358 0.3491358 -0.8749864 -0.09196468 0.475333 -0.8775653 -0.1233339 0.4633227 -0.7809851 0.2239439 0.5830193 -0.7663115 0.2489893 0.5922592 -0.5535344 0.4644705 0.6912791 -0.5323267 0.4793096 0.6977754 -0.2494026 0.560167 0.7899439 -0.2710846 0.5558061 0.7858707 -0.01751894 0.5017036 0.8648621 -0 0.4982313 0.8670442 0.1407927 0.3484765 0.9266831 0.1519462 0.3412752 0.9276009 0.1794676 0.1615925 0.9704016 0.1744318 0.1684459 0.9701543 0.0993524 0.03228161 0.9945286 0.03321169 0.01079115 0.9993901 0.09834348 0.03579424 0.9945086 0.8810321 -0.2526317 -0.3999497 0.8835678 -0.2202981 -0.4132514 0.7557313 -0.5904426 -0.2832804 0.7380674 -0.6193122 -0.2677852 0.4346138 -0.8910906 -0.1306464 0.4643303 -0.8732787 -0.1475862 0.03489826 -0.9993529 0.008721783 0.06975373 -0.9975262 -0.008721904 -0.3705043 -0.9170305 0.1475861 -0.3390887 -0.9316385 0.1306463 -0.6692885 -0.6930686 0.2677853 -0.6898733 -0.6662034 0.2832806 -0.8556998 -0.3114498 0.4132516 -0.8497983 -0.3433406 0.39995 -0.8427353 0.05892926 0.535093 -0.850922 0.02971471 0.5244509 -0.6735608 0.3581385 0.6465698 -0.6915641 0.3372979 0.6387247 -0.4102446 0.5250892 0.7456411 -0.4320521 0.514899 0.740412 -0.1347627 0.5405086 0.8304754 -0.154792 0.5398247 0.827423 0.06123497 0.4357085 0.8980024 0.07587938 0.4303378 0.899473 0.1724056 0.2556018 0.9512855 0.1642205 0.2628069 0.9507703 0.1442183 0.09727644 0.984753 0.1470859 0.09190899 0.9848444 0.856058 -0.3811412 -0.3491364 0.8469685 -0.4130945 -0.3346599 0.6533359 -0.7256028 -0.2159927 0.6298441 -0.7506194 -0.1996667 0.3080661 -0.9481302 -0.07838585 0.2751227 -0.9594676 -0.06106909 -0.1387448 -0.9872211 0.07838591 -0.1043333 -0.9926656 0.06106921 -0.4899319 -0.848587 0.1996666 -0.5174105 -0.82803 0.2159925 -0.7623685 -0.5538929 0.3346595 -0.7768681 -0.524004 0.3491356 -0.8668243 -0.1842492 0.4633227 -0.8664398 -0.1527767 0.4753329 -0.7947039 0.1689202 0.5830195 -0.7818133 0.194928 0.5922593 -0.5845853 0.4247264 0.6912795 -0.5644656 0.4410077 0.6977755 -0.3091962 0.5355418 0.7858707 -0.2878704 0.5414047 0.7899441 -0.03475396 0.4970175 0.8670443 -0.05247387 0.4992594 0.8648621 0.116142 0.3574485 0.9266832 0.1277686 0.351044 0.9276009 0.162256 0.180204 0.9701544 0.1677581 0.173718 0.9704016 0.03237807 0.01308153 0.9993901 0.09560709 0.04256713 0.9945086 0.09685864 0.03913324 0.9945285 0.8965083 -0.1905594 -0.39995 0.8967823 -0.1581267 -0.4132521 0.779471 -0.5663184 -0.2677847 0.7950782 -0.5362863 -0.2832802 0.5241167 -0.838761 -0.1475859 0.4957148 -0.8586025 -0.1306461 0.1391678 -0.9902304 -0.008721908 0.1045245 -0.9944841 0.008721901 -0.305633 -0.9406418 0.1475862 -0.2732749 -0.9530227 0.1306464 -0.6417214 -0.7127031 0.2832804 -0.6193125 -0.7380673 0.267785 -0.83189 -0.3703809 0.4132518 -0.8237779 -0.4017836 0.3999498 -0.8447931 0 0.535093 -0.850922 -0.02971471 0.5244509 -0.6969028 0.3102804 0.6465698 -0.7134075 0.2882359 0.6387252 -0.4458736 0.4951934 0.7456408 -0.4669166 0.4835072 0.7404118 -0.1721403 0.5297908 0.8304754 -0.1920711 0.5277115 0.8274233 0.04567589 0.4345823 0.8994732 0.03069141 0.4389187 0.8980025 0.1541553 0.2670056 0.9512855 0.1454869 0.2736227 0.9507703 0.1403164 0.1019454 0.9848444 0.1370811 0.1071 0.984753 0.8737215 -0.3530061 -0.3346602 0.8805596 -0.3204977 -0.3491362 0.6806709 -0.7048548 -0.1996668 0.7023597 -0.6782612 -0.2159924 0.373454 -0.9243309 -0.07838573 0.3413819 -0.9379387 -0.06106908 -0.03483444 -0.9975255 0.06106913 -0.06954196 -0.9944946 0.07838584 -0.4583898 -0.8621055 0.2159924 -0.429544 -0.8806959 0.1996665 -0.7218736 -0.6057239 0.3346595 -0.7384229 -0.5769192 0.3491357 -0.85186 -0.2442667 0.4633229 -0.8536719 -0.2128445 0.475333 -0.7935061 0.1399168 0.5922596 -0.8045515 0.1130721 0.5830194 -0.6127886 0.3829132 0.6912796 -0.5938531 0.4005589 0.6977758 -0.3249347 0.5200063 0.7899435 -0.3458004 0.5126698 0.78587 -0.06934053 0.4933823 0.8670443 -0.08717439 0.4943828 0.8648621 0.09092586 0.3646792 0.9266831 0.1029713 0.359101 0.9276008 0.1492908 0.1910831 0.9701543 0.1552311 0.1849976 0.9704016 0.09240485 0.04913255 0.9945086 0.09389261 0.04579504 0.9945285 0.03138658 0.01530844 0.9993901 0.9025119 -0.06256741 -0.4260957 0.9076172 -0.1275569 -0.3999503 0.817076 -0.5105661 -0.2677852 0.8305504 -0.4795187 -0.2832806 0.5813484 -0.8001577 -0.1475861 0.5544 -0.8219319 -0.1306464 0.2079038 -0.9781104 -0.008722018 0.1736415 -0.9847704 0.00872181 -0.2061296 -0.9697639 0.1306463 -0.2392727 -0.9596702 0.1475862 -0.5904424 -0.7557315 0.2832805 -0.5663186 -0.7794707 0.267785 -0.7937443 -0.4582681 0.3999503 -0.8040267 -0.4275091 0.4132517 -0.8467767 -0.08899974 0.5244506 -0.8427353 -0.05892926 0.535093 -0.7317762 0.2377682 0.6387251 -0.7168487 0.2609116 0.6465702 -0.499507 0.4497586 0.7404121 -0.4793305 0.4628841 0.745641 -0.2086761 0.5164927 0.8304755 -0.2284149 0.5130278 0.8274231 0 0.4399909 0.8980022 0.01525103 0.4367101 0.899473 0.1351556 0.2771082 0.9512854 0.1260468 0.2831045 0.9507703 0.1328624 0.1114861 0.9848444 0.1292767 0.1164007 0.984753 0.9007714 -0.2582919 -0.3491364 0.8962175 -0.2911989 -0.3346601 0.747962 -0.6276146 -0.2159922 0.7281808 -0.6556569 -0.1996664 0.4059775 -0.9118404 -0.06106906 0.4370222 -0.8960286 -0.07838564 0 -0.9969231 0.07838587 0.03483444 -0.9975255 0.06106913 -0.3971356 -0.8919812 0.2159923 -0.3670635 -0.908514 0.1996664 -0.6778619 -0.6546041 0.3346593 -0.6963804 -0.6270236 0.3491358 -0.8367453 -0.2718744 0.475333 -0.8327459 -0.3030953 0.4633224 -0.8013334 0.08422314 0.5922595 -0.8104792 0.05667371 0.5830193 -0.6203478 0.3581583 0.6977759 -0.6380069 0.3392342 0.6912796 -0.3604184 0.4960726 0.7899434 -0.3807198 0.4872991 0.7858703 -0.1214461 0.4870983 0.8648619 -0.1035875 0.4873443 0.8670439 0.07766934 0.3654091 0.927601 0.06526383 0.3701335 0.9266832 0.1355975 0.2010316 0.9701545 0.1419474 0.1953756 0.9704016 0.08875259 0.05545849 0.9945085 0.09046986 0.0522323 0.9945285 0.03024242 0.0174603 0.9993901 0.9753851 -0.06820598 -0.2096947 0.9019293 -0.06306942 -0.4272538 0.9214305 -0.009935871 -0.3884162 0.8619766 -0.4204144 -0.2832805 0.8507011 -0.4523259 -0.2677852 0.6357484 -0.7576557 -0.1475861 0.6103845 -0.7812569 -0.1306463 0.2756267 -0.9612252 -0.008721935 0.2419127 -0.9702588 0.008721738 -0.1379802 -0.9817806 0.1306462 -0.1717467 -0.9740233 0.147586 -0.5105658 -0.8170761 0.2677855 -0.5362862 -0.7950781 0.2832807 -0.7598435 -0.5125208 0.3999504 -0.7722467 -0.4825532 0.4132522 -0.8385057 -0.1478512 0.5244504 -0.8365719 -0.1175722 0.5350928 -0.7465798 0.1861433 0.6387249 -0.7333029 0.2102716 0.6465699 -0.5296645 0.4138182 0.7404121 -0.5104521 0.4283199 0.7456412 -0.2636457 0.4958446 0.8274232 -0.2441973 0.5006777 0.8304754 -0.01525103 0.4367101 0.899473 -0.03069141 0.4389187 0.8980025 0.1059901 0.2912076 0.9507704 0.1154943 0.2858617 0.9512855 0.1208419 0.1251351 0.984753 0.1247624 0.1204817 0.9848444 0.9143474 -0.2279724 -0.3346603 0.9165946 -0.1948289 -0.3491362 0.7721432 -0.6032646 -0.1996665 0.7899204 -0.5739103 -0.2159925 0.4685954 -0.8812996 -0.06106884 0.4984619 -0.8633605 -0.07838571 0.1043333 -0.9926656 0.06106921 0.06954196 -0.9944946 0.07838584 -0.3339467 -0.9175112 0.2159922 -0.3027946 -0.9319059 0.1996664 -0.6305483 -0.7002941 0.3346596 -0.6509449 -0.6740736 0.3491355 -0.815742 -0.3295818 0.4753326 -0.8095746 -0.3604455 0.4633228 -0.8052566 0.02812022 0.5922592 -0.8124584 0 0.5830191 -0.6438209 0.3140117 0.697776 -0.6601166 0.2939022 0.6912797 -0.3941444 0.4697227 0.7899435 -0.4137843 0.4595545 0.7858704 -0.1373321 0.4789302 0.8670443 -0.1551301 0.4774391 0.8648621 0.05199219 0.369937 0.9276009 0.03928597 0.3737849 0.926683 0.1212437 0.2100009 0.9701544 0.1279739 0.2048007 0.9704016 0.08660539 0.05841663 0.9945285 0.02895061 0.01952762 0.9993901 0.08466771 0.06151447 0.9945086 0.8801818 -0.3918817 -0.2677848 0.889204 -0.3592615 -0.2832801 0.6870516 -0.7114623 -0.1475859 0.6633957 -0.7367753 -0.1306461 0.3420073 -0.9396569 -0.008721851 0.3090053 -0.9510204 0.008721969 -0.0691587 -0.9890139 0.1306463 -0.1033837 -0.9836311 0.147586 -0.4523259 -0.8507011 0.2677852 -0.4795189 -0.8305503 0.2832807 -0.7222408 -0.5642763 0.3999504 -0.7367043 -0.535247 0.4132522 -0.8263324 -0.1756432 0.5350929 -0.8261493 -0.2059824 0.5244508 -0.7461846 0.1586065 0.6465699 -0.7577457 0.1336113 0.6387249 -0.5572404 0.3758634 0.740412 -0.539087 0.3916692 0.7456409 -0.2975907 0.4762465 0.8274232 -0.2785272 0.4824243 0.8304753 -0.06123497 0.4357085 0.8980024 -0.04567589 0.4345823 0.8994732 0.09527371 0.2932215 0.9512855 0.0854196 0.2978914 0.9507703 0.1118183 0.1332602 0.9847529 0.1160552 0.1288903 0.9848444 0.9279526 -0.1304149 -0.3491359 0.9280229 -0.1636354 -0.3346596 0.8123441 -0.5479327 -0.1996668 0.8280298 -0.5174108 -0.2159924 0.5574723 -0.8264866 -0.07838613 0.52893 -0.8464653 -0.06106934 0.173324 -0.9829697 0.06106922 0.1387448 -0.9872211 0.07838591 -0.2370506 -0.9507578 0.1996664 -0.269131 -0.9385712 0.2159922 -0.6023381 -0.7178389 0.3491361 -0.5801619 -0.7425731 0.3346601 -0.7907645 -0.3856813 0.4753329 -0.7824589 -0.4160413 0.4633225 -0.8104792 -0.05667371 0.5830193 -0.8052566 -0.02812022 0.5922592 -0.6641569 0.2683374 0.6977757 -0.6790103 0.2471396 0.6912792 -0.42595 0.4410847 0.7899436 -0.4448335 0.4295708 0.7858703 -0.1704043 0.4681847 0.8670441 -0.1880558 0.4654556 0.864862 0.02605923 0.372663 0.9276007 0.0131174 0.3756148 0.9266831 0.1063003 0.2179466 0.9701544 0.1133768 0.2132287 0.9704016 0.08017004 0.06727146 0.9945086 0.02751815 0.02149924 0.9993901 0.0823202 0.0643147 0.9945286 0.9120983 -0.2963589 -0.2832809 0.9053735 -0.3295299 -0.2677852 0.7350067 -0.6618031 -0.147586 0.7131745 -0.6887044 -0.1306462 0.3745923 -0.9271486 0.00872185 0.4067212 -0.9135107 -0.008721938 -0.0345173 -0.9884467 0.1475862 0 -0.991429 0.1306464 -0.420414 -0.8619769 0.2832807 -0.391882 -0.8801816 0.2677855 -0.6811197 -0.6132828 0.39995 -0.6975732 -0.5853328 0.413252 -0.8097684 -0.2631091 0.5244508 -0.8120674 -0.2328564 0.5350929 -0.7554306 0.1061684 0.6465701 -0.76522 0.08042751 0.6387251 -0.565095 0.3531107 0.745641 -0.5821018 0.3360769 0.740412 -0.3115018 0.461819 0.8304757 -0.330088 0.4543264 0.8274235 -0.09147865 0.430376 0.8980023 -0.07587938 0.4303378 0.899473 0.06443051 0.3031245 0.9507703 0.07458696 0.2991531 0.9512855 0.1022497 0.140736 0.984753 0.1067799 0.1366733 0.9848444 0.933318 -0.0504615 -0.3554873 0.9787835 -0.102875 -0.1771993 0.9371766 -0.09850188 -0.3346601 0.9390395 -0.03728473 -0.3417817 0.9551324 -0.03035579 -0.2946198 0.8485869 -0.4899322 -0.1996666 0.8621055 -0.4583898 -0.2159924 0.5866885 -0.8075068 -0.06106924 0.613767 -0.7855862 -0.07838563 0.2414704 -0.9684847 0.06106916 0.2072719 -0.9751379 0.0783859 -0.1701517 -0.9649776 0.1996665 -0.203004 -0.9550585 0.2159922 -0.5507972 -0.7581071 0.3491363 -0.5269488 -0.7812347 0.3346597 -0.7515317 -0.4696091 0.4633222 -0.7619346 -0.439903 0.4753324 -0.8045515 -0.1130721 0.5830194 -0.8013334 -0.08422314 0.5922595 -0.6945958 0.1991725 0.6912794 -0.6812574 0.2213541 0.6977755 -0.4737152 0.397494 0.7858705 -0.4556816 0.4102966 0.7899436 -0.2200669 0.4512032 0.864862 -0.2026492 0.4551569 0.8670442 -0.0131174 0.3756148 0.9266831 -0 0.3735728 0.9276009 0.09083677 0.2248313 0.9701544 0.09822508 0.2206185 0.9704016 0.07763267 0.06990124 0.9945285 0.07528251 0.07269953 0.9945086 0.02595117 0.02336669 0.9993901 0.9261551 -0.2655705 -0.2677853 0.9305496 -0.232012 -0.2832806 0.7594783 -0.6372788 -0.1306465 0.7793813 -0.6089196 -0.1475865 0.4383545 -0.8987598 0.00872183 0.4694538 -0.8829141 -0.00872195 0.0345173 -0.9884467 0.1475862 0.0691587 -0.9890139 0.1306463 -0.3592617 -0.8892036 0.2832808 -0.329529 -0.9053738 0.2677853 -0.6366798 -0.6593017 0.39995 -0.6550429 -0.6325676 0.4132519 -0.793846 -0.2889357 0.5350932 -0.7894421 -0.3189559 0.5244505 -0.7689665 0.02685294 0.6387248 -0.7609965 0.05321446 0.6465699 -0.5883501 0.3128318 0.7456409 -0.6041279 0.2946522 0.7404116 -0.360976 0.4301941 0.8274233 -0.3429573 0.4389652 0.8304756 -0.1212786 0.4229456 0.8980025 -0.1057153 0.4239956 0.8994732 0.05353862 0.3036274 0.9512855 0.04313 0.3068806 0.9507703 0.09218424 0.1475253 0.9847529 0.09698731 0.1437882 0.9848444 0.8919815 -0.3971353 -0.2159923 0.880696 -0.4295438 -0.1996664 0.6670719 -0.7408581 -0.07838575 0.6415877 -0.7646148 -0.0610689 0.3084402 -0.9492814 0.06106916 0.2747893 -0.958304 0.07838587 -0.1358879 -0.9668928 0.2159923 -0.1024236 -0.9744961 0.1996665 -0.4711699 -0.8160895 0.3346594 -0.4965728 -0.7946822 0.3491355 -0.7169427 -0.5208893 0.4633223 -0.7293924 -0.4919814 0.4753324 -0.7947039 -0.1689203 0.5830194 -0.7935061 -0.1399168 0.5922596 -0.7067971 0.1502344 0.6912796 -0.6950387 0.1732923 0.6977758 -0.5002894 0.3634812 0.7858702 -0.4831917 0.3775114 0.7899436 -0.2510042 0.4347531 0.8648623 -0.2339062 0.4399117 0.8670442 -0.03928597 0.3737849 0.926683 -0.02605923 0.372663 0.9276007 0.07493318 0.23062 0.9701543 0.08259777 0.2269327 0.9704015 0.02425797 0.02512005 0.9993901 0.07002848 0.07777324 0.9945086 0.07256746 0.07514635 0.9945286 0.9444672 -0.166535 -0.2832802 0.9424245 -0.2003179 -0.267785 0.8199591 -0.5530691 -0.1475861 0.8020831 -0.582747 -0.1306464 0.5298989 -0.848016 -0.00872165 0.4999812 -0.8659924 0.008721892 0.1379802 -0.9817806 0.1306462 0.1033837 -0.9836311 0.147586 -0.2655708 -0.9261551 0.2677853 -0.2963588 -0.9120984 0.2832806 -0.6093214 -0.6767203 0.4132518 -0.5891384 -0.7021081 0.39995 -0.7717569 -0.3436088 0.5350926 -0.7652701 -0.3732469 0.5244506 -0.7628548 0 0.6465698 -0.7689665 -0.02685294 0.6387248 -0.6087394 0.2710286 0.7456405 -0.6232099 0.2517938 0.7404115 -0.3901052 0.4039663 0.8274232 -0.3727422 0.413973 0.8304756 -0.1350331 0.415589 0.8994731 -0.1504848 0.4134559 0.8980025 0.03222658 0.3066224 0.9512855 0.02161735 0.3091414 0.9507704 0.08166919 0.1535959 0.984753 0.08671898 0.1502045 0.9848443 0.917511 -0.3339477 -0.215992 0.908514 -0.3670634 -0.1996667 0.7171266 -0.6925209 -0.0783861 0.6933616 -0.7179974 -0.06106924 0.3409678 -0.9368013 0.07838587 0.3739074 -0.9254533 0.06106919 -0.0681098 -0.9740167 0.2159923 -0.03419673 -0.9792669 0.1996665 -0.4399285 -0.8273857 0.3491359 -0.4130941 -0.8469688 0.3346597 -0.678861 -0.5696315 0.4633225 -0.6932967 -0.5416629 0.4753325 -0.7818134 -0.1949279 0.5922591 -0.7809852 -0.2239438 0.5830191 -0.7155554 0.1005643 0.6912795 -0.7054337 0.1243869 0.6977759 -0.508349 0.3428857 0.7899434 -0.5244256 0.3276977 0.7858702 -0.2807207 0.4161843 0.8648621 -0.264022 0.4225239 0.8670443 -0.06526383 0.3701335 0.9266832 -0.05199219 0.369937 0.9276009 0.06656445 0.2321422 0.9704016 0.05866297 0.2352853 0.9701544 0.0671489 0.08002505 0.9945286 0.06443166 0.08246946 0.9945086 0.02244668 0.02675094 0.9993901 0.95194 -0.06332926 -0.299666 0.9541023 -0.1340901 -0.2677847 0.8565416 -0.4945249 -0.1475858 0.8407797 -0.5253772 -0.1306463 0.5591714 -0.8290061 0.008722147 0.5877632 -0.8089861 -0.008721903 0.1717467 -0.9740233 0.1475861 0.2061296 -0.9697639 0.1306463 -0.2003185 -0.9424243 0.2677852 -0.2320121 -0.9305495 0.2832806 -0.538727 -0.7414938 0.39995 -0.5606317 -0.7175759 0.4132518 -0.7373695 -0.4257204 0.5244506 -0.7459083 -0.3966062 0.5350929 -0.76522 -0.08042751 0.6387251 -0.7609965 -0.05321446 0.64657 -0.6392559 0.2077069 0.7404118 -0.6261625 0.2279042 0.7456408 -0.4007121 0.3869624 0.8304757 -0.4173347 0.375769 0.8274233 -0.1789606 0.4019513 0.8980024 -0.1636931 0.4051575 0.8994731 0 0.3098965 0.9507703 0.01076082 0.3081234 0.9512855 0.07603118 0.155887 0.9848444 0.07075491 0.1589192 0.984753 0.9385713 -0.2691307 -0.2159923 0.9319058 -0.3027952 -0.1996661 0.7417576 -0.6678818 -0.0610696 0.763687 -0.6408103 -0.0783861 0.4054852 -0.9107346 0.0783859 0.437553 -0.8971165 0.0610692 0 -0.9763951 0.2159923 0.03419673 -0.9792669 0.1996665 -0.3811418 -0.8560579 0.3491358 -0.3530066 -0.8737215 0.3346595 -0.6374716 -0.6155992 0.4633223 -0.6538237 -0.5887048 0.4753327 -0.7663114 -0.2489896 0.5922591 -0.7634613 -0.2778766 0.5830193 -0.7208276 0.05040554 0.6912792 -0.7123924 0.07487617 0.6977755 -0.5310292 0.3065897 0.7899435 -0.5460069 0.2903175 0.7858703 -0.3090682 0.3955892 0.8648618 -0.2928524 0.4030783 0.8670441 -0.09092586 0.3646792 0.9266831 -0.07766934 0.3654091 0.927601 0.05020984 0.2362197 0.9704016 0.04210825 0.2388039 0.9701544 0.05852269 0.08676264 0.9945086 0.02052601 0.02825153 0.9993901 0.06140331 0.08451409 0.9945286 0.9869833 -0.06901712 -0.1452607 0.9484587 -0.0663232 -0.3098828 0.9690453 -0.008104092 -0.2467502 0.8889516 -0.4335704 -0.1475864 0.8753796 -0.4654483 -0.1306462 0.615638 -0.7879807 0.008721648 0.6427631 -0.7660154 -0.008722062 0.2732749 -0.9530227 0.1306464 0.2392727 -0.9596702 0.1475862 -0.1340902 -0.9541021 0.2677853 -0.1665349 -0.9444672 0.2832807 -0.4856907 -0.7772673 0.3999501 -0.5092105 -0.7549355 0.4132519 -0.7164249 -0.4476725 0.5350931 -0.7058763 -0.4761196 0.5244509 -0.7577457 -0.1336113 0.6387249 -0.7554306 -0.1061684 0.6465701 -0.6405348 0.1836702 0.7456409 -0.6521876 0.1626084 0.7404119 -0.44253 0.3457429 0.8274232 -0.4267287 0.3580686 0.8304754 -0.1915579 0.3927516 0.899473 -0.2065639 0.3884884 0.8980023 -0.02161735 0.3091414 0.9507704 -0.01076082 0.3081234 0.9512855 0.06497219 0.1608109 0.9848444 0.05949797 0.1634673 0.984753 0.9507578 -0.2370503 -0.1996665 0.9550585 -0.2030034 -0.2159925 0.7865402 -0.6145121 -0.06106892 0.806528 -0.5859763 -0.07838566 0.468027 -0.8802309 0.07838587 0.4990669 -0.8644089 0.06106904 0.1024236 -0.9744961 0.1996665 0.0681098 -0.9740167 0.2159923 -0.2911988 -0.8962177 0.3346596 -0.3204975 -0.8805598 0.3491358 -0.6111648 -0.6328796 0.4753325 -0.5929766 -0.6585676 0.4633221 -0.7422172 -0.3304569 0.5830196 -0.7470756 -0.3018386 0.5922596 -0.7158802 0.02499898 0.6977755 -0.7225876 0 0.6912793 -0.5649285 0.2515226 0.7858703 -0.5511219 0.2688007 0.7899436 -0.3202576 0.381667 0.867044 -0.3359096 0.3730661 0.8648621 -0.1029713 0.359101 0.9276008 -0.116142 0.3574485 0.9266832 0.03361043 0.2391465 0.9704016 0.0253463 0.2411598 0.9701544 0.0553583 0.08859143 0.9945285 0.01850529 0.02961453 0.9993901 0.05232676 0.09063427 0.9945086 0.9057156 -0.4032502 -0.1306466 0.9170305 -0.3705043 -0.1475863 0.6946318 -0.7193125 -0.008722256 0.669105 -0.7431168 0.008721611 0.3390887 -0.9316385 0.1306463 0.305633 -0.9406418 0.1475862 -0.06720879 -0.9611317 0.2677853 -0.1002467 -0.9537833 0.2832807 -0.4302879 -0.8092542 0.3999501 -0.4553084 -0.7886172 0.413252 -0.683452 -0.4965568 0.5350931 -0.6709444 -0.5241994 0.5244508 -0.7461846 -0.1586065 0.6465699 -0.7465796 -0.1861431 0.6387249 -0.6619419 0.1167181 0.7404119 -0.6517867 0.1385414 0.7456409 -0.4655699 0.3140309 0.8274232 -0.450667 0.3274288 0.8304756 -0.2331594 0.3731335 0.8980023 -0.2184885 0.3784326 0.899473 -0.04313 0.3068806 0.9507703 -0.03222658 0.3066224 0.9512855 0.05359602 0.1649514 0.9848444 0.04794865 0.1672199 0.9847529 0.9668928 -0.1358878 -0.2159924 0.9649776 -0.1701512 -0.1996667 0.8454389 -0.5282885 -0.07838614 0.8274902 -0.5581493 -0.06106924 0.5282888 -0.8454386 0.07838567 0.558149 -0.8274903 0.0610691 0.1701517 -0.9649776 0.1996665 0.1358879 -0.9668928 0.2159923 -0.2279725 -0.9143475 0.3346596 -0.2582921 -0.9007715 0.3491358 -0.5455929 -0.6983271 0.4633222 -0.5655283 -0.6739709 0.4753323 -0.7173581 -0.3814259 0.5830195 -0.7242009 -0.3532163 0.5922595 -0.7158802 -0.02499898 0.6977755 -0.7208276 -0.05040554 0.6912792 -0.5685301 0.2297012 0.7899435 -0.581098 0.2115021 0.7858702 -0.361116 0.348725 0.8648619 -0.3461 0.3583982 0.8670442 -0.1407927 0.3484765 0.9266831 -0.1277686 0.351044 0.9276009 0.008463412 0.2423403 0.9701544 0.01684604 0.2409087 0.9704016 0.01639463 0.03083312 0.9993901 0.04904438 0.092237 0.9945285 0.04587777 0.09406333 0.9945086 0.9316384 -0.3390891 -0.1306467 0.9406415 -0.3056336 -0.1475864 0.7431164 -0.6691054 -0.008721841 0.7193126 -0.6946318 0.008721711 0.4032505 -0.9057155 0.1306462 0.3705043 -0.9170305 0.1475861 -0.03347003 -0.9584528 0.2832806 0 -0.9634787 0.2677851 -0.3991883 -0.8184569 0.4132517 -0.3727893 -0.8372981 0.3999499 -0.6471492 -0.5430225 0.535093 -0.6327441 -0.5697247 0.5244508 -0.7317763 -0.2377685 0.6387251 -0.733303 -0.2102714 0.64657 -0.6684713 0.07025982 0.7404118 -0.6598632 0.0927382 0.7456408 -0.4863416 0.2807893 0.8274233 -0.4724096 0.295194 0.8304756 -0.2586194 0.3559604 0.8980023 -0.2443538 0.3622701 0.899473 -0.05353862 0.3036274 0.9512855 -0.06443051 0.3031245 0.9507703 0.03616788 0.1701573 0.984753 0.04195915 0.1682884 0.9848443 0.9733493 -0.05277647 -0.2231722 0.9795988 -0.0342093 -0.1980303 0.9882421 -0.03451114 -0.1489516 0.9744961 -0.1024237 -0.1996667 0.8802306 -0.4680276 -0.07838583 0.864409 -0.4990667 -0.06106953 0.5859766 -0.8065277 0.07838584 0.6145124 -0.7865399 0.0610691 0.2370506 -0.9507578 0.1996664 0.203004 -0.9550585 0.2159922 -0.1636353 -0.9280229 0.3346597 -0.1948281 -0.9165949 0.3491359 -0.4955512 -0.7346847 0.4633222 -0.5171373 -0.7117781 0.4753324 -0.6890038 -0.4305378 0.5830189 -0.6977981 -0.402873 0.5922593 -0.7155554 -0.1005643 0.6912795 -0.7123924 -0.07487617 0.6977755 -0.5831686 0.1894826 0.7899435 -0.594436 0.1704516 0.7858703 -0.3702588 0.3333813 0.867044 -0.3845613 0.3226859 0.8648621 -0.164759 0.3378057 0.9266832 -0.1519462 0.3412752 0.9276009 -0 0.2414968 0.9704016 -0.008463412 0.2423403 0.9701544 0.0392047 0.09703439 0.9945086 0.0424899 0.09543392 0.9945285 0.01420358 0.03190177 0.9993901 0.9530231 -0.2732741 -0.1306459 0.9596704 -0.2392724 -0.1475854 0.787981 -0.6156378 -0.008721811 0.7660153 -0.6427631 0.008722106 0.4335705 -0.8889516 0.147586 0.4654477 -0.8753799 0.1306461 0.06720879 -0.9611317 0.2677853 0.03347003 -0.9584528 0.2832806 -0.313474 -0.861263 0.3999501 -0.3411229 -0.8443092 0.4132519 -0.5914604 -0.612475 0.524451 -0.6076933 -0.5868425 0.5350932 -0.7134076 -0.2882359 0.638725 -0.7168488 -0.2609117 0.6465701 -0.6717439 0.0234577 0.740412 -0.6647247 0.04648204 0.7456411 -0.4918504 0.2615216 0.8304755 -0.5047434 0.2461804 0.8274233 -0.2690295 0.3443418 0.8994731 -0.282821 0.3370519 0.8980023 -0.07458696 0.2991531 0.9512855 -0.0854196 0.2978914 0.9507703 0.0242108 0.1722657 0.984753 0.03011789 0.1708054 0.9848444 0.9107348 -0.4054849 -0.07838535 0.8971167 -0.4375526 -0.06106865 0.6408097 -0.7636875 0.07838569 0.6678815 -0.741758 0.06106906 0.269131 -0.9385712 0.2159922 0.3027946 -0.9319059 0.1996664 -0.09850128 -0.9371769 0.3346595 -0.1304153 -0.9279526 0.3491358 -0.4430949 -0.7674628 0.4633224 -0.466226 -0.7461182 0.4753325 -0.6572928 -0.4775511 0.583019 -0.667995 -0.4505686 0.5922589 -0.7067971 -0.1502344 0.6912796 -0.7054337 -0.1243869 0.6977759 -0.6048779 0.1285706 0.7858703 -0.5949656 0.1483411 0.7899436 -0.4061342 0.2950738 0.8648621 -0.3926114 0.3067418 0.8670442 -0.1879221 0.3254901 0.9266831 -0.175381 0.3298456 0.927601 -0.0253463 0.2411598 0.9701544 -0.01684604 0.2409087 0.9704016 0.03572939 0.09816532 0.9945285 0.01194367 0.03281483 0.9993901 0.0323402 0.09953286 0.9945086 0.9740234 -0.1717462 -0.1475857 0.969764 -0.2061297 -0.1306457 0.829006 -0.5591718 -0.008721656 0.8089864 -0.5877627 0.008721916 0.4945246 -0.8565418 0.147586 0.5253774 -0.8407795 0.1306461 0.1002467 -0.9537833 0.2832807 0.1340902 -0.9541021 0.2677853 -0.2526319 -0.8810318 0.3999501 -0.2813961 -0.866048 0.4132519 -0.5652767 -0.6278036 0.5350933 -0.5472952 -0.6522415 0.524451 -0.6915638 -0.3372981 0.6387249 -0.6969026 -0.310281 0.6465698 -0.6663479 0 0.7456409 -0.6717439 -0.0234577 0.740412 -0.5206865 0.2103712 0.8274235 -0.508895 0.2265746 0.8304757 -0.3056426 0.3165031 0.8980025 -0.2923945 0.3247364 0.899473 -0.1059901 0.2912076 0.9507704 -0.0952737 0.2932215 0.9512855 0.01213482 0.1735348 0.984753 0.01812872 0.1724902 0.9848444 0.9254533 -0.3739074 -0.0610688 0.9368012 -0.3409682 -0.07838529 0.7179973 -0.6933617 0.06106953 0.6925212 -0.7171262 0.07838611 0.3670635 -0.908514 0.1996664 0.3339467 -0.9175112 0.2159923 -0.06536684 -0.9347895 0.3491358 -0.03288727 -0.941765 0.3346597 -0.3884801 -0.7965021 0.4633223 -0.4130442 -0.7768227 0.4753326 -0.6223795 -0.5222382 0.583019 -0.6349379 -0.4960677 0.592259 -0.6950387 -0.1732923 0.6977758 -0.6945958 -0.1991723 0.6912794 -0.603864 0.1064781 0.7899435 -0.6123733 0.08606388 0.7858702 -0.4130522 0.2786076 0.8670442 -0.4257284 0.2660244 0.864862 -0.1979639 0.3168075 0.9276009 -0.2101687 0.3115886 0.9266831 -0.03361043 0.2391465 0.9704016 -0.04210825 0.2388039 0.9701544 0.009625162 0.03356816 0.9993901 0.02531841 0.1015463 0.9945086 0.02879358 0.1004188 0.9945286 0.9817804 -0.1379812 -0.1306466 0.983631 -0.1033838 -0.1475869 0.9909707 -0.05359986 -0.122899 0.8659926 -0.4999809 -0.008722074 0.8480157 -0.5298995 0.008721986 0.5827472 -0.802083 0.1306465 0.5530697 -0.8199587 0.147586 0.2003185 -0.9424243 0.2677852 0.1665349 -0.9444672 0.2832807 -0.2202983 -0.8835676 0.4132519 -0.1905586 -0.8965085 0.3999499 -0.5201069 -0.6657058 0.5350931 -0.5004645 -0.6888301 0.5244507 -0.6663507 -0.3847169 0.638725 -0.6735608 -0.3581385 0.6465698 -0.6684713 -0.07025982 0.7404118 -0.6647247 -0.04648204 0.7456411 -0.534093 0.1735369 0.8274235 -0.5234603 0.1905236 0.8304757 -0.3143342 0.303549 0.8994731 -0.3269773 0.2944104 0.8980024 -0.1154943 0.2858617 0.9512855 -0.1260468 0.2831045 0.9507703 0.006053932 0.1733346 0.9848444 0 0.1739587 0.984753 0.9583042 -0.2747884 -0.07838597 0.9492813 -0.3084407 -0.06106861 0.7646147 -0.6415878 0.06106921 0.7408581 -0.6670719 0.07838603 0.3971356 -0.8919812 0.2159923 0.429544 -0.8806959 0.1996665 0.03288727 -0.941765 0.3346597 0 -0.9370721 0.3491359 -0.3319725 -0.821661 0.4633223 -0.3578494 -0.803743 0.4753326 -0.598787 -0.5391505 0.5922591 -0.5844337 -0.564381 0.5830192 -0.6790101 -0.2471395 0.6912795 -0.6812571 -0.2213543 0.6977757 -0.6168847 0.04313677 0.7858706 -0.6098204 0.06409401 0.7899436 -0.4314811 0.2491153 0.8670442 -0.443248 0.2356793 0.8648621 -0.2195803 0.3022267 0.9276009 -0.2313925 0.2961687 0.9266831 -0.05020984 0.2362197 0.9704016 -0.05866297 0.2352853 0.9701544 0.007260481 0.03415774 0.9993901 0.02171964 0.1021825 0.9945285 0.01817332 0.103065 0.9945086 0.9971502 -0.06972765 -0.02880111 0.9769308 -0.06831376 -0.2023348 0.9949924 -0.008769344 -0.09956547 0.8829141 -0.4694536 0.008721687 0.89876 -0.4383542 -0.008722177 0.6372781 -0.7594788 0.1306465 0.6089194 -0.7793815 0.1475863 0.2655708 -0.9261551 0.2677853 0.2320121 -0.9305495 0.2832806 -0.1275574 -0.9076173 0.39995 -0.1581268 -0.8967825 0.4132517 -0.4511947 -0.7220629 0.5244507 -0.4724023 -0.7003653 0.535093 -0.646937 -0.4042515 0.6465703 -0.6378902 -0.4302627 0.6387255 -0.6598632 -0.0927382 0.7456408 -0.6619419 -0.1167181 0.7404119 -0.5354754 0.1535459 0.8304757 -0.5448978 0.1358578 0.8274232 -0.3467174 0.2708854 0.8980023 -0.3347431 0.2808833 0.899473 -0.1351556 0.2771082 0.9512854 -0.1454869 0.2736227 0.9507703 -0.01213482 0.1735348 0.984753 -0.006053932 0.1733346 0.9848444 0.9751379 -0.2072719 -0.07838574 0.9684848 -0.2414697 -0.06106936 0.8075071 -0.586688 0.06106925 0.7855862 -0.613767 0.07838597 0.4583898 -0.8621055 0.2159924 0.4899319 -0.848587 0.1996666 0.09850128 -0.9371769 0.3346595 0.06536684 -0.9347895 0.3491358 -0.2738477 -0.8428166 0.4633223 -0.3009114 -0.8267475 0.4753325 -0.5597191 -0.5796062 0.5922593 -0.5436406 -0.6037744 0.5830191 -0.6601165 -0.2939028 0.6912795 -0.6641569 -0.2683368 0.6977758 -0.6128057 0.02139973 0.7899438 -0.6183911 0 0.7858704 -0.4478072 0.2184105 0.8670442 -0.4586086 0.2041856 0.864862 -0.2401276 0.2861737 0.9276009 -0.2514888 0.2793061 0.9266831 -0.07493318 0.23062 0.9701543 -0.06656445 0.2321422 0.9704016 0.01453823 0.1034487 0.9945285 0.004859867 0.03458103 0.9993901 0.01093902 0.1040817 0.9945086 0.9271486 -0.3745924 -0.008722409 0.9135107 -0.4067212 0.008721389 0.6618029 -0.7350069 0.1475863 0.6887048 -0.713174 0.1306462 0.2963588 -0.9120984 0.2832806 0.329529 -0.9053738 0.2677853 -0.0639344 -0.9143043 0.39995 -0.09518541 -0.9056283 0.4132518 -0.3997274 -0.7517774 0.5244508 -0.4223963 -0.7316126 0.5350929 -0.6171623 -0.4483944 0.6465703 -0.6063231 -0.4737113 0.6387252 -0.6521876 -0.1626084 0.7404119 -0.6517867 -0.1385414 0.7456409 -0.5530472 0.09751771 0.8274232 -0.5448823 0.1158184 0.8304753 -0.3647685 0.2460398 0.8980024 -0.3535215 0.2568479 0.899473 -0.1642205 0.2628069 0.9507703 -0.1541553 0.2670056 0.9512855 -0.0242108 0.1722657 0.984753 -0.01812872 0.1724902 0.9848444 0.9872211 -0.1387458 -0.07838526 0.9829696 -0.173324 -0.06106905 0.9969456 -0.06599676 -0.04176101 0.846465 -0.5289306 0.06106903 0.8264865 -0.5574726 0.07838568 0.5174105 -0.82803 0.2159925 0.5479334 -0.8123438 0.1996665 0.1304153 -0.9279526 0.3491358 0.1636353 -0.9280229 0.3346597 -0.2143889 -0.859866 0.4633224 -0.2425074 -0.845724 0.4753325 -0.5179244 -0.6172384 0.5922592 -0.5001996 -0.6402256 0.5830194 -0.6380069 -0.3392342 0.6912796 -0.6438208 -0.3140124 0.6977758 -0.6128058 -0.02139973 0.7899438 -0.6168847 -0.04313677 0.7858706 -0.4717351 0.1716972 0.8648619 -0.461952 0.1866411 0.8670442 -0.2703595 0.261083 0.9266829 -0.2595057 0.2687259 0.9276008 -0.08259777 0.2269327 0.9704015 -0.09083677 0.2248313 0.9701544 0.003652975 0.1045913 0.9945086 0.002436572 0.03483573 0.9993901 0.007288985 0.1042108 0.9945285 0.9396569 -0.3420069 0.008721432 0.9510202 -0.3090057 -0.008721993 0.7114627 -0.6870512 0.1475859 0.7367752 -0.6633957 0.1306463 0.391882 -0.8801816 0.2677855 0.3592617 -0.8892036 0.2832808 0 -0.9165369 0.3999499 -0.03178009 -0.9100621 0.4132518 -0.3463122 -0.7778298 0.5244509 -0.3703329 -0.7592949 0.5350932 -0.5843805 -0.4903533 0.6465702 -0.5718015 -0.5148526 0.6387252 -0.6392559 -0.2077072 0.7404118 -0.6405348 -0.1836702 0.745641 -0.5585024 0.05870029 0.8274233 -0.5516338 0.07752636 0.8304756 -0.3705769 0.2315619 0.8994731 -0.3810431 0.219995 0.8980024 -0.1724056 0.2556018 0.9512855 -0.1821525 0.2507116 0.9507703 -0.03616788 0.1701573 0.984753 -0.03011789 0.1708054 0.9848444 0.9793383 -0.1029324 -0.174073 0.9982452 -0.03200812 -0.04981925 0.9992325 -0.03917076 0 0.8812996 -0.4685952 0.06106912 0.8633606 -0.4984616 0.07838592 0.6032643 -0.7721434 0.1996663 0.5739106 -0.7899203 0.215992 0.2279725 -0.9143475 0.3346596 0.1948281 -0.9165949 0.3491359 -0.1538851 -0.8727266 0.4633223 -0.1829221 -0.8605802 0.4753326 -0.4543207 -0.6735584 0.5830196 -0.4736062 -0.6518633 0.5922596 -0.6127887 -0.3829133 0.6912795 -0.620348 -0.358158 0.6977757 -0.6098205 -0.06409402 0.7899436 -0.6123733 -0.08606388 0.7858702 -0.4738465 0.1539617 0.867044 -0.4825624 0.1383733 0.864862 -0.2776189 0.2499689 0.9276007 -0.2879128 0.2415879 0.9266831 -0.09822507 0.2206185 0.9704016 -0.1063003 0.2179466 0.9701544 -0 0.03492082 0.9993901 -0 0.1044654 0.9945285 -0.003652975 0.1045913 0.9945086 0.970259 -0.2419121 -0.008722164 0.9612252 -0.275627 0.008721973 0.7812569 -0.6103845 0.1306459 0.7576554 -0.6357488 0.147586 0.4523259 -0.8507011 0.2677852 0.420414 -0.8619769 0.2832807 0.03178009 -0.9100621 0.4132517 0.0639344 -0.9143043 0.39995 -0.2912098 -0.8000926 0.5244508 -0.3164652 -0.7832784 0.5350931 -0.5344943 -0.5534852 0.6387252 -0.5487514 -0.5299236 0.6465702 -0.62321 -0.2517932 0.7404117 -0.6261624 -0.2279045 0.7456408 -0.5612367 0.01959891 0.8274232 -0.5556981 0.03885827 0.8304755 -0.3954607 0.1928794 0.8980024 -0.3858271 0.2051478 0.8994731 -0.1991973 0.2373946 0.9507703 -0.1898156 0.2429525 0.9512855 -0.04794865 0.1672199 0.9847529 -0.04195915 0.1682884 0.9848443 0.8960288 -0.4370219 0.07838603 0.9118403 -0.4059775 0.06106961 0.6276149 -0.7479618 0.2159923 0.6556567 -0.7281809 0.1996668 0.2582921 -0.9007715 0.3491358 0.2911988 -0.8962177 0.3346596 -0.1224453 -0.8712441 0.4753326 -0.0926321 -0.8813351 0.4633224 -0.4062289 -0.7036096 0.5830194 -0.4269811 -0.6833124 0.5922596 -0.5938532 -0.400559 0.6977756 -0.5845857 -0.4247261 0.6912795 -0.603864 -0.1064781 0.7899435 -0.6048779 -0.1285706 0.7858703 -0.4834316 0.1205331 0.8670443 -0.4910393 0.1043738 0.8648621 -0.3040641 0.2209151 0.9266831 -0.2943793 0.2299945 0.9276009 -0.1212437 0.2100009 0.9701544 -0.1133768 0.2132287 0.9704016 -0.002436572 0.03483573 0.9993901 -0.01093902 0.1040817 0.9945086 -0.007288985 0.1042108 0.9945285 0.9781105 -0.2079031 0.008721604 0.9847704 -0.1736416 -0.008721882 0.8219318 -0.5544003 0.1306462 0.8001578 -0.5813484 0.1475857 0.4795189 -0.8305503 0.2832807 0.5105658 -0.8170761 0.2677855 0.09518541 -0.9056283 0.4132518 0.1275574 -0.9076173 0.39995 -0.2346888 -0.8184574 0.5244509 -0.2610552 -0.8034461 0.5350931 -0.5104498 -0.566911 0.64657 -0.4945834 -0.5894217 0.6387249 -0.6041276 -0.2946528 0.7404119 -0.6087391 -0.2710285 0.7456408 -0.5612367 -0.01959891 0.8274232 -0.5570551 0 0.8304756 -0.3991975 0.1777342 0.8994731 -0.4079518 0.1648236 0.8980025 -0.2063002 0.2291202 0.9512855 -0.2152722 0.2229208 0.9507703 -0.05949797 0.1634673 0.984753 -0.05359602 0.1649514 0.9848444 0.9379388 -0.3413816 0.06106878 0.9243307 -0.3734546 0.07838595 0.7048552 -0.6806705 0.1996668 0.6782609 -0.7023598 0.2159927 0.3530066 -0.8737215 0.3346595 0.3204975 -0.8805598 0.3491358 -0.06137194 -0.877663 0.4753326 -0.03092758 -0.8856499 0.4633226 -0.3561583 -0.7302327 0.5830193 -0.3782754 -0.7114328 0.5922593 -0.5535343 -0.4644704 0.6912794 -0.5644652 -0.4410081 0.6977757 -0.5949656 -0.1483411 0.7899436 -0.594436 -0.1704516 0.7858703 -0.4971242 0.06986558 0.864862 -0.4906619 0.08651701 0.8670442 -0.3097062 0.2088987 0.9276008 -0.3187335 0.1991666 0.9266831 -0.1279739 0.2048007 0.9704016 -0.1355975 0.2010316 0.9701545 -0.01453823 0.1034487 0.9945285 -0.004859867 0.03458103 0.9993901 -0.01817332 0.103065 0.9945086 0.9984224 -0.05357121 0.01681638 0.9902303 -0.139169 0.008721256 0.9944841 -0.1045243 -0.008723176 0.8586027 -0.4957146 0.1306462 0.8387612 -0.5241164 0.147586 0.5362862 -0.7950781 0.2832807 0.5663186 -0.7794707 0.267785 0.1581268 -0.8967825 0.4132517 0.1905586 -0.8965085 0.3999499 -0.2043742 -0.8196991 0.535093 -0.1770246 -0.8328348 0.5244507 -0.4522624 -0.6224862 0.6387251 -0.4696599 -0.6011381 0.64657 -0.5821019 -0.3360766 0.7404118 -0.5883504 -0.3128315 0.7456409 -0.5556981 -0.03885827 0.8304755 -0.5585024 -0.05870029 0.8274233 -0.4184559 0.1359643 0.8980024 -0.4106231 0.1494548 0.8994731 -0.2217811 0.2141703 0.9512855 -0.2302979 0.2073609 0.9507704 -0.07075491 0.1589192 0.984753 -0.06497219 0.1608109 0.9848444 0.9481302 -0.308066 0.07838546 0.9594676 -0.275123 0.06106889 0.7256026 -0.6533362 0.2159923 0.7506192 -0.6298447 0.1996664 0.3811418 -0.8560579 0.3491358 0.4130941 -0.8469688 0.3346597 0.03092758 -0.8856499 0.4633226 0 -0.8798061 0.4753328 -0.3043524 -0.7532982 0.5830193 -0.3277272 -0.7360868 0.5922593 -0.5197859 -0.5019519 0.6912792 -0.532327 -0.4793091 0.6977755 -0.5831685 -0.1894828 0.7899436 -0.5810978 -0.2115023 0.7858703 -0.4955021 0.0520787 0.8670441 -0.5007867 0.03501851 0.8648621 -0.3235233 0.1867869 0.9276009 -0.3318504 0.176448 0.926683 -0.1419474 0.1953756 0.9704016 -0.1492908 0.1910831 0.9701543 -0.00726048 0.03415774 0.9993901 -0.02171964 0.1021825 0.9945285 -0.02531841 0.1015463 0.9945086 0.9860477 -0.06895044 -0.1515115 0.9925534 -0.06940535 0.1001034 0.9986882 -0.01172898 0.04984135 0.8910908 -0.4346134 0.1306461 0.8732787 -0.4643304 0.1475861 0.5904424 -0.7557315 0.2832805 0.6193125 -0.7380673 0.267785 0.2526319 -0.8810318 0.3999501 0.2202983 -0.8835676 0.4132519 -0.1184976 -0.8431546 0.5244507 -0.1466967 -0.8319589 0.535093 -0.4077386 -0.6525179 0.638725 -0.4265829 -0.6324352 0.64657 -0.5572404 -0.3758634 0.740412 -0.565095 -0.3531107 0.745641 -0.5530472 -0.09751771 0.8274232 -0.5516338 -0.07752636 0.8304756 -0.4269209 0.1064435 0.8980024 -0.4200485 0.1204469 0.8994731 -0.2361798 0.198179 0.9512855 -0.2442016 0.1907914 0.9507703 -0.08166919 0.1535959 0.984753 -0.07603118 0.155887 0.9848444 0.9673102 -0.2411774 0.07838569 0.9763221 -0.207523 0.06106874 0.7694099 -0.6011287 0.2159925 0.7927266 -0.5759494 0.1996666 0.4399285 -0.8273857 0.3491359 0.4711699 -0.8160895 0.3346594 0.06137194 -0.877663 0.4753327 0.0926321 -0.8813351 0.4633224 -0.2755818 -0.7571549 0.5922593 -0.2510633 -0.7726938 0.5830193 -0.4975948 -0.5152754 0.6977755 -0.4835058 -0.5369866 0.6912796 -0.5685301 -0.2297012 0.7899435 -0.5649285 -0.2515226 0.7858703 -0.4979279 0.01738862 0.8670442 -0.5020098 0 0.864862 -0.3357652 0.1637633 0.9276008 -0.3433503 0.1528694 0.9266831 -0.1552311 0.1849976 0.9704016 -0.162256 0.180204 0.9701544 -0.02879358 0.1004188 0.9945286 -0.0323402 0.09953286 0.9945086 -0.009625162 0.03356816 0.9993901 0.9192367 -0.3713966 0.130646 0.9035413 -0.4022829 0.1475855 0.6692885 -0.6930686 0.2677853 0.6417214 -0.7127031 0.2832804 0.2813961 -0.866048 0.4132519 0.313474 -0.861263 0.3999501 -0.05939328 -0.8493668 0.5244507 -0.08830486 -0.8401653 0.535093 -0.3814279 -0.6606513 0.6465698 -0.3612279 -0.6793711 0.6387247 -0.5390874 -0.3916689 0.7456408 -0.5296645 -0.4138188 0.7404117 -0.5448978 -0.1358578 0.8274232 -0.5448823 -0.1158184 0.8304753 -0.4274271 0.0908529 0.8994731 -0.4333061 0.0764036 0.8980024 -0.2569162 0.1732914 0.9507704 -0.2494291 0.1812209 0.9512855 -0.08671898 0.1502045 0.9848443 -0.09218424 0.1475253 0.9847529 0.9930332 -0.06795684 0.09626471 0.9884195 -0.1389145 0.06106984 0.9817778 -0.1731131 0.07838553 0.8094681 -0.5459933 0.2159923 0.8309717 -0.5192489 0.1996665 0.5269488 -0.7812347 0.3346597 0.4965728 -0.7946822 0.3491355 0.1538851 -0.8727266 0.4633223 0.1224453 -0.871244 0.4753326 -0.1965517 -0.7883249 0.5830191 -0.2220944 -0.7745341 0.5922592 -0.444869 -0.569407 0.6912794 -0.4604395 -0.5487297 0.6977759 -0.5460072 -0.2903172 0.7858703 -0.5511221 -0.2688004 0.7899435 -0.5007867 -0.03501851 0.8648621 -0.4979278 -0.01738861 0.8670442 -0.3531775 0.1285463 0.9266831 -0.3463707 0.1399431 0.9276009 -0.1677581 0.173718 0.9704016 -0.1744318 0.1684459 0.9701543 -0.01194367 0.03281483 0.9993901 -0.03572939 0.09816532 0.9945285 -0.0392047 0.09703439 0.9945086 0.9294025 -0.3382739 0.1475866 0.9429049 -0.3063682 0.1306472 0.7160038 -0.6446934 0.2677852 0.6898733 -0.6662034 0.2832806 0.3411229 -0.8443092 0.4132519 0.3727893 -0.8372981 0.3999499 -0.02948296 -0.8442786 0.5350928 0 -0.851441 0.5244505 -0.3129576 -0.7029139 0.638725 -0.3344133 -0.6856495 0.6465698 -0.510452 -0.4283204 0.7456409 -0.4995073 -0.4497582 0.7404119 -0.5354754 -0.1535459 0.8304757 -0.5340929 -0.1735372 0.8274235 -0.4327236 0.0608153 0.8994731 -0.4375804 0.045991 0.8980023 -0.268378 0.1549487 0.9507703 -0.2614629 0.1633803 0.9512854 -0.09698731 0.1437882 0.9848444 -0.1022497 0.140736 0.984753 0.9918828 -0.1042522 -0.0728012 0.9945698 -0.03043135 0.09952318 0.8455829 -0.4881976 0.2159924 0.8651686 -0.4600181 0.1996665 0.5801619 -0.7425731 0.3346601 0.5507972 -0.7581071 0.3491362 0.2143889 -0.859866 0.4633224 0.1829221 -0.8605802 0.4753326 -0.1675241 -0.7881399 0.5922593 -0.1410819 -0.8001153 0.5830193 -0.4040658 -0.5990523 0.6912794 -0.4210401 -0.5795124 0.6977756 -0.5244256 -0.3276977 0.7858702 -0.5310292 -0.3065897 0.7899435 -0.4955021 -0.0520787 0.8670441 -0.4971242 -0.06986558 0.864862 -0.3552889 0.11544 0.9276009 -0.361284 0.1035965 0.9266831 -0.1857563 0.1558686 0.9701543 -0.1794676 0.1615925 0.9704016 -0.04587777 0.09406333 0.9945086 -0.01420358 0.03190177 0.9993901 -0.0424899 0.09543392 0.9945285 0.9619793 -0.2398482 0.1306468 0.9507349 -0.2726192 0.1475868 0.7592316 -0.5931765 0.2677854 0.734665 -0.6164571 0.2832808 0.4302879 -0.8092542 0.3999501 0.3991883 -0.8184569 0.4132517 0.05939328 -0.8493668 0.5244507 0.02948296 -0.8442786 0.5350928 -0.2857705 -0.7073065 0.64657 -0.2631623 -0.7230325 0.6387249 -0.4669166 -0.4835072 0.7404118 -0.4793305 -0.4628841 0.745641 -0.5206866 -0.2103712 0.8274234 -0.5234604 -0.1905236 0.8304757 -0.4397226 0.01535594 0.8980023 -0.435912 0.03048195 0.899473 -0.2785333 0.1358494 0.9507703 -0.2722227 0.1447435 0.9512855 -0.1118183 0.1332602 0.9847529 -0.1067799 0.1366733 0.9848444 0.877578 -0.4280235 0.2159922 0.8951501 -0.3985468 0.1996665 0.6305483 -0.7002941 0.3346596 0.6023381 -0.7178389 0.3491361 0.2425074 -0.845724 0.4753326 0.2738477 -0.8428166 0.4633223 -0.1121383 -0.7979059 0.5922594 -0.08492497 -0.8080075 0.5830194 -0.3795904 -0.6074706 0.6977755 -0.3612943 -0.625779 0.6912792 -0.5002897 -0.3634809 0.7858701 -0.5083494 -0.3428854 0.7899433 -0.4906619 -0.08651701 0.8670442 -0.4910393 -0.1043738 0.8648621 -0.362476 0.09037554 0.9276009 -0.3676304 0.07814264 0.9266831 -0.1903018 0.1486807 0.9704016 -0.1961769 0.1425309 0.9701544 -0.04904438 0.092237 0.9945285 -0.01639463 0.03083312 0.9993901 -0.05232676 0.09063427 0.9945086 0.967436 -0.2056355 0.1475862 0.9763672 -0.1721591 0.1306457 0.7758774 -0.5637077 0.2832807 0.7987599 -0.5387705 0.2677855 0.4856907 -0.7772673 0.3999501 0.4553084 -0.7886172 0.413252 0.1184976 -0.8431546 0.5244507 0.08830486 -0.8401653 0.535093 -0.2357351 -0.725518 0.6465699 -0.2120853 -0.7396284 0.638725 -0.4458742 -0.4951931 0.7456407 -0.4320523 -0.5148993 0.7404117 -0.5088951 -0.2265747 0.8304756 -0.5047436 -0.2461801 0.8274233 -0.4369763 0 0.8994731 -0.4397226 -0.01535594 0.8980023 -0.2873309 0.1160895 0.9507703 -0.2816566 0.1254014 0.9512854 -0.1208419 0.1251351 0.984753 -0.1160552 0.1288903 0.9848444 0.9052978 -0.3657636 0.2159926 0.9207712 -0.3351323 0.1996665 0.6509449 -0.6740736 0.3491355 0.6778619 -0.6546041 0.3346593 0.3319725 -0.821661 0.4633223 0.3009114 -0.8267475 0.4753325 -0.02835451 -0.8119633 0.5830194 -0.05620606 -0.8037845 0.5922594 -0.33629 -0.6324698 0.6977757 -0.3167612 -0.6494575 0.6912794 -0.4737149 -0.3974944 0.7858704 -0.4831917 -0.3775114 0.7899436 -0.4834316 -0.1205331 0.8670443 -0.4825624 -0.1383733 0.864862 -0.3678972 0.06487044 0.9276009 -0.3721858 0.05230729 0.9266831 -0.2056415 0.1284991 0.9701543 -0.20021 0.1350433 0.9704016 -0.01850529 0.02961453 0.9993901 -0.0553583 0.08859143 0.9945285 -0.05852269 0.08676264 0.9945086 0.9859977 -0.1036336 0.1306466 0.986292 -0.04715399 0.1581285 0.979424 -0.1376483 0.1475855 0.8133095 -0.5082121 0.2832809 0.8343968 -0.4817393 0.2677855 0.5092105 -0.7549355 0.4132519 0.538727 -0.7414938 0.39995 0.1770246 -0.8328348 0.5244507 0.1466967 -0.8319589 0.535093 -0.1845511 -0.7401946 0.6465701 -0.1599744 -0.7526211 0.6387251 -0.4102448 -0.5250894 0.7456408 -0.3950818 -0.5437838 0.7404118 -0.4918505 -0.2615216 0.8304756 -0.4863416 -0.2807893 0.8274233 -0.4375804 -0.045991 0.8980023 -0.435912 -0.03048195 0.899473 -0.2947292 0.09576296 0.9507703 -0.2897179 0.1054486 0.9512855 -0.1247624 0.1204817 0.9848444 -0.1292767 0.1164007 0.984753 0.9419056 -0.2700874 0.1996666 0.9286071 -0.3017223 0.2159921 0.6963804 -0.6270236 0.3491357 0.7218736 -0.6057239 0.3346595 0.3884801 -0.7965021 0.4633223 0.3578494 -0.803743 0.4753326 0 -0.8057473 0.5922595 0.02835451 -0.8119633 0.5830194 -0.2913522 -0.6543877 0.6977755 -0.2706862 -0.6699716 0.6912793 -0.4448335 -0.4295708 0.7858703 -0.4556813 -0.4102971 0.7899436 -0.4717351 -0.1716972 0.8648619 -0.4738465 -0.1539617 0.867044 -0.3715263 0.03904869 0.927601 -0.3749279 0.02621754 0.9266832 -0.2091424 0.1207484 0.9704016 -0.2141041 0.1138413 0.9701543 -0.02052601 0.02825153 0.9993901 -0.06140331 0.08451409 0.9945286 -0.06443166 0.08246946 0.9945086 0.9703543 -0.06785384 0.2319663 0.9911589 -0.06930864 0.113139 0.9886838 -0.0172598 0.1490182 0.980029 -0.01710871 0.1981173 0.8659688 -0.4223613 0.2677853 0.8467792 -0.450241 0.2832808 0.5606317 -0.7175759 0.4132517 0.5891384 -0.7021081 0.39995 0.2043742 -0.8196991 0.535093 0.2346888 -0.8184574 0.5244509 -0.1070846 -0.7619471 0.638725 -0.1324683 -0.7512652 0.64657 -0.3561875 -0.5700181 0.7404121 -0.3726167 -0.5524278 0.7456408 -0.4724096 -0.295194 0.8304756 -0.4655701 -0.3140305 0.8274233 -0.4327236 -0.0608153 0.8994731 -0.4333061 -0.0764036 0.8980024 -0.3006913 0.07497089 0.9507703 -0.2963679 0.08498251 0.9512855 -0.1328624 0.1114861 0.9848444 -0.1370811 0.1071 0.984753 0.9584514 -0.2037258 0.1996666 0.9473919 -0.2362118 0.2159923 0.7623685 -0.5538929 0.3346595 0.7384229 -0.5769192 0.3491357 0.4430949 -0.7674628 0.4633224 0.4130442 -0.7768226 0.4753326 0.08492497 -0.8080075 0.5830194 0.05620607 -0.8037847 0.5922594 -0.2232919 -0.6872216 0.6912794 -0.2449945 -0.6731173 0.6977755 -0.4259505 -0.4410844 0.7899435 -0.4137848 -0.4595543 0.7858703 -0.461952 -0.1866411 0.8670442 -0.4586086 -0.2041856 0.864862 -0.3733451 0.01303772 0.9276009 -0.3758436 0 0.9266832 -0.2215239 0.09862868 0.9701544 -0.2170559 0.1058652 0.9704016 -0.07002848 0.07777324 0.9945086 -0.02244668 0.02675095 0.9993901 -0.0671489 0.08002505 0.9945286 0.8761241 -0.3900748 0.2832811 0.8933218 -0.360925 0.2677858 0.6366798 -0.6593017 0.39995 0.6093214 -0.6767203 0.4132518 0.2610552 -0.8034461 0.5350931 0.2912098 -0.8000926 0.5244508 -0.07973994 -0.7586756 0.64657 -0.05367304 -0.7675608 0.638725 -0.333174 -0.5770739 0.7456411 -0.3155567 -0.5934762 0.740412 -0.4425298 -0.3457427 0.8274233 -0.4506668 -0.3274287 0.8304757 -0.4274272 -0.09085291 0.8994731 -0.4269209 -0.1064435 0.8980024 -0.3051884 0.05381315 0.9507704 -0.3015742 0.06410093 0.9512855 -0.1403164 0.1019454 0.9848444 -0.1442183 0.09727644 0.984753 0.9615614 -0.16955 0.2159924 0.9703282 -0.1363699 0.1996658 0.7768681 -0.524004 0.3491356 0.7991489 -0.4993636 0.3346595 0.466226 -0.7461182 0.4753325 0.4955512 -0.7346847 0.4633222 0.1121383 -0.7979059 0.5922594 0.1410819 -0.8001153 0.5830193 -0.1748096 -0.7011235 0.6912796 -0.1974432 -0.6885675 0.6977757 -0.3941438 -0.469723 0.7899436 -0.3807196 -0.4872988 0.7858705 -0.4432482 -0.2356794 0.864862 -0.4478073 -0.2184102 0.8670441 -0.3749279 -0.02621754 0.9266832 -0.3733451 -0.01303772 0.9276009 -0.2239119 0.09046651 0.9704016 -0.2278643 0.08293569 0.9701544 -0.07528251 0.07269953 0.9945086 -0.07256746 0.07514636 0.9945286 -0.02425797 0.02512005 0.9993901 0.9011999 -0.3280101 0.2832809 0.9163227 -0.2977309 0.2677853 0.6811197 -0.6132828 0.39995 0.6550429 -0.6325676 0.4132519 0.3463122 -0.7778298 0.5244509 0.3164652 -0.7832784 0.5350931 0 -0.7694352 0.638725 -0.02662326 -0.76239 0.64657 -0.2733894 -0.6140425 0.7404121 -0.2921075 -0.5989096 0.7456411 -0.4267289 -0.3580682 0.8304755 -0.4173345 -0.3757695 0.8274233 -0.4200485 -0.1204469 0.8994731 -0.4184559 -0.1359643 0.8980024 -0.3053108 0.04290895 0.9512855 -0.3081989 0.0323928 0.9507703 -0.1470859 0.09190899 0.9848444 -0.1506525 0.08697931 0.984753 0.9686576 -0.02942018 0.2466514 0.9807951 -0.04712458 0.1892625 0.9710465 -0.1020603 0.2159916 0.9145671 -0.0961241 0.3928449 0.8115285 -0.4685358 0.3491358 0.8320357 -0.4424017 0.3346599 0.5171373 -0.7117781 0.4753324 0.5455929 -0.6983271 0.4633222 0.1675241 -0.7881399 0.5922593 0.1965517 -0.7883249 0.5830191 -0.1489307 -0.7006631 0.6977757 -0.125476 -0.7116098 0.6912794 -0.3457998 -0.51267 0.7858702 -0.3604183 -0.4960723 0.7899436 -0.4257284 -0.2660244 0.864862 -0.431481 -0.2491157 0.8670441 -0.3715262 -0.03904869 0.9276009 -0.3721858 -0.05230729 0.9266831 -0.2296773 0.07462648 0.9704016 -0.2330943 0.06683904 0.9701543 -0.08017004 0.06727146 0.9945086 -0.02595117 0.02336669 0.9993901 -0.07763267 0.06990124 0.9945285 0.9218855 -0.2643473 0.2832801 0.9348593 -0.2330871 0.2677846 0.7222408 -0.5642763 0.3999504 0.6975732 -0.5853328 0.413252 0.3997274 -0.7517774 0.5244508 0.3703329 -0.7592949 0.5350932 0.02662326 -0.76239 0.64657 0.05367304 -0.7675608 0.638725 -0.2496183 -0.6178269 0.7456412 -0.2298898 -0.6316175 0.7404121 -0.4007118 -0.3869629 0.8304756 -0.3901055 -0.4039658 0.8274233 -0.4106231 -0.1494548 0.8994731 -0.4079518 -0.1648236 0.8980025 -0.3075604 0.02150675 0.9512855 -0.3097077 0.01081542 0.9507703 -0.1531387 0.08142527 0.9848444 -0.156353 0.07625835 0.984753 0.8608699 -0.3832832 0.3346595 0.8422347 -0.4107856 0.3491361 0.5655283 -0.6739709 0.4753323 0.5929766 -0.6585676 0.4633221 0.2510633 -0.7726938 0.5830193 0.2220944 -0.7745341 0.5922591 -0.07553088 -0.7186291 0.6912794 -0.09969193 -0.7093452 0.6977757 -0.3249354 -0.5200061 0.7899435 -0.3091959 -0.5355425 0.7858703 -0.4061342 -0.2950738 0.8648621 -0.4130522 -0.2786076 0.8670442 -0.3676304 -0.07814264 0.9266831 -0.3678972 -0.06487044 0.9276009 -0.2371892 0.0504156 0.9701544 -0.2343233 0.05842348 0.9704016 -0.0823202 0.0643147 0.9945286 -0.08466771 0.06151447 0.9945086 -0.02751815 0.02149924 0.9993901 0.9488409 -0.167307 0.267786 0.93808 -0.199394 0.2832806 0.7367043 -0.535247 0.4132522 0.7598435 -0.5125208 0.3999504 0.4511947 -0.7220629 0.5244507 0.4223963 -0.7316126 0.5350929 0.1070846 -0.7619471 0.638725 0.07973994 -0.7586756 0.64657 -0.1852703 -0.6461155 0.7404118 -0.205913 -0.6337344 0.7456411 -0.3609756 -0.4301945 0.8274232 -0.3727426 -0.4139725 0.8304756 -0.3991975 -0.1777342 0.8994731 -0.3954608 -0.1928791 0.8980024 -0.3097077 -0.01081542 0.9507703 -0.3083114 0 0.9512855 -0.1584455 0.07054467 0.9848444 -0.1612916 0.06516619 0.984753 0.8688383 -0.3510333 0.3491355 0.8855091 -0.3222992 0.3346595 0.6374716 -0.6155992 0.4633223 0.6111648 -0.6328796 0.4753325 0.2755818 -0.7571549 0.5922593 0.3043524 -0.7532982 0.5830193 -0.02521797 -0.7221474 0.6912795 -0.04996774 -0.7145715 0.6977757 -0.28787 -0.5414055 0.7899436 -0.2710848 -0.5558064 0.7858704 -0.3926118 -0.3067415 0.8670442 -0.3845616 -0.3226856 0.8648621 -0.361284 -0.1035965 0.9266831 -0.362476 -0.09037554 0.9276009 -0.2401282 0.03374808 0.9701544 -0.2378281 0.04193541 0.9704016 -0.08875259 0.05545849 0.9945085 -0.02895061 0.01952762 0.9993901 -0.0866054 0.05841663 0.9945285 0.9656318 -0.06647551 0.2512691 0.9497035 -0.1334729 0.2832814 0.7722467 -0.4825532 0.4132522 0.7937443 -0.4582681 0.3999503 0.4724023 -0.7003653 0.535093 0.5004645 -0.6888301 0.5244507 0.1324683 -0.7512652 0.64657 0.1599744 -0.7526211 0.6387251 -0.1612044 -0.6465546 0.7456408 -0.1397487 -0.6574655 0.7404118 -0.3429575 -0.4389654 0.8304754 -0.3300881 -0.4543266 0.8274232 -0.3858272 -0.2051475 0.8994731 -0.381043 -0.2199953 0.8980024 -0.3081989 -0.0323928 0.9507703 -0.3075604 -0.02150675 0.9512855 -0.1629805 0.05932031 0.9848444 -0.1654445 0.05375604 0.984753 0.8912086 -0.2895712 0.3491358 0.9058341 -0.2597446 0.33466 0.678861 -0.5696315 0.4633225 0.6538237 -0.5887048 0.4753327 0.3561583 -0.7302327 0.5830193 0.3277272 -0.7360868 0.5922593 0 -0.7163163 0.6977757 0.02521797 -0.7221474 0.6912795 -0.2316535 -0.5733625 0.7858703 -0.2494028 -0.5601673 0.7899436 -0.3611155 -0.3487252 0.8648621 -0.3702579 -0.3333819 0.8670442 -0.3552889 -0.11544 0.9276009 -0.3531775 -0.1285463 0.9266831 -0.2418974 0.01691515 0.9701543 -0.2401739 0.02524321 0.9704016 -0.03024242 0.0174603 0.9993901 -0.09046986 0.0522323 0.9945285 -0.09240485 0.04913255 0.9945086 0.9555181 -0.01068492 0.294739 0.8875468 -0.06206303 0.4565181 0.966223 -0.06756457 0.248693 0.8040267 -0.4275091 0.4132517 0.8237779 -0.4017836 0.3999498 0.5472952 -0.6522415 0.524451 0.5201069 -0.6657058 0.535093 0.1845511 -0.7401945 0.6465701 0.2120853 -0.7396284 0.638725 -0.1157098 -0.6562248 0.7456408 -0.09354563 -0.6656122 0.7404119 -0.3115006 -0.4618198 0.8304757 -0.297591 -0.4762458 0.8274235 -0.3647685 -0.2460398 0.8980024 -0.3705767 -0.2315623 0.8994731 -0.3051884 -0.05381315 0.9507704 -0.3053108 -0.04290895 0.9512855 -0.1687913 0.04208444 0.984753 -0.1667215 0.04780679 0.9848443 0.9092368 -0.2266981 0.3491366 0.9217468 -0.1959223 0.33466 0.7169427 -0.5208893 0.4633223 0.6932967 -0.5416629 0.4753325 0.4062289 -0.7036096 0.5830194 0.3782754 -0.7114328 0.5922593 0.04996774 -0.7145715 0.6977757 0.07553088 -0.7186291 0.6912794 -0.1910937 -0.5881253 0.7858701 -0.2097203 -0.5762002 0.7899435 -0.3359099 -0.3730656 0.8648622 -0.3461003 -0.3583977 0.8670443 -0.3433503 -0.1528694 0.9266831 -0.3463707 -0.1399431 0.9276009 -0.2424881 0 0.9701544 -0.2413498 0.008428252 0.9704016 -0.03138658 0.01530844 0.9993901 -0.09560709 0.04256713 0.9945086 -0.09389261 0.04579504 0.9945285 0.83189 -0.3703809 0.4132518 0.8497983 -0.3433406 0.39995 0.5652767 -0.6278036 0.5350933 0.5914604 -0.612475 0.524451 0.2357351 -0.725518 0.6465699 0.2631623 -0.7230325 0.6387249 -0.06965267 -0.6626977 0.7456408 -0.0468871 -0.6705163 0.7404117 -0.263645 -0.4958448 0.8274233 -0.2785276 -0.4824236 0.8304756 -0.3467176 -0.2708851 0.8980023 -0.3535215 -0.2568479 0.899473 -0.3006913 -0.07497089 0.9507703 -0.3015742 -0.06410093 0.9512855 -0.1713158 0.03020753 0.984753 -0.1696502 0.03606017 0.9848444 0.9331682 -0.131149 0.3346595 0.9228359 -0.1627212 0.3491356 0.7515317 -0.4696091 0.4633222 0.7293924 -0.4919814 0.4753324 0.4543207 -0.6735584 0.5830196 0.4269811 -0.6833124 0.5922596 0.125476 -0.7116098 0.6912794 0.09969193 -0.7093452 0.6977757 -0.1496027 -0.6000224 0.7858703 -0.169015 -0.5894262 0.7899435 -0.3202569 -0.3816671 0.8670443 -0.3090679 -0.3955888 0.8648621 -0.3318505 -0.1764476 0.9266831 -0.3357652 -0.1637633 0.9276009 -0.2418974 -0.01691515 0.9701543 -0.2413498 -0.008428252 0.9704016 -0.09834348 0.03579424 0.9945086 -0.03237807 0.01308153 0.9993901 -0.09685864 0.03913324 0.9945285 0.8556998 -0.3114498 0.4132516 0.8716787 -0.2832255 0.3999495 0.6327441 -0.5697247 0.5244508 0.6076933 -0.5868425 0.5350932 0.2857705 -0.7073065 0.64657 0.3129576 -0.7029139 0.638725 -0.02325479 -0.6659421 0.7456409 0 -0.6721534 0.7404119 -0.2284149 -0.5130278 0.8274231 -0.2441973 -0.5006777 0.8304754 -0.3347433 -0.2808828 0.899473 -0.3269767 -0.2944113 0.8980023 -0.2963679 -0.08498251 0.9512855 -0.2947292 -0.09576296 0.9507703 -0.1730056 0.01818347 0.984753 -0.1717524 0.02413794 0.9848444 0.9390354 -0.03740264 0.34178 0.921086 -0.02909154 0.3882709 0.943337 -0.05097876 0.3278969 0.9319386 -0.09794995 0.3491364 0.8720962 -0.09166032 0.480673 0.7619346 -0.439903 0.4753324 0.7824589 -0.4160413 0.4633225 0.4736061 -0.6518633 0.5922596 0.5001996 -0.6402256 0.5830194 0.1489307 -0.7006631 0.6977757 0.1748096 -0.7011235 0.6912796 -0.1274869 -0.59978 0.7899437 -0.1073822 -0.6089965 0.7858704 -0.2928533 -0.4030772 0.8670442 -0.2807199 -0.4161853 0.8648619 -0.3187332 -0.1991668 0.9266831 -0.3235232 -0.1867869 0.9276009 -0.2401739 -0.02524321 0.9704016 -0.2401282 -0.03374808 0.9701544 -0.03321169 0.01079115 0.9993901 -0.0993524 0.03228161 0.9945286 -0.1006008 0.02884693 0.9945086 0.8753413 -0.2509998 0.4132514 0.889312 -0.2217303 0.3999496 0.6709444 -0.5241994 0.5244508 0.6471492 -0.5430225 0.535093 0.3344133 -0.6856495 0.6465698 0.3612279 -0.6793711 0.6387247 0.0468871 -0.6705163 0.7404117 0.02325479 -0.6659421 0.7456409 -0.2086761 -0.5164927 0.8304756 -0.1920717 -0.5277111 0.8274234 -0.305643 -0.3165028 0.8980024 -0.3143341 -0.3035496 0.899473 -0.2873309 -0.1160895 0.9507703 -0.2897179 -0.1054486 0.9512855 -0.1738526 0.006071181 0.984753 -0.1730178 0.01209869 0.9848444 0.8095746 -0.3604455 0.4633228 0.7907645 -0.3856813 0.4753329 0.5179244 -0.6172385 0.5922592 0.5436406 -0.6037744 0.5830191 0.2232919 -0.6872216 0.6912794 0.1974432 -0.6885675 0.6977757 -0.08533823 -0.607212 0.7899436 -0.06463981 -0.6150036 0.7858704 -0.251005 -0.4347531 0.864862 -0.2640223 -0.4225244 0.867044 -0.3097059 -0.2088991 0.9276009 -0.304064 -0.220915 0.9266831 -0.2378281 -0.04193541 0.9704016 -0.2371892 -0.0504156 0.9701544 -0.102368 0.02175891 0.9945086 -0.03388356 0.008448074 0.9993901 -0.1013623 0.02527231 0.9945285 0.8907178 -0.189328 0.4132514 0.9026127 -0.1591554 0.3999497 0.683452 -0.4965568 0.5350931 0.7058763 -0.4761196 0.5244509 0.3814279 -0.6606513 0.6465698 0.4077386 -0.6525179 0.638725 0.06965267 -0.6626977 0.7456408 0.09354563 -0.6656122 0.7404119 -0.1547918 -0.539824 0.8274235 -0.1721394 -0.5297906 0.8304758 -0.2828207 -0.3370524 0.8980024 -0.2923945 -0.3247364 0.899473 -0.2816566 -0.1254014 0.9512854 -0.2785333 -0.1358494 0.9507703 -0.1734402 0 0.9848443 -0.1738526 -0.006071181 0.984753 0.8327459 -0.3030953 0.4633224 0.8157418 -0.3295818 0.4753326 0.5597191 -0.5796062 0.5922593 0.5844337 -0.564381 0.5830192 0.2706862 -0.6699716 0.6912793 0.2449945 -0.6731173 0.6977755 -0.04277336 -0.6116858 0.7899437 -0.02158113 -0.6180146 0.7858703 -0.2339057 -0.4399122 0.8670441 -0.2200669 -0.4512032 0.864862 -0.2943791 -0.2299944 0.927601 -0.2879128 -0.2415874 0.9266832 -0.2343233 -0.05842348 0.9704016 -0.2330943 -0.06683904 0.9701543 -0.03439032 0.006063929 0.9993901 -0.1028783 0.01814017 0.9945285 -0.1036365 0.014565 0.9945086 0.9017548 -0.1267335 0.4132517 0.9208919 -0.061911 0.3848701 0.716425 -0.4476725 0.5350931 0.7373695 -0.4257204 0.5244506 0.4265829 -0.6324352 0.64657 0.4522624 -0.6224862 0.6387251 0.1157098 -0.6562248 0.7456409 0.1397487 -0.6574655 0.7404118 -0.1167586 -0.549307 0.8274232 -0.1347641 -0.540508 0.8304756 -0.2586204 -0.3559597 0.8980023 -0.2690296 -0.344342 0.899473 -0.268378 -0.1549487 0.9507703 -0.2722227 -0.1447435 0.9512855 -0.1730056 -0.01818347 0.984753 -0.1730178 -0.01209869 0.9848444 0.85186 -0.2442667 0.4633229 0.8367454 -0.2718744 0.475333 0.6223795 -0.5222382 0.583019 0.598787 -0.5391505 0.5922592 0.3167612 -0.6494575 0.6912794 0.2913522 -0.6543877 0.6977755 0.02158113 -0.6180146 0.7858703 0 -0.6131796 0.7899435 -0.1880557 -0.4654553 0.8648621 -0.2026485 -0.455157 0.8670442 -0.2703589 -0.2610832 0.9266831 -0.2776187 -0.2499686 0.9276009 -0.2278643 -0.08293569 0.9701544 -0.2296772 -0.07462647 0.9704016 -0.1038931 0.01091958 0.9945285 -0.1044001 0.007300458 0.9945086 -0.03472955 0.003650216 0.9993901 0.9009517 -0.006213044 0.433875 0.8588105 -0.06005391 0.5087612 0.9237809 -0.06459707 0.3774336 0.7459083 -0.3966062 0.5350929 0.7652701 -0.3732469 0.5244506 0.4696599 -0.6011381 0.64657 0.4945834 -0.5894217 0.6387249 0.1852703 -0.6461155 0.7404118 0.1612044 -0.6465546 0.7456408 -0.0781568 -0.5561135 0.8274233 -0.09673148 -0.5485922 0.8304755 -0.2443537 -0.3622699 0.8994731 -0.2331593 -0.3731332 0.8980024 -0.256916 -0.1732918 0.9507703 -0.2614629 -0.1633803 0.9512855 -0.1717524 -0.02413794 0.9848444 -0.1713158 -0.03020753 0.984753 0.8668243 -0.1842492 0.4633227 0.8536719 -0.2128445 0.475333 0.6349379 -0.4960677 0.592259 0.6572928 -0.4775511 0.583019 0.33629 -0.6324698 0.6977757 0.3612943 -0.625779 0.6912792 0.04277336 -0.6116858 0.7899437 0.06463981 -0.6150036 0.7858704 -0.170405 -0.4681843 0.8670442 -0.1551295 -0.4774395 0.8648621 -0.2595055 -0.2687258 0.9276009 -0.2514887 -0.279306 0.9266831 -0.2215239 -0.09862868 0.9701544 -0.2239119 -0.09046651 0.9704016 -0.03489957 0.001218739 0.9993901 -0.1044017 0.003645845 0.9945285 -0.104655 0 0.9945086 0.7717569 -0.3436088 0.5350926 0.7894421 -0.3189559 0.5244505 0.5104498 -0.566911 0.64657 0.5344943 -0.5534852 0.6387252 0.205913 -0.6337344 0.7456411 0.2298898 -0.6316175 0.7404121 -0.05822846 -0.5540035 0.8304756 -0.03917389 -0.5602109 0.8274232 -0.2184884 -0.3784324 0.8994731 -0.2065632 -0.3884886 0.8980024 -0.2494292 -0.181221 0.9512855 -0.2442017 -0.1907915 0.9507703 -0.1687913 -0.04208444 0.984753 -0.1696502 -0.03606017 0.9848444 0.8775653 -0.1233339 0.4633227 0.8664398 -0.1527767 0.4753329 0.667995 -0.4505686 0.5922589 0.6890038 -0.4305378 0.5830189 0.3795904 -0.6074706 0.6977755 0.4040658 -0.5990523 0.6912794 0.1073822 -0.6089965 0.7858704 0.08533823 -0.607212 0.7899436 -0.1214474 -0.4870977 0.8648621 -0.1373314 -0.4789306 0.8670442 -0.2313925 -0.2961687 0.9266831 -0.240128 -0.2861732 0.9276009 -0.2141041 -0.1138413 0.9701543 -0.2170559 -0.1058652 0.9704016 -0.1044017 -0.003645845 0.9945285 -0.1044001 -0.007300458 0.9945086 -0.03489957 -0.001218739 0.9993901 0.8097684 -0.2631091 0.5244508 0.793846 -0.2889357 0.5350932 0.5718015 -0.5148526 0.6387252 0.5487514 -0.5299235 0.6465702 0.2496183 -0.6178269 0.7456412 0.2733894 -0.6140425 0.7404121 -0.01944068 -0.5567157 0.8304756 0 -0.5615788 0.8274233 -0.1915572 -0.3927518 0.8994731 -0.1789599 -0.4019514 0.8980024 -0.2361799 -0.1981791 0.9512855 -0.2302981 -0.207361 0.9507704 -0.1654445 -0.05375604 0.984753 -0.1667215 -0.04780679 0.9848443 0.8778086 -0.03065358 0.4780297 0.8529126 -0.0297842 0.5212035 0.8875064 -0.04922399 0.4581587 0.8749864 -0.09196468 0.475333 0.6977981 -0.402873 0.5922593 0.7173581 -0.3814259 0.5830195 0.42104 -0.5795123 0.6977756 0.444869 -0.569407 0.6912794 0.1274869 -0.59978 0.7899437 0.1496027 -0.6000224 0.7858703 -0.08717293 -0.494383 0.864862 -0.1035882 -0.4873436 0.8670442 -0.2101687 -0.3115886 0.9266831 -0.2195803 -0.3022267 0.9276009 -0.2056415 -0.1284991 0.9701543 -0.2091424 -0.1207484 0.9704016 -0.1036365 -0.014565 0.9945086 -0.1038931 -0.01091958 0.9945285 -0.03472955 -0.003650216 0.9993901 0.8120674 -0.2328564 0.5350929 0.8261493 -0.2059824 0.5244508 0.5843805 -0.4903533 0.6465702 0.6063231 -0.4737113 0.6387252 0.3155567 -0.5934762 0.740412 0.2921075 -0.5989096 0.7456411 0.03917389 -0.5602109 0.8274232 0.01944068 -0.5567157 0.8304756 -0.1636946 -0.4051571 0.8994731 -0.1504856 -0.4134561 0.8980023 -0.2217812 -0.2141704 0.9512855 -0.2152723 -0.2229209 0.9507703 -0.1629805 -0.05932031 0.9848444 -0.1612916 -0.06516619 0.984753 0.7422172 -0.3304569 0.5830196 0.7242009 -0.3532163 0.5922595 0.4835058 -0.5369866 0.6912796 0.4604395 -0.5487297 0.6977758 0.1910937 -0.5881253 0.7858701 0.169015 -0.5894262 0.7899435 -0.05247464 -0.4992595 0.864862 -0.06934058 -0.4933826 0.8670441 -0.1979632 -0.3168077 0.9276009 -0.1879219 -0.3254899 0.9266832 -0.1961769 -0.1425309 0.9701544 -0.20021 -0.1350433 0.9704016 -0.1028783 -0.01814018 0.9945286 -0.102368 -0.02175891 0.9945086 -0.03439032 -0.006063928 0.9993901 0.8263324 -0.1756432 0.5350929 0.8385057 -0.1478512 0.5244504 0.6378902 -0.4302627 0.6387255 0.6171623 -0.4483944 0.6465703 0.333174 -0.577074 0.7456411 0.3561875 -0.5700181 0.7404121 0.0781568 -0.5561135 0.8274233 0.05822846 -0.5540035 0.8304756 -0.1212781 -0.4229462 0.8980023 -0.1350331 -0.4155893 0.8994729 -0.1991977 -0.2373943 0.9507703 -0.2063003 -0.2291203 0.9512855 -0.156353 -0.07625835 0.984753 -0.1584455 -0.07054467 0.9848444 0.7634613 -0.2778766 0.5830193 0.7470756 -0.3018386 0.5922596 0.4975948 -0.5152754 0.6977755 0.5197859 -0.5019519 0.6912792 0.2316535 -0.5733625 0.7858703 0.2097203 -0.5762002 0.7899435 -0.01751963 -0.5017038 0.864862 -0.03475479 -0.4970176 0.8670442 -0.1753823 -0.3298448 0.9276009 -0.1647585 -0.3378063 0.9266831 -0.1903018 -0.1486807 0.9704016 -0.1857563 -0.1558686 0.9701543 -0.1006008 -0.02884693 0.9945086 -0.1013623 -0.02527231 0.9945285 -0.03388356 -0.008448074 0.9993901 0.8365719 -0.1175722 0.5350928 0.8409156 -0.04713911 0.5391092 0.8467767 -0.08899974 0.5244506 0.646937 -0.4042515 0.6465703 0.6663507 -0.3847169 0.638725 0.3726167 -0.5524278 0.7456408 0.3950818 -0.5437838 0.7404118 0.09673147 -0.5485922 0.8304755 0.1167586 -0.549307 0.8274232 -0.1057137 -0.4239963 0.899473 -0.09147926 -0.4303757 0.8980024 -0.1898156 -0.2429525 0.9512855 -0.1821525 -0.2507116 0.9507703 -0.1531387 -0.08142526 0.9848444 -0.1506525 -0.08697931 0.984753 0.7663114 -0.2489896 0.5922591 0.7809852 -0.2239438 0.5830191 0.5535343 -0.4644704 0.6912794 0.532327 -0.4793091 0.6977755 0.2494028 -0.5601673 0.7899436 0.2710848 -0.5558064 0.7858704 0.01751963 -0.5017038 0.864862 0 -0.4982313 0.8670442 -0.140794 -0.348476 0.926683 -0.1519457 -0.3412759 0.9276008 -0.1744318 -0.1684459 0.9701543 -0.1794676 -0.1615925 0.9704016 -0.09834348 -0.03579424 0.9945086 -0.0993524 -0.03228161 0.9945286 -0.03321169 -0.01079115 0.9993901 0.8675882 -0.06066712 0.493569 0.8262316 -0.004109619 0.5633157 0.7955669 -0.05563095 0.6033062 0.6735608 -0.3581385 0.6465698 0.6915638 -0.3372981 0.6387249 0.4320523 -0.5148993 0.7404117 0.4102448 -0.5250894 0.7456408 0.1547918 -0.539824 0.8274235 0.1347641 -0.540508 0.8304756 -0.06123497 -0.4357085 0.8980024 -0.07588017 -0.4303375 0.8994731 -0.16422 -0.2628073 0.9507703 -0.1724056 -0.2556018 0.9512855 -0.1442183 -0.09727644 0.984753 -0.1470859 -0.09190899 0.9848444 0.7947039 -0.1689203 0.5830194 0.7818134 -0.1949279 0.5922591 0.5845857 -0.4247261 0.6912795 0.5644652 -0.4410081 0.6977757 0.28787 -0.5414055 0.7899436 0.3091959 -0.5355425 0.7858703 0.05247464 -0.4992595 0.864862 0.03475479 -0.4970176 0.8670442 -0.1277693 -0.3510436 0.9276009 -0.116142 -0.3574485 0.9266832 -0.162256 -0.180204 0.9701544 -0.1677581 -0.173718 0.9704016 -0.03237807 -0.01308153 0.9993901 -0.09560709 -0.04256713 0.9945086 -0.09685864 -0.03913324 0.9945285 0.6969026 -0.310281 0.6465698 0.7134076 -0.2882359 0.638725 0.4458742 -0.4951931 0.7456407 0.4669166 -0.4835072 0.7404118 0.1920717 -0.5277111 0.8274234 0.1721394 -0.5297906 0.8304758 -0.04567673 -0.4345824 0.8994731 -0.03069218 -0.4389187 0.8980024 -0.1541554 -0.2670057 0.9512855 -0.145488 -0.2736221 0.9507703 -0.1403164 -0.1019454 0.9848444 -0.1370811 -0.1071 0.984753 0.797291 -0.05475783 0.6011062 0.7935061 -0.1399168 0.5922596 0.8045515 -0.1130721 0.5830194 0.5938532 -0.400559 0.6977755 0.6127887 -0.3829133 0.6912795 0.3249354 -0.5200061 0.7899435 0.3457998 -0.51267 0.7858702 0.06934058 -0.4933826 0.8670441 0.08717293 -0.494383 0.864862 -0.09092443 -0.3646795 0.9266831 -0.1029705 -0.3591011 0.9276009 -0.1492908 -0.1910831 0.9701543 -0.1552311 -0.1849976 0.9704016 -0.03138658 -0.01530844 0.9993901 -0.09240485 -0.04913255 0.9945086 -0.09389261 -0.04579504 0.9945285 0.7168488 -0.2609117 0.6465701 0.7317763 -0.2377685 0.6387251 0.4995073 -0.4497582 0.7404119 0.4793305 -0.4628841 0.745641 0.2284149 -0.5130278 0.8274231 0.2086761 -0.5164927 0.8304755 0 -0.4399906 0.8980024 -0.01525019 -0.43671 0.8994731 -0.1351547 -0.2771083 0.9512855 -0.1260461 -0.2831044 0.9507703 -0.1292767 -0.1164007 0.984753 -0.1328624 -0.1114861 0.9848444 0.7968988 -0.02421049 0.6036274 0.7656483 -0.03216174 0.6424548 0.8432246 -0.08862607 0.5302052 0.6380069 -0.3392342 0.6912796 0.620348 -0.358158 0.6977757 0.3807196 -0.4872988 0.7858705 0.3604182 -0.4960723 0.7899436 0.1214474 -0.4870977 0.8648621 0.1035882 -0.4873436 0.8670442 -0.07767025 -0.3654093 0.9276009 -0.06526466 -0.3701337 0.9266831 -0.1355975 -0.2010316 0.9701545 -0.1419474 -0.1953756 0.9704016 -0.08875259 -0.05545849 0.9945085 -0.09046986 -0.0522323 0.9945285 -0.03024242 -0.0174603 0.9993901 0.7465796 -0.1861431 0.6387249 0.733303 -0.2102714 0.64657 0.5296645 -0.4138188 0.7404117 0.510452 -0.4283204 0.7456409 0.2441973 -0.5006777 0.8304754 0.263645 -0.4958448 0.8274233 0.01525019 -0.43671 0.8994731 0.03069218 -0.4389187 0.8980024 -0.1154958 -0.2858611 0.9512855 -0.1059908 -0.2912075 0.9507703 -0.1208419 -0.1251351 0.984753 -0.1247624 -0.1204817 0.9848444 0.6438208 -0.3140124 0.6977758 0.6601165 -0.2939028 0.6912795 0.3941438 -0.469723 0.7899436 0.4137848 -0.4595543 0.7858703 0.1551295 -0.4774395 0.8648621 0.1373314 -0.4789306 0.8670442 -0.03928664 -0.3737847 0.9266831 -0.05199138 -0.3699372 0.9276009 -0.1279739 -0.2048007 0.9704016 -0.1212437 -0.2100009 0.9701544 -0.08660539 -0.05841663 0.9945285 -0.08466771 -0.06151447 0.9945086 -0.02895061 -0.01952762 0.9993901 0.7461846 -0.1586065 0.6465699 0.7577457 -0.1336113 0.6387249 0.5390874 -0.3916689 0.7456408 0.5572404 -0.3758634 0.740412 0.2785276 -0.4824236 0.8304756 0.297591 -0.4762458 0.8274235 0.04567673 -0.4345824 0.8994731 0.06123497 -0.4357085 0.8980024 -0.09527289 -0.2932217 0.9512855 -0.08541892 -0.2978915 0.9507703 -0.1160552 -0.1288903 0.9848444 -0.1118183 -0.1332602 0.9847529 0.6790101 -0.2471395 0.6912795 0.6641569 -0.2683368 0.6977758 0.4448335 -0.4295708 0.7858703 0.4259505 -0.4410844 0.7899435 0.170405 -0.4681843 0.8670442 0.1880557 -0.4654553 0.8648621 -0.02605922 -0.3726628 0.9276008 -0.0131167 -0.3756147 0.9266831 -0.1133768 -0.2132287 0.9704016 -0.1062998 -0.2179469 0.9701543 -0.02751815 -0.02149924 0.9993901 -0.0823202 -0.0643147 0.9945286 -0.08017004 -0.06727146 0.9945086 0.759145 -0.0423896 0.6495398 0.76522 -0.08042751 0.6387251 0.7554306 -0.1061684 0.6465701 0.565095 -0.3531107 0.745641 0.5821019 -0.3360766 0.7404118 0.3300881 -0.4543266 0.8274232 0.3115006 -0.4618198 0.8304757 0.09147926 -0.4303757 0.8980024 0.07588017 -0.4303375 0.8994731 -0.06443121 -0.3031245 0.9507703 -0.07458781 -0.2991531 0.9512855 -0.1022497 -0.140736 0.984753 -0.1067799 -0.1366733 0.9848444 0.6812571 -0.2213543 0.6977757 0.6945958 -0.1991723 0.6912794 0.4737149 -0.3974944 0.7858704 0.4556813 -0.4102971 0.7899436 0.2200669 -0.4512032 0.864862 0.2026485 -0.455157 0.8670442 0.0131167 -0.3756147 0.9266831 0 -0.3735728 0.9276009 -0.09083788 -0.2248309 0.9701545 -0.09822515 -0.2206187 0.9704016 -0.02595117 -0.02336669 0.9993901 -0.07528251 -0.07269953 0.9945086 -0.07763267 -0.06990124 0.9945285 0.7330423 -0.00512547 0.6801637 0.7119225 -0.04978286 0.7004913 0.8145909 -0.05696219 0.5772322 0.5883504 -0.3128315 0.7456409 0.6041276 -0.2946528 0.7404119 0.3609756 -0.4301945 0.8274232 0.3429575 -0.4389654 0.8304754 0.1057138 -0.4239963 0.899473 0.1212781 -0.4229462 0.8980023 -0.0431293 -0.3068806 0.9507703 -0.05353776 -0.3036275 0.9512855 -0.09218424 -0.1475253 0.9847529 -0.09698731 -0.1437882 0.9848444 0.6950387 -0.1732923 0.6977758 0.7067971 -0.1502344 0.6912796 0.5002897 -0.3634809 0.7858701 0.4831917 -0.3775114 0.7899436 0.251005 -0.4347531 0.864862 0.2339056 -0.4399122 0.8670441 0.02605922 -0.3726628 0.9276009 0.03928664 -0.3737847 0.9266831 -0.08259771 -0.2269325 0.9704015 -0.07493256 -0.2306201 0.9701543 -0.07256746 -0.07514635 0.9945286 -0.07002848 -0.07777324 0.9945086 -0.02425797 -0.02512005 0.9993901 0.6087391 -0.2710285 0.7456408 0.62321 -0.2517932 0.7404117 0.3727426 -0.4139725 0.8304756 0.3901055 -0.4039658 0.8274233 0.1350331 -0.4155893 0.8994729 0.1504856 -0.4134561 0.8980023 -0.03222746 -0.3066224 0.9512854 -0.02161736 -0.3091416 0.9507703 -0.08166919 -0.1535959 0.984753 -0.08671898 -0.1502045 0.9848443 0.7155554 -0.1005643 0.6912795 0.709102 -0.05164489 0.703212 0.7054337 -0.1243869 0.6977759 0.5083494 -0.3428854 0.7899433 0.5244256 -0.3276977 0.7858702 0.2640223 -0.4225244 0.867044 0.2807199 -0.4161853 0.8648619 0.06526466 -0.3701337 0.9266831 0.05199138 -0.3699372 0.9276009 -0.0586636 -0.2352852 0.9701543 -0.0665653 -0.232142 0.9704015 -0.06443166 -0.08246946 0.9945086 -0.0671489 -0.08002505 0.9945286 -0.02244668 -0.02675094 0.9993901 0.6392559 -0.2077072 0.7404118 0.6261624 -0.2279045 0.7456408 0.4007118 -0.3869629 0.8304756 0.4173345 -0.3757695 0.8274233 0.1789599 -0.4019514 0.8980024 0.1636946 -0.4051571 0.8994731 0 -0.3098965 0.9507703 -0.01075995 -0.3081236 0.9512854 -0.07075491 -0.1589192 0.984753 -0.07603118 -0.155887 0.9848444 0.6981208 -0.0182217 0.7157481 0.7618039 -0.08006958 0.6428402 0.5460072 -0.2903172 0.7858703 0.5310292 -0.3065897 0.7899435 0.3090679 -0.3955888 0.8648621 0.2928533 -0.4030772 0.8670442 0.09092443 -0.3646795 0.9266831 0.07767025 -0.3654093 0.9276008 -0.04210764 -0.2388041 0.9701544 -0.05020984 -0.2362197 0.9704016 -0.02052601 -0.02825153 0.9993901 -0.05852269 -0.08676264 0.9945086 -0.06140331 -0.08451409 0.9945286 0.6405348 -0.1836702 0.7456409 0.6521876 -0.1626084 0.7404119 0.4267289 -0.3580682 0.8304755 0.4425298 -0.3457427 0.8274233 0.1915572 -0.3927518 0.8994731 0.2065632 -0.3884886 0.8980024 0.02161736 -0.3091416 0.9507703 0.01075995 -0.3081236 0.9512854 -0.06497219 -0.1608109 0.9848444 -0.05949797 -0.1634673 0.984753 0.5511221 -0.2688004 0.7899435 0.5649285 -0.2515226 0.7858703 0.3202569 -0.3816671 0.8670443 0.3359099 -0.3730656 0.8648622 0.1029705 -0.3591011 0.9276009 0.116142 -0.3574485 0.9266832 -0.03360955 -0.2391467 0.9704016 -0.02534701 -0.2411596 0.9701544 -0.01850529 -0.02961453 0.9993901 -0.0553583 -0.08859143 0.9945285 -0.05232676 -0.09063427 0.9945086 0.6517867 -0.1385414 0.7456409 0.6619419 -0.1167181 0.7404119 0.4655701 -0.3140305 0.8274233 0.4506668 -0.3274287 0.8304757 0.2331593 -0.3731332 0.8980024 0.2184884 -0.3784324 0.8994731 0.0431293 -0.3068806 0.9507703 0.03222746 -0.3066224 0.9512854 -0.04794926 -0.1672197 0.984753 -0.05359602 -0.1649514 0.9848444 0.5810978 -0.2115023 0.7858703 0.5685301 -0.2297012 0.7899435 0.3461003 -0.3583977 0.8670443 0.3611155 -0.3487252 0.8648621 0.140794 -0.348476 0.926683 0.1277693 -0.3510436 0.9276009 -0.008462755 -0.2423403 0.9701544 -0.01684603 -0.2409085 0.9704016 -0.01639463 -0.03083312 0.9993901 -0.04904438 -0.092237 0.9945285 -0.04587777 -0.09406333 0.9945086 0.6630374 -0.0365245 0.7476948 0.6684713 -0.07025982 0.7404118 0.6598632 -0.0927382 0.7456408 0.4863416 -0.2807893 0.8274233 0.4724096 -0.295194 0.8304756 0.2586204 -0.3559597 0.8980023 0.2443537 -0.3622699 0.8994731 0.05353776 -0.3036275 0.9512855 0.06443121 -0.3031245 0.9507703 -0.03616791 -0.1701572 0.984753 -0.04195912 -0.1682883 0.9848444 0.594436 -0.1704516 0.7858703 0.5831685 -0.1894828 0.7899436 0.3845616 -0.3226856 0.8648621 0.3702579 -0.3333819 0.8670442 0.1519457 -0.3412759 0.9276008 0.1647585 -0.3378063 0.9266831 0.008462755 -0.2423403 0.9701544 0 -0.2414968 0.9704016 -0.0424899 -0.09543392 0.9945285 -0.01420358 -0.03190177 0.9993901 -0.0392047 -0.09703439 0.9945086 0.6616418 -0.01154851 0.7497311 0.6234528 -0.01088194 0.7817853 0.6727784 -0.0470452 0.7383468 0.6115665 -0.04276486 0.7900364 0.4918504 -0.2615216 0.8304755 0.5047436 -0.2461801 0.8274233 0.2690296 -0.344342 0.899473 0.2828207 -0.3370524 0.8980024 0.08541892 -0.2978915 0.9507703 0.07458781 -0.2991531 0.9512855 -0.03011786 -0.1708053 0.9848444 -0.02421018 -0.1722657 0.984753 0.5949656 -0.1483411 0.7899436 0.6048779 -0.1285706 0.7858703 0.4061342 -0.2950738 0.8648621 0.3926118 -0.3067415 0.8670442 0.1753823 -0.3298448 0.9276009 0.1879219 -0.3254899 0.9266832 0.01684603 -0.2409085 0.9704016 0.02534701 -0.2411596 0.9701544 -0.01194367 -0.03281483 0.9993901 -0.03572939 -0.09816532 0.9945285 -0.0323402 -0.09953286 0.9945086 0.5088951 -0.2265747 0.8304756 0.5206866 -0.2103712 0.8274234 0.2923945 -0.3247364 0.899473 0.305643 -0.3165028 0.8980024 0.09527289 -0.2932217 0.9512855 0.1059908 -0.2912075 0.9507703 -0.01812872 -0.1724902 0.9848444 -0.01213482 -0.1735348 0.984753 0.6123733 -0.08606388 0.7858702 0.603864 -0.1064781 0.7899435 0.4257284 -0.2660244 0.864862 0.4130522 -0.2786076 0.8670442 0.2101687 -0.3115886 0.9266831 0.1979632 -0.3168078 0.9276009 0.03360955 -0.2391467 0.9704016 0.04210764 -0.2388041 0.9701544 -0.02531841 -0.1015463 0.9945086 -0.02879358 -0.1004188 0.9945286 -0.009625162 -0.03356816 0.9993901 0.5234604 -0.1905236 0.8304757 0.5340929 -0.1735372 0.8274235 0.3269767 -0.2944113 0.8980023 0.3143341 -0.3035496 0.899473 0.1154958 -0.2858611 0.9512855 0.1260461 -0.2831044 0.9507703 -0.006053932 -0.1733346 0.9848444 0 -0.1739587 0.984753 0.5836937 -0.01310693 0.8118681 0.5321118 -0.05592659 0.844825 0.6191661 -0.03615842 0.784427 0.6098204 -0.06409401 0.7899436 0.4432482 -0.2356794 0.864862 0.431481 -0.2491157 0.8670441 0.2313925 -0.2961687 0.9266831 0.2195803 -0.3022267 0.9276009 0.0586636 -0.2352852 0.9701543 0.05020984 -0.2362197 0.9704016 -0.02171964 -0.1021825 0.9945285 -0.01817332 -0.103065 0.9945086 -0.007260481 -0.03415774 0.9993901 0.5354754 -0.1535459 0.8304757 0.5448978 -0.1358578 0.8274232 0.3347433 -0.2808828 0.899473 0.3467176 -0.2708851 0.8980023 0.145488 -0.2736221 0.9507703 0.1351547 -0.2771083 0.9512855 0.01213482 -0.1735348 0.984753 0.006053932 -0.1733346 0.9848444 0.4586086 -0.2041856 0.864862 0.4478073 -0.2184102 0.8670441 0.240128 -0.2861732 0.9276009 0.2514887 -0.279306 0.9266831 0.07493256 -0.2306201 0.9701543 0.0665653 -0.232142 0.9704015 -0.004859867 -0.03458103 0.9993901 -0.01453823 -0.1034487 0.9945285 -0.01093902 -0.1040817 0.9945086 0.5448823 -0.1158184 0.8304753 0.5530472 -0.09751771 0.8274232 0.3535215 -0.2568479 0.899473 0.3647685 -0.2460398 0.8980024 0.1541554 -0.2670057 0.9512855 0.16422 -0.2628073 0.9507703 0.01812872 -0.1724902 0.9848444 0.02421018 -0.1722657 0.984753 0.461952 -0.1866411 0.8670442 0.4717351 -0.1716972 0.8648619 0.2595055 -0.2687258 0.9276009 0.2703589 -0.2610832 0.9266831 0.08259771 -0.2269325 0.9704015 0.09083788 -0.2248309 0.9701545 -0.002436572 -0.03483573 0.9993901 -0.007288985 -0.1042108 0.9945285 -0.003652975 -0.1045913 0.9945086 0.5516338 -0.07752636 0.8304756 0.5635126 -0.04453781 0.824906 0.381043 -0.2199953 0.8980024 0.3705767 -0.2315623 0.8994731 0.1821525 -0.2507116 0.9507703 0.1724056 -0.2556018 0.9512855 0.03616791 -0.1701572 0.984753 0.03011786 -0.1708053 0.9848444 0.4825624 -0.1383733 0.864862 0.4738465 -0.1539617 0.867044 0.2879128 -0.2415874 0.9266832 0.2776187 -0.2499686 0.9276009 0.09822515 -0.2206187 0.9704016 0.1062998 -0.2179469 0.9701543 0 -0.03492082 0.9993901 0.003652975 -0.1045913 0.9945086 0 -0.1044654 0.9945285 0.5425458 0.001283711 0.8400252 0.5576196 -0.03899264 0.8291803 0.4846817 -0.03389231 0.8740337 0.3954608 -0.1928791 0.8980024 0.3858272 -0.2051475 0.8994731 0.1898156 -0.2429525 0.9512855 0.1991977 -0.2373943 0.9507703 0.04195912 -0.1682883 0.9848444 0.04794926 -0.1672197 0.984753 0.4834316 -0.1205331 0.8670443 0.4910393 -0.1043738 0.8648621 0.304064 -0.220915 0.9266831 0.2943791 -0.2299944 0.927601 0.1212437 -0.2100009 0.9701544 0.1133768 -0.2132287 0.9704016 0.01093902 -0.1040817 0.9945086 0.007288985 -0.1042108 0.9945285 0.002436572 -0.03483573 0.9993901 0.4079518 -0.1648236 0.8980025 0.3991975 -0.1777342 0.8994731 0.2152723 -0.2229209 0.9507703 0.2063003 -0.2291203 0.9512855 0.05949797 -0.1634673 0.984753 0.05359602 -0.1649514 0.9848444 0.4971242 -0.06986558 0.864862 0.4906619 -0.08651701 0.8670442 0.3097059 -0.208899 0.9276009 0.3187332 -0.1991668 0.9266831 0.1279739 -0.2048007 0.9704016 0.1355975 -0.2010316 0.9701545 0.004859867 -0.03458103 0.9993901 0.01817332 -0.103065 0.9945086 0.01453823 -0.1034487 0.9945285 0.4106231 -0.1494548 0.8994731 0.4184559 -0.1359643 0.8980024 0.2302981 -0.207361 0.9507704 0.2217812 -0.2141704 0.9512855 0.06497219 -0.1608109 0.9848444 0.07075491 -0.1589192 0.984753 0.4291128 -0.045101 0.9021242 0.4998234 -0.02656174 0.8657199 0.4561888 -0.009856976 0.8898285 0.4955021 -0.0520787 0.8670441 0.5019358 -0.03123642 0.8643407 0.3235232 -0.1867869 0.9276009 0.3318505 -0.1764476 0.9266831 0.1419474 -0.1953756 0.9704016 0.1492908 -0.1910831 0.9701543 0.02171964 -0.1021825 0.9945285 0.00726048 -0.03415774 0.9993901 0.02531841 -0.1015463 0.9945086 0.4200485 -0.1204469 0.8994731 0.4269209 -0.1064435 0.8980024 0.2442017 -0.1907915 0.9507703 0.2361799 -0.1981791 0.9512855 0.08166919 -0.1535959 0.984753 0.07603118 -0.155887 0.9848444 0.3357652 -0.1637633 0.9276008 0.3433503 -0.1528694 0.9266831 0.162256 -0.180204 0.9701544 0.1552311 -0.1849976 0.9704016 0.009625162 -0.03356816 0.9993901 0.02879358 -0.1004188 0.9945286 0.0323402 -0.09953286 0.9945086 0.4333061 -0.0764036 0.8980024 0.4274271 -0.0908529 0.8994731 0.256916 -0.1732918 0.9507703 0.2494292 -0.181221 0.9512855 0.09218424 -0.1475253 0.9847529 0.08671898 -0.1502045 0.9848443 0.3463707 -0.1399431 0.9276009 0.3531775 -0.1285463 0.9266831 0.1677581 -0.173718 0.9704016 0.1744318 -0.1684459 0.9701543 0.0392047 -0.09703439 0.9945086 0.01194367 -0.03281483 0.9993901 0.03572939 -0.09816532 0.9945285 0.4399646 -0.03858703 0.8971857 0.4327236 -0.0608153 0.8994731 0.2614629 -0.1633803 0.9512854 0.268378 -0.1549487 0.9507703 0.1022497 -0.140736 0.984753 0.09698731 -0.1437882 0.9848444 0.361284 -0.1035965 0.9266831 0.3552889 -0.11544 0.9276009 0.1857563 -0.1558686 0.9701543 0.1794676 -0.1615925 0.9704016 0.04587777 -0.09406333 0.9945086 0.0424899 -0.09543392 0.9945285 0.01420358 -0.03190177 0.9993901 0.4112473 0.01383983 0.9114188 0.4298525 -0.03005823 0.9023986 0.3842549 -0.02686973 0.9228359 0.2785333 -0.1358494 0.9507703 0.2722227 -0.1447435 0.9512855 0.1067799 -0.1366733 0.9848444 0.1118183 -0.1332602 0.9847529 0.362476 -0.09037554 0.9276009 0.3676304 -0.07814264 0.9266831 0.1903018 -0.1486807 0.9704016 0.1961769 -0.1425309 0.9701544 0.01639463 -0.03083312 0.9993901 0.05232676 -0.09063427 0.9945086 0.04904438 -0.092237 0.9945285 0.2816566 -0.1254014 0.9512854 0.2873309 -0.1160895 0.9507703 0.1160552 -0.1288903 0.9848444 0.1208419 -0.1251351 0.984753 0.3678972 -0.06487044 0.9276009 0.3721858 -0.05230729 0.9266831 0.20021 -0.1350433 0.9704016 0.2056415 -0.1284991 0.9701543 0.0553583 -0.08859143 0.9945285 0.05852269 -0.08676264 0.9945086 0.01850529 -0.02961453 0.9993901 0.2897179 -0.1054486 0.9512855 0.2947292 -0.09576296 0.9507703 0.1292767 -0.1164007 0.984753 0.1247624 -0.1204817 0.9848444 0.3653117 -0.01275718 0.9307978 0.3184663 -0.01112127 0.9478689 0.3715263 -0.03904869 0.927601 0.3734717 -0.03174161 0.9270984 0.2141041 -0.1138413 0.9701543 0.2091424 -0.1207484 0.9704016 0.02052601 -0.02825153 0.9993901 0.06140331 -0.08451409 0.9945286 0.06443166 -0.08246946 0.9945086 0.2963679 -0.08498251 0.9512855 0.3006913 -0.07497089 0.9507703 0.1370811 -0.1071 0.984753 0.1328624 -0.1114861 0.9848444 0.2170559 -0.1058652 0.9704016 0.2215239 -0.09862868 0.9701544 0.07002848 -0.07777324 0.9945086 0.02244668 -0.02675095 0.9993901 0.0671489 -0.08002505 0.9945286 0.3015742 -0.06410093 0.9512855 0.3051884 -0.05381315 0.9507704 0.1442183 -0.09727644 0.984753 0.1403164 -0.1019454 0.9848444 0.2239119 -0.09046651 0.9704016 0.2278643 -0.08293569 0.9701544 0.07256746 -0.07514636 0.9945286 0.07528251 -0.07269953 0.9945086 0.02425797 -0.02512005 0.9993901 0.3082308 -0.03295285 0.9507406 0.3081989 -0.0323928 0.9507703 0.3053108 -0.04290895 0.9512855 0.1506525 -0.08697931 0.984753 0.1470859 -0.09190899 0.9848444 0.2296773 -0.07462648 0.9704016 0.2330943 -0.06683904 0.9701543 0.02595117 -0.02336669 0.9993901 0.08017004 -0.06727146 0.9945086 0.07763267 -0.06990124 0.9945285 0.2922322 -0.0204349 0.956129 0.2707476 0.02628278 0.9622915 0.2569972 -0.01797102 0.9662451 0.156353 -0.07625835 0.984753 0.1531387 -0.08142527 0.9848444 0.2371892 -0.0504156 0.9701544 0.2343233 -0.05842348 0.9704016 0.08466771 -0.06151447 0.9945086 0.02751815 -0.02149924 0.9993901 0.0823202 -0.0643147 0.9945286 0.1612916 -0.06516619 0.984753 0.1584455 -0.07054467 0.9848444 0.2401282 -0.03374808 0.9701544 0.2401196 -0.03505237 0.9701102 0.2378281 -0.04193541 0.9704016 0.02895061 -0.01952762 0.9993901 0.08875259 -0.05545849 0.9945085 0.0866054 -0.05841663 0.9945285 0.1654445 -0.05375604 0.984753 0.1629805 -0.05932031 0.9848444 0.2225171 0.00594446 0.9749106 0.1735864 -0.02662693 0.9844586 0.2330996 -0.02449968 0.9721442 0.09046986 -0.0522323 0.9945285 0.03024242 -0.0174603 0.9993901 0.09240485 -0.04913255 0.9945086 0.1667215 -0.04780679 0.9848443 0.1687913 -0.04208444 0.984753 0.09560709 -0.04256713 0.9945086 0.03138658 -0.01530844 0.9993901 0.09389261 -0.04579504 0.9945285 0.1696502 -0.03606017 0.9848444 0.1713158 -0.03020753 0.984753 0.09834348 -0.03579424 0.9945086 0.09685864 -0.03913324 0.9945285 0.03237807 -0.01308153 0.9993901 0.1729676 -0.02914489 0.9844962 0.1730056 -0.01818347 0.984753 0.1717524 -0.02413794 0.9848444 0.03321169 -0.01079115 0.9993901 0.1006008 -0.02884693 0.9945086 0.0993524 -0.03228161 0.9945286 0.1478364 -0.01033782 0.9889578 0.1242497 0.03875042 0.991494 0.1186375 -0.008296017 0.992903 0.102368 -0.02175891 0.9945086 0.1013623 -0.02527231 0.9945285 0.03388356 -0.008448074 0.9993901 0.1028783 -0.01814017 0.9945285 0.02486417 -0.07324758 0.9970038 0.1005723 -0.05666602 0.9933148 0.1036365 -0.014565 0.9945086 0.03439032 -0.006063929 0.9993901 0.07460153 0.05861347 0.9954894 0.08564257 -0.009001381 0.9962853 0.05879735 -0.00617984 0.9982508</float_array>
          <technique_common>
            <accessor count="8000" source="#cubenormals-array0-array" stride="3">
              <param type="float" name="X"/>
              <param type="float" name="Y"/>
              <param type="float" name="Z"/>
            </accessor>
          </technique_common>
        </source>
        <vertices id="cubeverts-array0-vertices">
          <input semantic="POSITION" source="#cubeverts-array0"/>
        </vertices>
        <triangles count="8000" material="ref_Solid117">
          <input offset="0" semantic="VERTEX" source="#cubeverts-array0-vertices"/>
          <input offset="1" semantic="NORMAL" source="#cubenormals-array0"/>
          <p>0 0 1 0 2 0 3 1 2 1 4 1 3 2 0 2 2 2 3 3 1 3 0 3 5 4 3 4 4 4 6 5 5 5 4 5 7 6 8 6 1 6 7 7 9 7 8 7 10 8 6 8 4 8 11 9 3 9 5 9 11 10 7 10 1 10 11 11 1 11 3 11 12 12 10 12 4 12 13 13 11 13 5 13 13 14 5 14 6 14 14 15 12 15 4 15 15 16 16 16 9 16 17 17 6 17 10 17 17 18 13 18 6 18 18 19 14 19 4 19 19 20 7 20 11 20 19 21 16 21 15 21 19 22 15 22 9 22 19 23 9 23 7 23 20 24 17 24 10 24 20 25 10 25 12 25 21 26 18 26 4 26 22 27 11 27 13 27 22 28 19 28 11 28 23 29 20 29 12 29 23 30 12 30 14 30 24 31 21 31 4 31 25 32 13 32 17 32 25 33 22 33 13 33 26 34 23 34 14 34 26 35 14 35 18 35 27 36 28 36 16 36 29 37 24 37 4 37 30 38 25 38 17 38 30 39 17 39 20 39 31 40 26 40 18 40 31 41 18 41 21 41 32 42 27 42 16 42 32 43 19 43 22 43 32 44 16 44 19 44 33 45 29 45 4 45 34 46 30 46 20 46 34 47 20 47 23 47 35 48 31 48 21 48 35 49 21 49 24 49 36 50 32 50 22 50 36 51 22 51 25 51 37 52 33 52 4 52 38 53 34 53 23 53 38 54 23 54 26 54 39 55 40 55 28 55 39 56 41 56 40 56 42 57 24 57 29 57 42 58 35 58 24 58 43 59 36 59 25 59 43 60 25 60 30 60 44 61 37 61 4 61 45 62 38 62 26 62 45 63 26 63 31 63 46 64 39 64 28 64 46 65 41 65 39 65 46 66 28 66 27 66 46 67 27 67 32 67 47 68 29 68 33 68 47 69 42 69 29 69 48 70 43 70 30 70 48 71 30 71 34 71 49 72 44 72 4 72 50 73 31 73 35 73 50 74 45 74 31 74 51 75 32 75 36 75 51 76 46 76 32 76 52 77 47 77 33 77 52 78 33 78 37 78 53 79 34 79 38 79 53 80 48 80 34 80 54 81 49 81 4 81 55 82 35 82 42 82 55 83 50 83 35 83 56 84 36 84 43 84 56 85 51 85 36 85 57 86 37 86 44 86 57 87 52 87 37 87 58 88 53 88 38 88 58 89 38 89 45 89 59 90 60 90 41 90 59 91 41 91 46 91 61 92 54 92 4 92 62 93 42 93 47 93 62 94 55 94 42 94 63 95 43 95 48 95 63 96 56 96 43 96 64 97 44 97 49 97 64 98 57 98 44 98 65 99 45 99 50 99 65 100 58 100 45 100 66 101 59 101 46 101 66 102 46 102 51 102 66 103 60 103 59 103 67 104 61 104 4 104 68 105 62 105 47 105 68 106 47 106 52 106 69 107 63 107 48 107 69 108 48 108 53 108 70 109 64 109 49 109 70 110 49 110 54 110 71 111 65 111 50 111 71 112 50 112 55 112 72 113 66 113 51 113 72 114 51 114 56 114 73 115 67 115 4 115 74 116 68 116 52 116 74 117 52 117 57 117 75 118 69 118 53 118 75 119 53 119 58 119 76 120 77 120 60 120 78 121 70 121 54 121 78 122 54 122 61 122 79 123 55 123 62 123 79 124 71 124 55 124 80 125 72 125 56 125 80 126 56 126 63 126 81 127 73 127 4 127 82 128 57 128 64 128 82 129 74 129 57 129 83 130 58 130 65 130 83 131 75 131 58 131 84 132 60 132 66 132 84 133 77 133 76 133 84 134 76 134 60 134 85 135 78 135 61 135 85 136 61 136 67 136 86 137 62 137 68 137 86 138 79 138 62 138 87 139 63 139 69 139 87 140 80 140 63 140 88 141 81 141 4 141 89 142 64 142 70 142 89 143 82 143 64 143 90 144 65 144 71 144 90 145 83 145 65 145 91 146 66 146 72 146 91 147 84 147 66 147 92 148 85 148 67 148 92 149 67 149 73 149 93 150 86 150 68 150 93 151 68 151 74 151 94 152 69 152 75 152 94 153 87 153 69 153 95 154 88 154 4 154 96 155 70 155 78 155 96 156 89 156 70 156 97 157 90 157 71 157 97 158 71 158 79 158 98 159 72 159 80 159 98 160 91 160 72 160 99 161 73 161 81 161 99 162 92 162 73 162 100 163 93 163 74 163 100 164 74 164 82 164 101 165 75 165 83 165 101 166 94 166 75 166 102 167 103 167 77 167 102 168 104 168 103 168 102 169 77 169 84 169 105 170 95 170 4 170 106 171 78 171 85 171 106 172 96 172 78 172 107 173 97 173 79 173 107 174 79 174 86 174 108 175 98 175 80 175 108 176 80 176 87 176 109 177 99 177 81 177 109 178 81 178 88 178 110 179 82 179 89 179 110 180 100 180 82 180 111 181 83 181 90 181 111 182 101 182 83 182 112 183 104 183 102 183 112 184 102 184 84 184 112 185 84 185 91 185 113 186 105 186 4 186 114 187 106 187 85 187 114 188 85 188 92 188 115 189 107 189 86 189 115 190 86 190 93 190 116 191 87 191 94 191 116 192 108 192 87 192 117 193 88 193 95 193 117 194 109 194 88 194 118 195 89 195 96 195 118 196 110 196 89 196 119 197 111 197 90 197 119 198 90 198 97 198 120 199 91 199 98 199 120 200 112 200 91 200 121 201 113 201 4 201 122 202 92 202 99 202 122 203 114 203 92 203 123 204 93 204 100 204 123 205 115 205 93 205 124 206 94 206 101 206 124 207 116 207 94 207 125 208 126 208 104 208 127 209 117 209 95 209 127 210 95 210 105 210 128 211 96 211 106 211 128 212 118 212 96 212 129 213 119 213 97 213 129 214 97 214 107 214 130 215 120 215 98 215 130 216 98 216 108 216 131 217 121 217 4 217 132 218 99 218 109 218 132 219 122 219 99 219 133 220 123 220 100 220 133 221 100 221 110 221 134 222 101 222 111 222 134 223 124 223 101 223 135 224 104 224 112 224 135 225 126 225 125 225 135 226 125 226 104 226 136 227 105 227 113 227 136 228 127 228 105 228 137 229 128 229 106 229 137 230 106 230 114 230 138 231 129 231 107 231 138 232 107 232 115 232 139 233 108 233 116 233 139 234 130 234 108 234 140 235 131 235 4 235 141 236 132 236 109 236 141 237 109 237 117 237 142 238 133 238 110 238 142 239 110 239 118 239 143 240 111 240 119 240 143 241 134 241 111 241 144 242 112 242 120 242 144 243 135 243 112 243 145 244 136 244 113 244 145 245 113 245 121 245 146 246 114 246 122 246 146 247 137 247 114 247 147 248 138 248 115 248 147 249 115 249 123 249 148 250 139 250 116 250 148 251 116 251 124 251 149 252 140 252 4 252 150 253 141 253 117 253 150 254 117 254 127 254 151 255 142 255 118 255 151 256 118 256 128 256 152 257 143 257 119 257 152 258 119 258 129 258 153 259 144 259 120 259 153 260 120 260 130 260 154 261 145 261 121 261 154 262 121 262 131 262 155 263 146 263 122 263 155 264 122 264 132 264 156 265 147 265 123 265 156 266 123 266 133 266 157 267 124 267 134 267 157 268 148 268 124 268 158 269 159 269 126 269 158 270 160 270 159 270 158 271 126 271 135 271 161 272 149 272 4 272 162 273 127 273 136 273 162 274 150 274 127 274 163 275 151 275 128 275 163 276 128 276 137 276 164 277 152 277 129 277 164 278 129 278 138 278 165 279 153 279 130 279 165 280 130 280 139 280 166 281 154 281 131 281 166 282 131 282 140 282 167 283 155 283 132 283 167 284 132 284 141 284 168 285 133 285 142 285 168 286 156 286 133 286 169 287 134 287 143 287 169 288 157 288 134 288 170 289 135 289 144 289 170 290 158 290 135 290 171 291 161 291 4 291 172 292 162 292 136 292 172 293 136 293 145 293 173 294 137 294 146 294 173 295 163 295 137 295 174 296 138 296 147 296 174 297 164 297 138 297 175 298 165 298 139 298 175 299 139 299 148 299 176 300 140 300 149 300 176 301 166 301 140 301 177 302 141 302 150 302 177 303 167 303 141 303 178 304 168 304 142 304 178 305 142 305 151 305 179 306 169 306 143 306 179 307 143 307 152 307 180 308 170 308 144 308 180 309 144 309 153 309 181 310 171 310 4 310 182 311 145 311 154 311 182 312 172 312 145 312 183 313 173 313 146 313 183 314 146 314 155 314 184 315 174 315 147 315 184 316 147 316 156 316 185 317 175 317 148 317 185 318 148 318 157 318 186 319 187 319 160 319 188 320 176 320 149 320 188 321 149 321 161 321 189 322 150 322 162 322 189 323 177 323 150 323 190 324 178 324 151 324 190 325 151 325 163 325 191 326 179 326 152 326 191 327 152 327 164 327 192 328 180 328 153 328 192 329 153 329 165 329 193 330 181 330 4 330 194 331 182 331 154 331 194 332 154 332 166 332 195 333 183 333 155 333 195 334 155 334 167 334 196 335 156 335 168 335 196 336 184 336 156 336 197 337 157 337 169 337 197 338 185 338 157 338 198 339 158 339 170 339 198 340 160 340 158 340 198 341 187 341 186 341 198 342 186 342 160 342 199 343 188 343 161 343 199 344 161 344 171 344 200 345 189 345 162 345 200 346 162 346 172 346 201 347 190 347 163 347 201 348 163 348 173 348 202 349 191 349 164 349 202 350 164 350 174 350 203 351 165 351 175 351 203 352 192 352 165 352 204 353 193 353 4 353 205 354 194 354 166 354 205 355 166 355 176 355 206 356 195 356 167 356 206 357 167 357 177 357 207 358 168 358 178 358 207 359 196 359 168 359 208 360 169 360 179 360 208 361 197 361 169 361 209 362 198 362 170 362 209 363 170 363 180 363 210 364 199 364 171 364 210 365 171 365 181 365 211 366 172 366 182 366 211 367 200 367 172 367 212 368 201 368 173 368 212 369 173 369 183 369 213 370 202 370 174 370 213 371 174 371 184 371 214 372 203 372 175 372 214 373 175 373 185 373 215 374 204 374 4 374 216 375 205 375 176 375 216 376 176 376 188 376 217 377 206 377 177 377 217 378 177 378 189 378 218 379 178 379 190 379 218 380 207 380 178 380 219 381 179 381 191 381 219 382 208 382 179 382 220 383 209 383 180 383 220 384 180 384 192 384 221 385 210 385 181 385 221 386 181 386 193 386 222 387 182 387 194 387 222 388 211 388 182 388 223 389 212 389 183 389 223 390 183 390 195 390 224 391 184 391 196 391 224 392 213 392 184 392 225 393 185 393 197 393 225 394 214 394 185 394 226 395 227 395 187 395 226 396 228 396 227 396 229 397 215 397 4 397 230 398 216 398 188 398 230 399 188 399 199 399 231 400 189 400 200 400 231 401 217 401 189 401 232 402 218 402 190 402 232 403 190 403 201 403 233 404 219 404 191 404 233 405 191 405 202 405 234 406 192 406 203 406 234 407 220 407 192 407 235 408 193 408 204 408 235 409 221 409 193 409 236 410 194 410 205 410 236 411 222 411 194 411 237 412 223 412 195 412 237 413 195 413 206 413 238 414 224 414 196 414 238 415 196 415 207 415 239 416 197 416 208 416 239 417 225 417 197 417 240 418 187 418 198 418 240 419 226 419 187 419 240 420 198 420 209 420 241 421 229 421 4 421 242 422 230 422 199 422 242 423 199 423 210 423 243 424 200 424 211 424 243 425 231 425 200 425 244 426 201 426 212 426 244 427 232 427 201 427 245 428 233 428 202 428 245 429 202 429 213 429 246 430 203 430 214 430 246 431 234 431 203 431 247 432 204 432 215 432 247 433 235 433 204 433 248 434 236 434 205 434 248 435 205 435 216 435 249 436 237 436 206 436 249 437 206 437 217 437 250 438 238 438 207 438 250 439 207 439 218 439 251 440 208 440 219 440 251 441 239 441 208 441 252 442 209 442 220 442 252 443 240 443 209 443 253 444 241 444 4 444 254 445 210 445 221 445 254 446 242 446 210 446 255 447 211 447 222 447 255 448 243 448 211 448 256 449 244 449 212 449 256 450 212 450 223 450 257 451 245 451 213 451 257 452 213 452 224 452 258 453 214 453 225 453 258 454 246 454 214 454 259 455 260 455 228 455 261 456 247 456 215 456 261 457 215 457 229 457 262 458 248 458 216 458 262 459 216 459 230 459 263 460 217 460 231 460 263 461 249 461 217 461 264 462 250 462 218 462 264 463 218 463 232 463 265 464 251 464 219 464 265 465 219 465 233 465 266 466 252 466 220 466 266 467 220 467 234 467 267 468 253 468 4 468 268 469 254 469 221 469 268 470 221 470 235 470 269 471 255 471 222 471 269 472 222 472 236 472 270 473 256 473 223 473 270 474 223 474 237 474 271 475 257 475 224 475 271 476 224 476 238 476 272 477 258 477 225 477 272 478 225 478 239 478 273 479 228 479 226 479 273 480 226 480 240 480 273 481 260 481 259 481 273 482 259 482 228 482 274 483 229 483 241 483 274 484 261 484 229 484 275 485 262 485 230 485 275 486 230 486 242 486 276 487 231 487 243 487 276 488 263 488 231 488 277 489 232 489 244 489 277 490 264 490 232 490 278 491 233 491 245 491 278 492 265 492 233 492 279 493 234 493 246 493 279 494 266 494 234 494 280 495 267 495 4 495 281 496 235 496 247 496 281 497 268 497 235 497 282 498 236 498 248 498 282 499 269 499 236 499 283 500 270 500 237 500 283 501 237 501 249 501 284 502 238 502 250 502 284 503 271 503 238 503 285 504 272 504 239 504 285 505 239 505 251 505 286 506 273 506 240 506 286 507 240 507 252 507 287 508 241 508 253 508 287 509 274 509 241 509 288 510 242 510 254 510 288 511 275 511 242 511 289 512 276 512 243 512 289 513 243 513 255 513 290 514 244 514 256 514 290 515 277 515 244 515 291 516 245 516 257 516 291 517 278 517 245 517 292 518 279 518 246 518 292 519 246 519 258 519 293 520 280 520 4 520 294 521 247 521 261 521 294 522 281 522 247 522 295 523 282 523 248 523 295 524 248 524 262 524 296 525 249 525 263 525 296 526 283 526 249 526 297 527 284 527 250 527 297 528 250 528 264 528 298 529 285 529 251 529 298 530 251 530 265 530 299 531 286 531 252 531 299 532 252 532 266 532 300 533 253 533 267 533 300 534 287 534 253 534 301 535 288 535 254 535 301 536 254 536 268 536 302 537 255 537 269 537 302 538 289 538 255 538 303 539 256 539 270 539 303 540 290 540 256 540 304 541 257 541 271 541 304 542 291 542 257 542 305 543 258 543 272 543 305 544 292 544 258 544 306 545 307 545 260 545 308 546 293 546 4 546 309 547 294 547 261 547 309 548 261 548 274 548 310 549 295 549 262 549 310 550 262 550 275 550 311 551 296 551 263 551 311 552 263 552 276 552 312 553 297 553 264 553 312 554 264 554 277 554 313 555 265 555 278 555 313 556 298 556 265 556 314 557 266 557 279 557 314 558 299 558 266 558 315 559 300 559 267 559 315 560 267 560 280 560 316 561 301 561 268 561 316 562 268 562 281 562 317 563 269 563 282 563 317 564 302 564 269 564 318 565 270 565 283 565 318 566 303 566 270 566 319 567 304 567 271 567 319 568 271 568 284 568 320 569 305 569 272 569 320 570 272 570 285 570 321 571 260 571 273 571 321 572 306 572 260 572 321 573 273 573 286 573 322 574 308 574 4 574 323 575 274 575 287 575 323 576 309 576 274 576 324 577 310 577 275 577 324 578 275 578 288 578 325 579 276 579 289 579 325 580 311 580 276 580 326 581 277 581 290 581 326 582 312 582 277 582 327 583 313 583 278 583 327 584 278 584 291 584 328 585 314 585 279 585 328 586 279 586 292 586 329 587 315 587 280 587 329 588 280 588 293 588 330 589 281 589 294 589 330 590 316 590 281 590 331 591 317 591 282 591 331 592 282 592 295 592 332 593 318 593 283 593 332 594 283 594 296 594 333 595 319 595 284 595 333 596 284 596 297 596 334 597 285 597 298 597 334 598 320 598 285 598 335 599 321 599 286 599 335 600 286 600 299 600 336 601 322 601 4 601 337 602 287 602 300 602 337 603 323 603 287 603 338 604 288 604 301 604 338 605 324 605 288 605 339 606 325 606 289 606 339 607 289 607 302 607 340 608 326 608 290 608 340 609 290 609 303 609 341 610 327 610 291 610 341 611 291 611 304 611 342 612 328 612 292 612 342 613 292 613 305 613 343 614 344 614 307 614 343 615 345 615 344 615 346 616 293 616 308 616 346 617 329 617 293 617 347 618 294 618 309 618 347 619 330 619 294 619 348 620 295 620 310 620 348 621 331 621 295 621 349 622 332 622 296 622 349 623 296 623 311 623 350 624 333 624 297 624 350 625 297 625 312 625 351 626 334 626 298 626 351 627 298 627 313 627 352 628 299 628 314 628 352 629 335 629 299 629 353 630 336 630 4 630 354 631 300 631 315 631 354 632 337 632 300 632 355 633 301 633 316 633 355 634 338 634 301 634 356 635 339 635 302 635 356 636 302 636 317 636 357 637 303 637 318 637 357 638 340 638 303 638 358 639 304 639 319 639 358 640 341 640 304 640 359 641 342 641 305 641 359 642 305 642 320 642 360 643 307 643 306 643 360 644 306 644 321 644 360 645 345 645 343 645 360 646 343 646 307 646 361 647 308 647 322 647 361 648 346 648 308 648 362 649 309 649 323 649 362 650 347 650 309 650 363 651 348 651 310 651 363 652 310 652 324 652 364 653 311 653 325 653 364 654 349 654 311 654 365 655 350 655 312 655 365 656 312 656 326 656 366 657 351 657 313 657 366 658 313 658 327 658 367 659 352 659 314 659 367 660 314 660 328 660 368 661 353 661 4 661 369 662 354 662 315 662 369 663 315 663 329 663 370 664 355 664 316 664 370 665 316 665 330 665 371 666 356 666 317 666 371 667 317 667 331 667 372 668 357 668 318 668 372 669 318 669 332 669 373 670 358 670 319 670 373 671 319 671 333 671 374 672 359 672 320 672 374 673 320 673 334 673 375 674 360 674 321 674 375 675 321 675 335 675 376 676 361 676 322 676 376 677 322 677 336 677 377 678 323 678 337 678 377 679 362 679 323 679 378 680 363 680 324 680 378 681 324 681 338 681 379 682 364 682 325 682 379 683 325 683 339 683 380 684 365 684 326 684 380 685 326 685 340 685 381 686 366 686 327 686 381 687 327 687 341 687 382 688 367 688 328 688 382 689 328 689 342 689 383 690 368 690 4 690 384 691 369 691 329 691 384 692 329 692 346 692 385 693 370 693 330 693 385 694 330 694 347 694 386 695 371 695 331 695 386 696 331 696 348 696 387 697 372 697 332 697 387 698 332 698 349 698 388 699 373 699 333 699 388 700 333 700 350 700 389 701 334 701 351 701 389 702 374 702 334 702 390 703 335 703 352 703 390 704 375 704 335 704 391 705 336 705 353 705 391 706 376 706 336 706 392 707 337 707 354 707 392 708 377 708 337 708 393 709 338 709 355 709 393 710 378 710 338 710 394 711 339 711 356 711 394 712 379 712 339 712 395 713 340 713 357 713 395 714 380 714 340 714 396 715 381 715 341 715 396 716 341 716 358 716 397 717 342 717 359 717 397 718 382 718 342 718 398 719 399 719 345 719 398 720 345 720 360 720 400 721 383 721 4 721 401 722 384 722 346 722 401 723 346 723 361 723 402 724 385 724 347 724 402 725 347 725 362 725 403 726 386 726 348 726 403 727 348 727 363 727 404 728 387 728 349 728 404 729 349 729 364 729 405 730 350 730 365 730 405 731 388 731 350 731 406 732 351 732 366 732 406 733 389 733 351 733 407 734 390 734 352 734 407 735 352 735 367 735 408 736 391 736 353 736 408 737 353 737 368 737 409 738 392 738 354 738 409 739 354 739 369 739 410 740 393 740 355 740 410 741 355 741 370 741 411 742 394 742 356 742 411 743 356 743 371 743 412 744 357 744 372 744 412 745 395 745 357 745 413 746 396 746 358 746 413 747 358 747 373 747 414 748 359 748 374 748 414 749 397 749 359 749 415 750 398 750 360 750 415 751 360 751 375 751 415 752 399 752 398 752 416 753 400 753 4 753 417 754 401 754 361 754 417 755 361 755 376 755 418 756 402 756 362 756 418 757 362 757 377 757 419 758 363 758 378 758 419 759 403 759 363 759 420 760 404 760 364 760 420 761 364 761 379 761 421 762 405 762 365 762 421 763 365 763 380 763 422 764 406 764 366 764 422 765 366 765 381 765 423 766 367 766 382 766 423 767 407 767 367 767 424 768 368 768 383 768 424 769 408 769 368 769 425 770 369 770 384 770 425 771 409 771 369 771 426 772 410 772 370 772 426 773 370 773 385 773 427 774 371 774 386 774 427 775 411 775 371 775 428 776 372 776 387 776 428 777 412 777 372 777 429 778 373 778 388 778 429 779 413 779 373 779 430 780 414 780 374 780 430 781 374 781 389 781 431 782 415 782 375 782 431 783 375 783 390 783 432 784 416 784 4 784 433 785 376 785 391 785 433 786 417 786 376 786 434 787 377 787 392 787 434 788 418 788 377 788 435 789 378 789 393 789 435 790 419 790 378 790 436 791 420 791 379 791 436 792 379 792 394 792 437 793 380 793 395 793 437 794 421 794 380 794 438 795 422 795 381 795 438 796 381 796 396 796 439 797 423 797 382 797 439 798 382 798 397 798 440 799 441 799 399 799 442 800 383 800 400 800 442 801 424 801 383 801 443 802 384 802 401 802 443 803 425 803 384 803 444 804 426 804 385 804 444 805 385 805 402 805 445 806 427 806 386 806 445 807 386 807 403 807 446 808 428 808 387 808 446 809 387 809 404 809 447 810 429 810 388 810 447 811 388 811 405 811 448 812 389 812 406 812 448 813 430 813 389 813 449 814 390 814 407 814 449 815 431 815 390 815 450 816 432 816 4 816 451 817 391 817 408 817 451 818 433 818 391 818 452 819 434 819 392 819 452 820 392 820 409 820 453 821 393 821 410 821 453 822 435 822 393 822 454 823 436 823 394 823 454 824 394 824 411 824 455 825 395 825 412 825 455 826 437 826 395 826 456 827 396 827 413 827 456 828 438 828 396 828 457 829 397 829 414 829 457 830 439 830 397 830 458 831 441 831 440 831 458 832 399 832 415 832 458 833 440 833 399 833 459 834 442 834 400 834 459 835 400 835 416 835 460 836 443 836 401 836 460 837 401 837 417 837 461 838 444 838 402 838 461 839 402 839 418 839 462 840 403 840 419 840 462 841 445 841 403 841 463 842 404 842 420 842 463 843 446 843 404 843 464 844 447 844 405 844 464 845 405 845 421 845 465 846 448 846 406 846 465 847 406 847 422 847 466 848 407 848 423 848 466 849 449 849 407 849 467 850 450 850 4 850 468 851 408 851 424 851 468 852 451 852 408 852 469 853 452 853 409 853 469 854 409 854 425 854 470 855 410 855 426 855 470 856 453 856 410 856 471 857 454 857 411 857 471 858 411 858 427 858 472 859 412 859 428 859 472 860 455 860 412 860 473 861 456 861 413 861 473 862 413 862 429 862 474 863 414 863 430 863 474 864 457 864 414 864 475 865 458 865 415 865 475 866 415 866 431 866 476 867 459 867 416 867 476 868 416 868 432 868 477 869 460 869 417 869 477 870 417 870 433 870 478 871 461 871 418 871 478 872 418 872 434 872 479 873 462 873 419 873 479 874 419 874 435 874 480 875 420 875 436 875 480 876 463 876 420 876 481 877 464 877 421 877 481 878 421 878 437 878 482 879 422 879 438 879 482 880 465 880 422 880 483 881 423 881 439 881 483 882 466 882 423 882 484 883 467 883 4 883 485 884 468 884 424 884 485 885 424 885 442 885 486 886 469 886 425 886 486 887 425 887 443 887 487 888 470 888 426 888 487 889 426 889 444 889 488 890 471 890 427 890 488 891 427 891 445 891 489 892 428 892 446 892 489 893 472 893 428 893 490 894 429 894 447 894 490 895 473 895 429 895 491 896 430 896 448 896 491 897 474 897 430 897 492 898 475 898 431 898 492 899 431 899 449 899 493 900 432 900 450 900 493 901 476 901 432 901 494 902 433 902 451 902 494 903 477 903 433 903 495 904 478 904 434 904 495 905 434 905 452 905 496 906 435 906 453 906 496 907 479 907 435 907 497 908 480 908 436 908 497 909 436 909 454 909 498 910 437 910 455 910 498 911 481 911 437 911 499 912 438 912 456 912 499 913 482 913 438 913 500 914 483 914 439 914 500 915 439 915 457 915 501 916 502 916 441 916 501 917 503 917 502 917 501 918 441 918 458 918 504 919 484 919 4 919 505 920 485 920 442 920 505 921 442 921 459 921 506 922 486 922 443 922 506 923 443 923 460 923 507 924 487 924 444 924 507 925 444 925 461 925 508 926 488 926 445 926 508 927 445 927 462 927 509 928 489 928 446 928 509 929 446 929 463 929 510 930 490 930 447 930 510 931 447 931 464 931 511 932 448 932 465 932 511 933 491 933 448 933 512 934 449 934 466 934 512 935 492 935 449 935 513 936 493 936 450 936 513 937 450 937 467 937 514 938 451 938 468 938 514 939 494 939 451 939 515 940 452 940 469 940 515 941 495 941 452 941 516 942 496 942 453 942 516 943 453 943 470 943 517 944 497 944 454 944 517 945 454 945 471 945 518 946 498 946 455 946 518 947 455 947 472 947 519 948 499 948 456 948 519 949 456 949 473 949 520 950 500 950 457 950 520 951 457 951 474 951 521 952 503 952 501 952 521 953 501 953 458 953 521 954 458 954 475 954 522 955 504 955 4 955 523 956 459 956 476 956 523 957 505 957 459 957 524 958 506 958 460 958 524 959 460 959 477 959 525 960 507 960 461 960 525 961 461 961 478 961 526 962 508 962 462 962 526 963 462 963 479 963 527 964 509 964 463 964 527 965 463 965 480 965 528 966 510 966 464 966 528 967 464 967 481 967 529 968 465 968 482 968 529 969 511 969 465 969 530 970 512 970 466 970 530 971 466 971 483 971 531 972 467 972 484 972 531 973 513 973 467 973 532 974 514 974 468 974 532 975 468 975 485 975 533 976 469 976 486 976 533 977 515 977 469 977 534 978 516 978 470 978 534 979 470 979 487 979 535 980 471 980 488 980 535 981 517 981 471 981 536 982 518 982 472 982 536 983 472 983 489 983 537 984 473 984 490 984 537 985 519 985 473 985 538 986 474 986 491 986 538 987 520 987 474 987 539 988 521 988 475 988 539 989 475 989 492 989 540 990 522 990 4 990 541 991 476 991 493 991 541 992 523 992 476 992 542 993 524 993 477 993 542 994 477 994 494 994 543 995 478 995 495 995 543 996 525 996 478 996 544 997 479 997 496 997 544 998 526 998 479 998 545 999 527 999 480 999 545 1000 480 1000 497 1000 546 1001 528 1001 481 1001 546 1002 481 1002 498 1002 547 1003 529 1003 482 1003 547 1004 482 1004 499 1004 548 1005 530 1005 483 1005 548 1006 483 1006 500 1006 549 1007 550 1007 503 1007 551 1008 484 1008 504 1008 551 1009 531 1009 484 1009 552 1010 485 1010 505 1010 552 1011 532 1011 485 1011 553 1012 533 1012 486 1012 553 1013 486 1013 506 1013 554 1014 487 1014 507 1014 554 1015 534 1015 487 1015 555 1016 535 1016 488 1016 555 1017 488 1017 508 1017 556 1018 489 1018 509 1018 556 1019 536 1019 489 1019 557 1020 537 1020 490 1020 557 1021 490 1021 510 1021 558 1022 538 1022 491 1022 558 1023 491 1023 511 1023 559 1024 539 1024 492 1024 559 1025 492 1025 512 1025 560 1026 540 1026 4 1026 561 1027 541 1027 493 1027 561 1028 493 1028 513 1028 562 1029 542 1029 494 1029 562 1030 494 1030 514 1030 563 1031 543 1031 495 1031 563 1032 495 1032 515 1032 564 1033 496 1033 516 1033 564 1034 544 1034 496 1034 565 1035 497 1035 517 1035 565 1036 545 1036 497 1036 566 1037 546 1037 498 1037 566 1038 498 1038 518 1038 567 1039 499 1039 519 1039 567 1040 547 1040 499 1040 568 1041 500 1041 520 1041 568 1042 548 1042 500 1042 569 1043 550 1043 549 1043 569 1044 549 1044 503 1044 569 1045 503 1045 521 1045 570 1046 504 1046 522 1046 570 1047 551 1047 504 1047 571 1048 552 1048 505 1048 571 1049 505 1049 523 1049 572 1050 553 1050 506 1050 572 1051 506 1051 524 1051 573 1052 507 1052 525 1052 573 1053 554 1053 507 1053 574 1054 508 1054 526 1054 574 1055 555 1055 508 1055 575 1056 509 1056 527 1056 575 1057 556 1057 509 1057 576 1058 510 1058 528 1058 576 1059 557 1059 510 1059 577 1060 558 1060 511 1060 577 1061 511 1061 529 1061 578 1062 512 1062 530 1062 578 1063 559 1063 512 1063 579 1064 560 1064 4 1064 580 1065 561 1065 513 1065 580 1066 513 1066 531 1066 581 1067 514 1067 532 1067 581 1068 562 1068 514 1068 582 1069 515 1069 533 1069 582 1070 563 1070 515 1070 583 1071 564 1071 516 1071 583 1072 516 1072 534 1072 584 1073 565 1073 517 1073 584 1074 517 1074 535 1074 585 1075 518 1075 536 1075 585 1076 566 1076 518 1076 586 1077 567 1077 519 1077 586 1078 519 1078 537 1078 587 1079 520 1079 538 1079 587 1080 568 1080 520 1080 588 1081 521 1081 539 1081 588 1082 569 1082 521 1082 589 1083 522 1083 540 1083 589 1084 570 1084 522 1084 590 1085 523 1085 541 1085 590 1086 571 1086 523 1086 591 1087 572 1087 524 1087 591 1088 524 1088 542 1088 592 1089 573 1089 525 1089 592 1090 525 1090 543 1090 593 1091 574 1091 526 1091 593 1092 526 1092 544 1092 594 1093 575 1093 527 1093 594 1094 527 1094 545 1094 595 1095 528 1095 546 1095 595 1096 576 1096 528 1096 596 1097 529 1097 547 1097 596 1098 577 1098 529 1098 597 1099 530 1099 548 1099 597 1100 578 1100 530 1100 598 1101 579 1101 4 1101 599 1102 531 1102 551 1102 599 1103 580 1103 531 1103 600 1104 532 1104 552 1104 600 1105 581 1105 532 1105 601 1106 582 1106 533 1106 601 1107 533 1107 553 1107 602 1108 534 1108 554 1108 602 1109 583 1109 534 1109 603 1110 535 1110 555 1110 603 1111 584 1111 535 1111 604 1112 536 1112 556 1112 604 1113 585 1113 536 1113 605 1114 537 1114 557 1114 605 1115 586 1115 537 1115 606 1116 587 1116 538 1116 606 1117 538 1117 558 1117 607 1118 539 1118 559 1118 607 1119 588 1119 539 1119 608 1120 540 1120 560 1120 608 1121 589 1121 540 1121 609 1122 541 1122 561 1122 609 1123 590 1123 541 1123 610 1124 542 1124 562 1124 610 1125 591 1125 542 1125 611 1126 543 1126 563 1126 611 1127 592 1127 543 1127 612 1128 593 1128 544 1128 612 1129 544 1129 564 1129 613 1130 594 1130 545 1130 613 1131 545 1131 565 1131 614 1132 595 1132 546 1132 614 1133 546 1133 566 1133 615 1134 547 1134 567 1134 615 1135 596 1135 547 1135 616 1136 597 1136 548 1136 616 1137 548 1137 568 1137 617 1138 618 1138 550 1138 617 1139 619 1139 618 1139 617 1140 550 1140 569 1140 620 1141 598 1141 4 1141 621 1142 599 1142 551 1142 621 1143 551 1143 570 1143 622 1144 552 1144 571 1144 622 1145 600 1145 552 1145 623 1146 601 1146 553 1146 623 1147 553 1147 572 1147 624 1148 602 1148 554 1148 624 1149 554 1149 573 1149 625 1150 555 1150 574 1150 625 1151 603 1151 555 1151 626 1152 604 1152 556 1152 626 1153 556 1153 575 1153 627 1154 605 1154 557 1154 627 1155 557 1155 576 1155 628 1156 558 1156 577 1156 628 1157 606 1157 558 1157 629 1158 607 1158 559 1158 629 1159 559 1159 578 1159 630 1160 608 1160 560 1160 630 1161 560 1161 579 1161 631 1162 609 1162 561 1162 631 1163 561 1163 580 1163 632 1164 610 1164 562 1164 632 1165 562 1165 581 1165 633 1166 611 1166 563 1166 633 1167 563 1167 582 1167 634 1168 564 1168 583 1168 634 1169 612 1169 564 1169 635 1170 613 1170 565 1170 635 1171 565 1171 584 1171 636 1172 614 1172 566 1172 636 1173 566 1173 585 1173 637 1174 567 1174 586 1174 637 1175 615 1175 567 1175 638 1176 568 1176 587 1176 638 1177 616 1177 568 1177 639 1178 617 1178 569 1178 639 1179 569 1179 588 1179 640 1180 620 1180 4 1180 641 1181 621 1181 570 1181 641 1182 570 1182 589 1182 642 1183 622 1183 571 1183 642 1184 571 1184 590 1184 643 1185 572 1185 591 1185 643 1186 623 1186 572 1186 644 1187 624 1187 573 1187 644 1188 573 1188 592 1188 645 1189 574 1189 593 1189 645 1190 625 1190 574 1190 646 1191 575 1191 594 1191 646 1192 626 1192 575 1192 647 1193 576 1193 595 1193 647 1194 627 1194 576 1194 648 1195 577 1195 596 1195 648 1196 628 1196 577 1196 649 1197 578 1197 597 1197 649 1198 629 1198 578 1198 650 1199 579 1199 598 1199 650 1200 630 1200 579 1200 651 1201 631 1201 580 1201 651 1202 580 1202 599 1202 652 1203 632 1203 581 1203 652 1204 581 1204 600 1204 653 1205 633 1205 582 1205 653 1206 582 1206 601 1206 654 1207 634 1207 583 1207 654 1208 583 1208 602 1208 655 1209 635 1209 584 1209 655 1210 584 1210 603 1210 656 1211 636 1211 585 1211 656 1212 585 1212 604 1212 657 1213 586 1213 605 1213 657 1214 637 1214 586 1214 658 1215 638 1215 587 1215 658 1216 587 1216 606 1216 659 1217 639 1217 588 1217 659 1218 588 1218 607 1218 660 1219 640 1219 4 1219 661 1220 589 1220 608 1220 661 1221 641 1221 589 1221 662 1222 642 1222 590 1222 662 1223 590 1223 609 1223 663 1224 643 1224 591 1224 663 1225 591 1225 610 1225 664 1226 644 1226 592 1226 664 1227 592 1227 611 1227 665 1228 645 1228 593 1228 665 1229 593 1229 612 1229 666 1230 594 1230 613 1230 666 1231 646 1231 594 1231 667 1232 647 1232 595 1232 667 1233 595 1233 614 1233 668 1234 596 1234 615 1234 668 1235 648 1235 596 1235 669 1236 649 1236 597 1236 669 1237 597 1237 616 1237 670 1238 671 1238 619 1238 672 1239 650 1239 598 1239 672 1240 598 1240 620 1240 673 1241 651 1241 599 1241 673 1242 599 1242 621 1242 674 1243 600 1243 622 1243 674 1244 652 1244 600 1244 675 1245 653 1245 601 1245 675 1246 601 1246 623 1246 676 1247 654 1247 602 1247 676 1248 602 1248 624 1248 677 1249 655 1249 603 1249 677 1250 603 1250 625 1250 678 1251 604 1251 626 1251 678 1252 656 1252 604 1252 679 1253 605 1253 627 1253 679 1254 657 1254 605 1254 680 1255 606 1255 628 1255 680 1256 658 1256 606 1256 681 1257 659 1257 607 1257 681 1258 607 1258 629 1258 682 1259 660 1259 4 1259 683 1260 661 1260 608 1260 683 1261 608 1261 630 1261 684 1262 609 1262 631 1262 684 1263 662 1263 609 1263 685 1264 610 1264 632 1264 685 1265 663 1265 610 1265 686 1266 664 1266 611 1266 686 1267 611 1267 633 1267 687 1268 612 1268 634 1268 687 1269 665 1269 612 1269 688 1270 666 1270 613 1270 688 1271 613 1271 635 1271 689 1272 667 1272 614 1272 689 1273 614 1273 636 1273 690 1274 668 1274 615 1274 690 1275 615 1275 637 1275 691 1276 669 1276 616 1276 691 1277 616 1277 638 1277 692 1278 619 1278 617 1278 692 1279 671 1279 670 1279 692 1280 617 1280 639 1280 692 1281 670 1281 619 1281 693 1282 620 1282 640 1282 693 1283 672 1283 620 1283 694 1284 673 1284 621 1284 694 1285 621 1285 641 1285 695 1286 622 1286 642 1286 695 1287 674 1287 622 1287 696 1288 675 1288 623 1288 696 1289 623 1289 643 1289 697 1290 676 1290 624 1290 697 1291 624 1291 644 1291 698 1292 625 1292 645 1292 698 1293 677 1293 625 1293 699 1294 626 1294 646 1294 699 1295 678 1295 626 1295 700 1296 627 1296 647 1296 700 1297 679 1297 627 1297 701 1298 628 1298 648 1298 701 1299 680 1299 628 1299 702 1300 629 1300 649 1300 702 1301 681 1301 629 1301 703 1302 682 1302 4 1302 704 1303 683 1303 630 1303 704 1304 630 1304 650 1304 705 1305 684 1305 631 1305 705 1306 631 1306 651 1306 706 1307 685 1307 632 1307 706 1308 632 1308 652 1308 707 1309 633 1309 653 1309 707 1310 686 1310 633 1310 708 1311 687 1311 634 1311 708 1312 634 1312 654 1312 709 1313 635 1313 655 1313 709 1314 688 1314 635 1314 710 1315 689 1315 636 1315 710 1316 636 1316 656 1316 711 1317 637 1317 657 1317 711 1318 690 1318 637 1318 712 1319 638 1319 658 1319 712 1320 691 1320 638 1320 713 1321 692 1321 639 1321 713 1322 639 1322 659 1322 714 1323 640 1323 660 1323 714 1324 693 1324 640 1324 715 1325 641 1325 661 1325 715 1326 694 1326 641 1326 716 1327 642 1327 662 1327 716 1328 695 1328 642 1328 717 1329 643 1329 663 1329 717 1330 696 1330 643 1330 718 1331 697 1331 644 1331 718 1332 644 1332 664 1332 719 1333 698 1333 645 1333 719 1334 645 1334 665 1334 720 1335 699 1335 646 1335 720 1336 646 1336 666 1336 721 1337 700 1337 647 1337 721 1338 647 1338 667 1338 722 1339 648 1339 668 1339 722 1340 701 1340 648 1340 723 1341 702 1341 649 1341 723 1342 649 1342 669 1342 724 1343 703 1343 4 1343 725 1344 650 1344 672 1344 725 1345 704 1345 650 1345 726 1346 705 1346 651 1346 726 1347 651 1347 673 1347 727 1348 706 1348 652 1348 727 1349 652 1349 674 1349 728 1350 653 1350 675 1350 728 1351 707 1351 653 1351 729 1352 708 1352 654 1352 729 1353 654 1353 676 1353 730 1354 709 1354 655 1354 730 1355 655 1355 677 1355 731 1356 656 1356 678 1356 731 1357 710 1357 656 1357 732 1358 711 1358 657 1358 732 1359 657 1359 679 1359 733 1360 712 1360 658 1360 733 1361 658 1361 680 1361 734 1362 713 1362 659 1362 734 1363 659 1363 681 1363 735 1364 714 1364 660 1364 735 1365 660 1365 682 1365 736 1366 661 1366 683 1366 736 1367 715 1367 661 1367 737 1368 716 1368 662 1368 737 1369 662 1369 684 1369 738 1370 717 1370 663 1370 738 1371 663 1371 685 1371 739 1372 664 1372 686 1372 739 1373 718 1373 664 1373 740 1374 665 1374 687 1374 740 1375 719 1375 665 1375 741 1376 720 1376 666 1376 741 1377 666 1377 688 1377 742 1378 721 1378 667 1378 742 1379 667 1379 689 1379 743 1380 668 1380 690 1380 743 1381 722 1381 668 1381 744 1382 669 1382 691 1382 744 1383 723 1383 669 1383 745 1384 746 1384 671 1384 745 1385 747 1385 746 1385 748 1386 724 1386 4 1386 749 1387 725 1387 672 1387 749 1388 672 1388 693 1388 750 1389 726 1389 673 1389 750 1390 673 1390 694 1390 751 1391 727 1391 674 1391 751 1392 674 1392 695 1392 752 1393 728 1393 675 1393 752 1394 675 1394 696 1394 753 1395 676 1395 697 1395 753 1396 729 1396 676 1396 754 1397 677 1397 698 1397 754 1398 730 1398 677 1398 755 1399 678 1399 699 1399 755 1400 731 1400 678 1400 756 1401 732 1401 679 1401 756 1402 679 1402 700 1402 757 1403 733 1403 680 1403 757 1404 680 1404 701 1404 758 1405 734 1405 681 1405 758 1406 681 1406 702 1406 759 1407 735 1407 682 1407 759 1408 682 1408 703 1408 760 1409 683 1409 704 1409 760 1410 736 1410 683 1410 761 1411 684 1411 705 1411 761 1412 737 1412 684 1412 762 1413 685 1413 706 1413 762 1414 738 1414 685 1414 763 1415 739 1415 686 1415 763 1416 686 1416 707 1416 764 1417 740 1417 687 1417 764 1418 687 1418 708 1418 765 1419 741 1419 688 1419 765 1420 688 1420 709 1420 766 1421 689 1421 710 1421 766 1422 742 1422 689 1422 767 1423 743 1423 690 1423 767 1424 690 1424 711 1424 768 1425 744 1425 691 1425 768 1426 691 1426 712 1426 769 1427 745 1427 671 1427 769 1428 692 1428 713 1428 769 1429 671 1429 692 1429 770 1430 748 1430 4 1430 771 1431 693 1431 714 1431 771 1432 749 1432 693 1432 772 1433 750 1433 694 1433 772 1434 694 1434 715 1434 773 1435 695 1435 716 1435 773 1436 751 1436 695 1436 774 1437 752 1437 696 1437 774 1438 696 1438 717 1438 775 1439 753 1439 697 1439 775 1440 697 1440 718 1440 776 1441 698 1441 719 1441 776 1442 754 1442 698 1442 777 1443 755 1443 699 1443 777 1444 699 1444 720 1444 778 1445 756 1445 700 1445 778 1446 700 1446 721 1446 779 1447 701 1447 722 1447 779 1448 757 1448 701 1448 780 1449 758 1449 702 1449 780 1450 702 1450 723 1450 781 1451 759 1451 703 1451 781 1452 703 1452 724 1452 782 1453 704 1453 725 1453 782 1454 760 1454 704 1454 783 1455 761 1455 705 1455 783 1456 705 1456 726 1456 784 1457 706 1457 727 1457 784 1458 762 1458 706 1458 785 1459 707 1459 728 1459 785 1460 763 1460 707 1460 786 1461 764 1461 708 1461 786 1462 708 1462 729 1462 787 1463 765 1463 709 1463 787 1464 709 1464 730 1464 788 1465 710 1465 731 1465 788 1466 766 1466 710 1466 789 1467 767 1467 711 1467 789 1468 711 1468 732 1468 790 1469 768 1469 712 1469 790 1470 712 1470 733 1470 791 1471 713 1471 734 1471 791 1472 769 1472 713 1472 792 1473 770 1473 4 1473 793 1474 771 1474 714 1474 793 1475 714 1475 735 1475 794 1476 772 1476 715 1476 794 1477 715 1477 736 1477 795 1478 716 1478 737 1478 795 1479 773 1479 716 1479 796 1480 774 1480 717 1480 796 1481 717 1481 738 1481 797 1482 775 1482 718 1482 797 1483 718 1483 739 1483 798 1484 719 1484 740 1484 798 1485 776 1485 719 1485 799 1486 777 1486 720 1486 799 1487 720 1487 741 1487 800 1488 721 1488 742 1488 800 1489 778 1489 721 1489 801 1490 779 1490 722 1490 801 1491 722 1491 743 1491 802 1492 723 1492 744 1492 802 1493 780 1493 723 1493 803 1494 804 1494 747 1494 805 1495 781 1495 724 1495 805 1496 724 1496 748 1496 806 1497 725 1497 749 1497 806 1498 782 1498 725 1498 807 1499 726 1499 750 1499 807 1500 783 1500 726 1500 808 1501 727 1501 751 1501 808 1502 784 1502 727 1502 809 1503 728 1503 752 1503 809 1504 785 1504 728 1504 810 1505 786 1505 729 1505 810 1506 729 1506 753 1506 811 1507 787 1507 730 1507 811 1508 730 1508 754 1508 812 1509 731 1509 755 1509 812 1510 788 1510 731 1510 813 1511 789 1511 732 1511 813 1512 732 1512 756 1512 814 1513 790 1513 733 1513 814 1514 733 1514 757 1514 815 1515 791 1515 734 1515 815 1516 734 1516 758 1516 816 1517 792 1517 4 1517 817 1518 793 1518 735 1518 817 1519 735 1519 759 1519 818 1520 736 1520 760 1520 818 1521 794 1521 736 1521 819 1522 737 1522 761 1522 819 1523 795 1523 737 1523 820 1524 796 1524 738 1524 820 1525 738 1525 762 1525 821 1526 797 1526 739 1526 821 1527 739 1527 763 1527 822 1528 740 1528 764 1528 822 1529 798 1529 740 1529 823 1530 741 1530 765 1530 823 1531 799 1531 741 1531 824 1532 800 1532 742 1532 824 1533 742 1533 766 1533 825 1534 801 1534 743 1534 825 1535 743 1535 767 1535 826 1536 802 1536 744 1536 826 1537 744 1537 768 1537 827 1538 745 1538 769 1538 827 1539 804 1539 803 1539 827 1540 803 1540 747 1540 827 1541 747 1541 745 1541 828 1542 805 1542 748 1542 828 1543 748 1543 770 1543 829 1544 749 1544 771 1544 829 1545 806 1545 749 1545 830 1546 750 1546 772 1546 830 1547 807 1547 750 1547 831 1548 808 1548 751 1548 831 1549 751 1549 773 1549 832 1550 809 1550 752 1550 832 1551 752 1551 774 1551 833 1552 810 1552 753 1552 833 1553 753 1553 775 1553 834 1554 811 1554 754 1554 834 1555 754 1555 776 1555 835 1556 812 1556 755 1556 835 1557 755 1557 777 1557 836 1558 813 1558 756 1558 836 1559 756 1559 778 1559 837 1560 757 1560 779 1560 837 1561 814 1561 757 1561 838 1562 758 1562 780 1562 838 1563 815 1563 758 1563 839 1564 816 1564 4 1564 840 1565 759 1565 781 1565 840 1566 817 1566 759 1566 841 1567 760 1567 782 1567 841 1568 818 1568 760 1568 842 1569 761 1569 783 1569 842 1570 819 1570 761 1570 843 1571 820 1571 762 1571 843 1572 762 1572 784 1572 844 1573 763 1573 785 1573 844 1574 821 1574 763 1574 845 1575 822 1575 764 1575 845 1576 764 1576 786 1576 846 1577 823 1577 765 1577 846 1578 765 1578 787 1578 847 1579 824 1579 766 1579 847 1580 766 1580 788 1580 848 1581 767 1581 789 1581 848 1582 825 1582 767 1582 849 1583 768 1583 790 1583 849 1584 826 1584 768 1584 850 1585 769 1585 791 1585 850 1586 827 1586 769 1586 851 1587 828 1587 770 1587 851 1588 770 1588 792 1588 852 1589 771 1589 793 1589 852 1590 829 1590 771 1590 853 1591 772 1591 794 1591 853 1592 830 1592 772 1592 854 1593 773 1593 795 1593 854 1594 831 1594 773 1594 855 1595 832 1595 774 1595 855 1596 774 1596 796 1596 856 1597 833 1597 775 1597 856 1598 775 1598 797 1598 857 1599 776 1599 798 1599 857 1600 834 1600 776 1600 858 1601 835 1601 777 1601 858 1602 777 1602 799 1602 859 1603 778 1603 800 1603 859 1604 836 1604 778 1604 860 1605 837 1605 779 1605 860 1606 779 1606 801 1606 861 1607 780 1607 802 1607 861 1608 838 1608 780 1608 862 1609 839 1609 4 1609 863 1610 840 1610 781 1610 863 1611 781 1611 805 1611 864 1612 841 1612 782 1612 864 1613 782 1613 806 1613 865 1614 783 1614 807 1614 865 1615 842 1615 783 1615 866 1616 784 1616 808 1616 866 1617 843 1617 784 1617 867 1618 785 1618 809 1618 867 1619 844 1619 785 1619 868 1620 786 1620 810 1620 868 1621 845 1621 786 1621 869 1622 787 1622 811 1622 869 1623 846 1623 787 1623 870 1624 847 1624 788 1624 870 1625 788 1625 812 1625 871 1626 789 1626 813 1626 871 1627 848 1627 789 1627 872 1628 849 1628 790 1628 872 1629 790 1629 814 1629 873 1630 850 1630 791 1630 873 1631 791 1631 815 1631 874 1632 792 1632 816 1632 874 1633 851 1633 792 1633 875 1634 852 1634 793 1634 875 1635 793 1635 817 1635 876 1636 794 1636 818 1636 876 1637 853 1637 794 1637 877 1638 854 1638 795 1638 877 1639 795 1639 819 1639 878 1640 796 1640 820 1640 878 1641 855 1641 796 1641 879 1642 797 1642 821 1642 879 1643 856 1643 797 1643 880 1644 798 1644 822 1644 880 1645 857 1645 798 1645 881 1646 799 1646 823 1646 881 1647 858 1647 799 1647 882 1648 859 1648 800 1648 882 1649 800 1649 824 1649 883 1650 860 1650 801 1650 883 1651 801 1651 825 1651 884 1652 861 1652 802 1652 884 1653 802 1653 826 1653 885 1654 886 1654 804 1654 887 1655 862 1655 4 1655 888 1656 805 1656 828 1656 888 1657 863 1657 805 1657 889 1658 806 1658 829 1658 889 1659 864 1659 806 1659 890 1660 807 1660 830 1660 890 1661 865 1661 807 1661 891 1662 808 1662 831 1662 891 1663 866 1663 808 1663 892 1664 867 1664 809 1664 892 1665 809 1665 832 1665 893 1666 810 1666 833 1666 893 1667 868 1667 810 1667 894 1668 869 1668 811 1668 894 1669 811 1669 834 1669 895 1670 870 1670 812 1670 895 1671 812 1671 835 1671 896 1672 813 1672 836 1672 896 1673 871 1673 813 1673 897 1674 872 1674 814 1674 897 1675 814 1675 837 1675 898 1676 873 1676 815 1676 898 1677 815 1677 838 1677 899 1678 874 1678 816 1678 899 1679 816 1679 839 1679 900 1680 875 1680 817 1680 900 1681 817 1681 840 1681 901 1682 876 1682 818 1682 901 1683 818 1683 841 1683 902 1684 819 1684 842 1684 902 1685 877 1685 819 1685 903 1686 820 1686 843 1686 903 1687 878 1687 820 1687 904 1688 821 1688 844 1688 904 1689 879 1689 821 1689 905 1690 822 1690 845 1690 905 1691 880 1691 822 1691 906 1692 823 1692 846 1692 906 1693 881 1693 823 1693 907 1694 882 1694 824 1694 907 1695 824 1695 847 1695 908 1696 825 1696 848 1696 908 1697 883 1697 825 1697 909 1698 884 1698 826 1698 909 1699 826 1699 849 1699 910 1700 804 1700 827 1700 910 1701 827 1701 850 1701 910 1702 885 1702 804 1702 911 1703 887 1703 4 1703 912 1704 888 1704 828 1704 912 1705 828 1705 851 1705 913 1706 829 1706 852 1706 913 1707 889 1707 829 1707 914 1708 890 1708 830 1708 914 1709 830 1709 853 1709 915 1710 831 1710 854 1710 915 1711 891 1711 831 1711 916 1712 892 1712 832 1712 916 1713 832 1713 855 1713 917 1714 833 1714 856 1714 917 1715 893 1715 833 1715 918 1716 894 1716 834 1716 918 1717 834 1717 857 1717 919 1718 835 1718 858 1718 919 1719 895 1719 835 1719 920 1720 836 1720 859 1720 920 1721 896 1721 836 1721 921 1722 897 1722 837 1722 921 1723 837 1723 860 1723 922 1724 838 1724 861 1724 922 1725 898 1725 838 1725 923 1726 839 1726 862 1726 923 1727 899 1727 839 1727 924 1728 840 1728 863 1728 924 1729 900 1729 840 1729 925 1730 841 1730 864 1730 925 1731 901 1731 841 1731 926 1732 842 1732 865 1732 926 1733 902 1733 842 1733 927 1734 903 1734 843 1734 927 1735 843 1735 866 1735 928 1736 844 1736 867 1736 928 1737 904 1737 844 1737 929 1738 905 1738 845 1738 929 1739 845 1739 868 1739 930 1740 906 1740 846 1740 930 1741 846 1741 869 1741 931 1742 907 1742 847 1742 931 1743 847 1743 870 1743 932 1744 908 1744 848 1744 932 1745 848 1745 871 1745 933 1746 909 1746 849 1746 933 1747 849 1747 872 1747 934 1748 850 1748 873 1748 934 1749 910 1749 850 1749 935 1750 911 1750 4 1750 936 1751 912 1751 851 1751 936 1752 851 1752 874 1752 937 1753 852 1753 875 1753 937 1754 913 1754 852 1754 938 1755 853 1755 876 1755 938 1756 914 1756 853 1756 939 1757 854 1757 877 1757 939 1758 915 1758 854 1758 940 1759 916 1759 855 1759 940 1760 855 1760 878 1760 941 1761 917 1761 856 1761 941 1762 856 1762 879 1762 942 1763 918 1763 857 1763 942 1764 857 1764 880 1764 943 1765 858 1765 881 1765 943 1766 919 1766 858 1766 944 1767 920 1767 859 1767 944 1768 859 1768 882 1768 945 1769 860 1769 883 1769 945 1770 921 1770 860 1770 946 1771 922 1771 861 1771 946 1772 861 1772 884 1772 947 1773 948 1773 886 1773 947 1774 949 1774 948 1774 950 1775 862 1775 887 1775 950 1776 923 1776 862 1776 951 1777 863 1777 888 1777 951 1778 924 1778 863 1778 952 1779 925 1779 864 1779 952 1780 864 1780 889 1780 953 1781 865 1781 890 1781 953 1782 926 1782 865 1782 954 1783 866 1783 891 1783 954 1784 927 1784 866 1784 955 1785 867 1785 892 1785 955 1786 928 1786 867 1786 956 1787 868 1787 893 1787 956 1788 929 1788 868 1788 957 1789 869 1789 894 1789 957 1790 930 1790 869 1790 958 1791 931 1791 870 1791 958 1792 870 1792 895 1792 959 1793 932 1793 871 1793 959 1794 871 1794 896 1794 960 1795 933 1795 872 1795 960 1796 872 1796 897 1796 961 1797 873 1797 898 1797 961 1798 934 1798 873 1798 962 1799 935 1799 4 1799 963 1800 936 1800 874 1800 963 1801 874 1801 899 1801 964 1802 937 1802 875 1802 964 1803 875 1803 900 1803 965 1804 876 1804 901 1804 965 1805 938 1805 876 1805 966 1806 877 1806 902 1806 966 1807 939 1807 877 1807 967 1808 878 1808 903 1808 967 1809 940 1809 878 1809 968 1810 941 1810 879 1810 968 1811 879 1811 904 1811 969 1812 942 1812 880 1812 969 1813 880 1813 905 1813 970 1814 943 1814 881 1814 970 1815 881 1815 906 1815 971 1816 944 1816 882 1816 971 1817 882 1817 907 1817 972 1818 883 1818 908 1818 972 1819 945 1819 883 1819 973 1820 946 1820 884 1820 973 1821 884 1821 909 1821 974 1822 886 1822 885 1822 974 1823 885 1823 910 1823 974 1824 947 1824 886 1824 974 1825 949 1825 947 1825 975 1826 950 1826 887 1826 975 1827 887 1827 911 1827 976 1828 951 1828 888 1828 976 1829 888 1829 912 1829 977 1830 889 1830 913 1830 977 1831 952 1831 889 1831 978 1832 953 1832 890 1832 978 1833 890 1833 914 1833 979 1834 954 1834 891 1834 979 1835 891 1835 915 1835 980 1836 955 1836 892 1836 980 1837 892 1837 916 1837 981 1838 893 1838 917 1838 981 1839 956 1839 893 1839 982 1840 894 1840 918 1840 982 1841 957 1841 894 1841 983 1842 895 1842 919 1842 983 1843 958 1843 895 1843 984 1844 896 1844 920 1844 984 1845 959 1845 896 1845 985 1846 897 1846 921 1846 985 1847 960 1847 897 1847 986 1848 898 1848 922 1848 986 1849 961 1849 898 1849 987 1850 962 1850 4 1850 988 1851 899 1851 923 1851 988 1852 963 1852 899 1852 989 1853 964 1853 900 1853 989 1854 900 1854 924 1854 990 1855 901 1855 925 1855 990 1856 965 1856 901 1856 991 1857 902 1857 926 1857 991 1858 966 1858 902 1858 992 1859 967 1859 903 1859 992 1860 903 1860 927 1860 993 1861 904 1861 928 1861 993 1862 968 1862 904 1862 994 1863 969 1863 905 1863 994 1864 905 1864 929 1864 995 1865 906 1865 930 1865 995 1866 970 1866 906 1866 996 1867 907 1867 931 1867 996 1868 971 1868 907 1868 997 1869 908 1869 932 1869 997 1870 972 1870 908 1870 998 1871 973 1871 909 1871 998 1872 909 1872 933 1872 999 1873 910 1873 934 1873 999 1874 974 1874 910 1874 1000 1875 911 1875 935 1875 1000 1876 975 1876 911 1876 1001 1877 912 1877 936 1877 1001 1878 976 1878 912 1878 1002 1879 913 1879 937 1879 1002 1880 977 1880 913 1880 1003 1881 978 1881 914 1881 1003 1882 914 1882 938 1882 1004 1883 979 1883 915 1883 1004 1884 915 1884 939 1884 1005 1885 916 1885 940 1885 1005 1886 980 1886 916 1886 1006 1887 917 1887 941 1887 1006 1888 981 1888 917 1888 1007 1889 982 1889 918 1889 1007 1890 918 1890 942 1890 1008 1891 983 1891 919 1891 1008 1892 919 1892 943 1892 1009 1893 920 1893 944 1893 1009 1894 984 1894 920 1894 1010 1895 921 1895 945 1895 1010 1896 985 1896 921 1896 1011 1897 922 1897 946 1897 1011 1898 986 1898 922 1898 1012 1899 987 1899 4 1899 1013 1900 923 1900 950 1900 1013 1901 988 1901 923 1901 1014 1902 989 1902 924 1902 1014 1903 924 1903 951 1903 1015 1904 990 1904 925 1904 1015 1905 925 1905 952 1905 1016 1906 926 1906 953 1906 1016 1907 991 1907 926 1907 1017 1908 927 1908 954 1908 1017 1909 992 1909 927 1909 1018 1910 928 1910 955 1910 1018 1911 993 1911 928 1911 1019 1912 929 1912 956 1912 1019 1913 994 1913 929 1913 1020 1914 995 1914 930 1914 1020 1915 930 1915 957 1915 1021 1916 996 1916 931 1916 1021 1917 931 1917 958 1917 1022 1918 932 1918 959 1918 1022 1919 997 1919 932 1919 1023 1920 998 1920 933 1920 1023 1921 933 1921 960 1921 1024 1922 999 1922 934 1922 1024 1923 934 1923 961 1923 1025 1924 935 1924 962 1924 1025 1925 1000 1925 935 1925 1026 1926 936 1926 963 1926 1026 1927 1001 1927 936 1927 1027 1928 937 1928 964 1928 1027 1929 1002 1929 937 1929 1028 1930 938 1930 965 1930 1028 1931 1003 1931 938 1931 1029 1932 939 1932 966 1932 1029 1933 1004 1933 939 1933 1030 1934 940 1934 967 1934 1030 1935 1005 1935 940 1935 1031 1936 1006 1936 941 1936 1031 1937 941 1937 968 1937 1032 1938 942 1938 969 1938 1032 1939 1007 1939 942 1939 1033 1940 943 1940 970 1940 1033 1941 1008 1941 943 1941 1034 1942 944 1942 971 1942 1034 1943 1009 1943 944 1943 1035 1944 1010 1944 945 1944 1035 1945 945 1945 972 1945 1036 1946 1011 1946 946 1946 1036 1947 946 1947 973 1947 1037 1948 949 1948 974 1948 1037 1949 1038 1949 949 1949 1039 1950 1012 1950 4 1950 1040 1951 950 1951 975 1951 1040 1952 1013 1952 950 1952 1041 1953 951 1953 976 1953 1041 1954 1014 1954 951 1954 1042 1955 952 1955 977 1955 1042 1956 1015 1956 952 1956 1043 1957 953 1957 978 1957 1043 1958 1016 1958 953 1958 1044 1959 1017 1959 954 1959 1044 1960 954 1960 979 1960 1045 1961 955 1961 980 1961 1045 1962 1018 1962 955 1962 1046 1963 1019 1963 956 1963 1046 1964 956 1964 981 1964 1047 1965 1020 1965 957 1965 1047 1966 957 1966 982 1966 1048 1967 958 1967 983 1967 1048 1968 1021 1968 958 1968 1049 1969 959 1969 984 1969 1049 1970 1022 1970 959 1970 1050 1971 960 1971 985 1971 1050 1972 1023 1972 960 1972 1051 1973 961 1973 986 1973 1051 1974 1024 1974 961 1974 1052 1975 1025 1975 962 1975 1052 1976 962 1976 987 1976 1053 1977 963 1977 988 1977 1053 1978 1026 1978 963 1978 1054 1979 1027 1979 964 1979 1054 1980 964 1980 989 1980 1055 1981 1028 1981 965 1981 1055 1982 965 1982 990 1982 1056 1983 966 1983 991 1983 1056 1984 1029 1984 966 1984 1057 1985 1030 1985 967 1985 1057 1986 967 1986 992 1986 1058 1987 968 1987 993 1987 1058 1988 1031 1988 968 1988 1059 1989 969 1989 994 1989 1059 1990 1032 1990 969 1990 1060 1991 1033 1991 970 1991 1060 1992 970 1992 995 1992 1061 1993 1034 1993 971 1993 1061 1994 971 1994 996 1994 1062 1995 972 1995 997 1995 1062 1996 1035 1996 972 1996 1063 1997 973 1997 998 1997 1063 1998 1036 1998 973 1998 1064 1999 1037 1999 974 1999 1064 2000 974 2000 999 2000 1064 2001 1038 2001 1037 2001 1065 2002 1039 2002 4 2002 1066 2003 1040 2003 975 2003 1066 2004 975 2004 1000 2004 1067 2005 976 2005 1001 2005 1067 2006 1041 2006 976 2006 1068 2007 977 2007 1002 2007 1068 2008 1042 2008 977 2008 1069 2009 978 2009 1003 2009 1069 2010 1043 2010 978 2010 1070 2011 1044 2011 979 2011 1070 2012 979 2012 1004 2012 1071 2013 1045 2013 980 2013 1071 2014 980 2014 1005 2014 1072 2015 1046 2015 981 2015 1072 2016 981 2016 1006 2016 1073 2017 1047 2017 982 2017 1073 2018 982 2018 1007 2018 1074 2019 983 2019 1008 2019 1074 2020 1048 2020 983 2020 1075 2021 1049 2021 984 2021 1075 2022 984 2022 1009 2022 1076 2023 1050 2023 985 2023 1076 2024 985 2024 1010 2024 1077 2025 1051 2025 986 2025 1077 2026 986 2026 1011 2026 1078 2027 987 2027 1012 2027 1078 2028 1052 2028 987 2028 1079 2029 1053 2029 988 2029 1079 2030 988 2030 1013 2030 1080 2031 989 2031 1014 2031 1080 2032 1054 2032 989 2032 1081 2033 990 2033 1015 2033 1081 2034 1055 2034 990 2034 1082 2035 1056 2035 991 2035 1082 2036 991 2036 1016 2036 1083 2037 992 2037 1017 2037 1083 2038 1057 2038 992 2038 1084 2039 993 2039 1018 2039 1084 2040 1058 2040 993 2040 1085 2041 1059 2041 994 2041 1085 2042 994 2042 1019 2042 1086 2043 1060 2043 995 2043 1086 2044 995 2044 1020 2044 1087 2045 1061 2045 996 2045 1087 2046 996 2046 1021 2046 1088 2047 1062 2047 997 2047 1088 2048 997 2048 1022 2048 1089 2049 1063 2049 998 2049 1089 2050 998 2050 1023 2050 1090 2051 1064 2051 999 2051 1090 2052 999 2052 1024 2052 1091 2053 1065 2053 4 2053 1092 2054 1000 2054 1025 2054 1092 2055 1066 2055 1000 2055 1093 2056 1067 2056 1001 2056 1093 2057 1001 2057 1026 2057 1094 2058 1068 2058 1002 2058 1094 2059 1002 2059 1027 2059 1095 2060 1003 2060 1028 2060 1095 2061 1069 2061 1003 2061 1096 2062 1004 2062 1029 2062 1096 2063 1070 2063 1004 2063 1097 2064 1071 2064 1005 2064 1097 2065 1005 2065 1030 2065 1098 2066 1006 2066 1031 2066 1098 2067 1072 2067 1006 2067 1099 2068 1073 2068 1007 2068 1099 2069 1007 2069 1032 2069 1100 2070 1008 2070 1033 2070 1100 2071 1074 2071 1008 2071 1101 2072 1075 2072 1009 2072 1101 2073 1009 2073 1034 2073 1102 2074 1076 2074 1010 2074 1102 2075 1010 2075 1035 2075 1103 2076 1077 2076 1011 2076 1103 2077 1011 2077 1036 2077 1104 2078 1105 2078 1038 2078 1106 2079 1012 2079 1039 2079 1106 2080 1078 2080 1012 2080 1107 2081 1079 2081 1013 2081 1107 2082 1013 2082 1040 2082 1108 2083 1080 2083 1014 2083 1108 2084 1014 2084 1041 2084 1109 2085 1015 2085 1042 2085 1109 2086 1081 2086 1015 2086 1110 2087 1082 2087 1016 2087 1110 2088 1016 2088 1043 2088 1111 2089 1017 2089 1044 2089 1111 2090 1083 2090 1017 2090 1112 2091 1084 2091 1018 2091 1112 2092 1018 2092 1045 2092 1113 2093 1019 2093 1046 2093 1113 2094 1085 2094 1019 2094 1114 2095 1020 2095 1047 2095 1114 2096 1086 2096 1020 2096 1115 2097 1021 2097 1048 2097 1115 2098 1087 2098 1021 2098 1116 2099 1088 2099 1022 2099 1116 2100 1022 2100 1049 2100 1117 2101 1023 2101 1050 2101 1117 2102 1089 2102 1023 2102 1118 2103 1090 2103 1024 2103 1118 2104 1024 2104 1051 2104 1119 2105 1091 2105 4 2105 1120 2106 1092 2106 1025 2106 1120 2107 1025 2107 1052 2107 1121 2108 1093 2108 1026 2108 1121 2109 1026 2109 1053 2109 1122 2110 1094 2110 1027 2110 1122 2111 1027 2111 1054 2111 1123 2112 1028 2112 1055 2112 1123 2113 1095 2113 1028 2113 1124 2114 1096 2114 1029 2114 1124 2115 1029 2115 1056 2115 1125 2116 1097 2116 1030 2116 1125 2117 1030 2117 1057 2117 1126 2118 1031 2118 1058 2118 1126 2119 1098 2119 1031 2119 1127 2120 1099 2120 1032 2120 1127 2121 1032 2121 1059 2121 1128 2122 1033 2122 1060 2122 1128 2123 1100 2123 1033 2123 1129 2124 1101 2124 1034 2124 1129 2125 1034 2125 1061 2125 1130 2126 1035 2126 1062 2126 1130 2127 1102 2127 1035 2127 1131 2128 1103 2128 1036 2128 1131 2129 1036 2129 1063 2129 1132 2130 1105 2130 1104 2130 1132 2131 1038 2131 1064 2131 1132 2132 1104 2132 1038 2132 1133 2133 1106 2133 1039 2133 1133 2134 1039 2134 1065 2134 1134 2135 1107 2135 1040 2135 1134 2136 1040 2136 1066 2136 1135 2137 1041 2137 1067 2137 1135 2138 1108 2138 1041 2138 1136 2139 1109 2139 1042 2139 1136 2140 1042 2140 1068 2140 1137 2141 1110 2141 1043 2141 1137 2142 1043 2142 1069 2142 1138 2143 1044 2143 1070 2143 1138 2144 1111 2144 1044 2144 1139 2145 1112 2145 1045 2145 1139 2146 1045 2146 1071 2146 1140 2147 1046 2147 1072 2147 1140 2148 1113 2148 1046 2148 1141 2149 1114 2149 1047 2149 1141 2150 1047 2150 1073 2150 1142 2151 1048 2151 1074 2151 1142 2152 1115 2152 1048 2152 1143 2153 1116 2153 1049 2153 1143 2154 1049 2154 1075 2154 1144 2155 1117 2155 1050 2155 1144 2156 1050 2156 1076 2156 1145 2157 1051 2157 1077 2157 1145 2158 1118 2158 1051 2158 1146 2159 1119 2159 4 2159 1147 2160 1120 2160 1052 2160 1147 2161 1052 2161 1078 2161 1148 2162 1053 2162 1079 2162 1148 2163 1121 2163 1053 2163 1149 2164 1122 2164 1054 2164 1149 2165 1054 2165 1080 2165 1150 2166 1055 2166 1081 2166 1150 2167 1123 2167 1055 2167 1151 2168 1124 2168 1056 2168 1151 2169 1056 2169 1082 2169 1152 2170 1125 2170 1057 2170 1152 2171 1057 2171 1083 2171 1153 2172 1058 2172 1084 2172 1153 2173 1126 2173 1058 2173 1154 2174 1059 2174 1085 2174 1154 2175 1127 2175 1059 2175 1155 2176 1128 2176 1060 2176 1155 2177 1060 2177 1086 2177 1156 2178 1061 2178 1087 2178 1156 2179 1129 2179 1061 2179 1157 2180 1062 2180 1088 2180 1157 2181 1130 2181 1062 2181 1158 2182 1131 2182 1063 2182 1158 2183 1063 2183 1089 2183 1159 2184 1064 2184 1090 2184 1159 2185 1132 2185 1064 2185 1160 2186 1133 2186 1065 2186 1160 2187 1065 2187 1091 2187 1161 2188 1066 2188 1092 2188 1161 2189 1134 2189 1066 2189 1162 2190 1135 2190 1067 2190 1162 2191 1067 2191 1093 2191 1163 2192 1136 2192 1068 2192 1163 2193 1068 2193 1094 2193 1164 2194 1137 2194 1069 2194 1164 2195 1069 2195 1095 2195 1165 2196 1138 2196 1070 2196 1165 2197 1070 2197 1096 2197 1166 2198 1139 2198 1071 2198 1166 2199 1071 2199 1097 2199 1167 2200 1140 2200 1072 2200 1167 2201 1072 2201 1098 2201 1168 2202 1141 2202 1073 2202 1168 2203 1073 2203 1099 2203 1169 2204 1074 2204 1100 2204 1169 2205 1142 2205 1074 2205 1170 2206 1143 2206 1075 2206 1170 2207 1075 2207 1101 2207 1171 2208 1144 2208 1076 2208 1171 2209 1076 2209 1102 2209 1172 2210 1077 2210 1103 2210 1172 2211 1145 2211 1077 2211 1173 2212 1146 2212 4 2212 1174 2213 1147 2213 1078 2213 1174 2214 1078 2214 1106 2214 1175 2215 1148 2215 1079 2215 1175 2216 1079 2216 1107 2216 1176 2217 1149 2217 1080 2217 1176 2218 1080 2218 1108 2218 1177 2219 1081 2219 1109 2219 1177 2220 1150 2220 1081 2220 1178 2221 1151 2221 1082 2221 1178 2222 1082 2222 1110 2222 1179 2223 1152 2223 1083 2223 1179 2224 1083 2224 1111 2224 1180 2225 1153 2225 1084 2225 1180 2226 1084 2226 1112 2226 1181 2227 1085 2227 1113 2227 1181 2228 1154 2228 1085 2228 1182 2229 1086 2229 1114 2229 1182 2230 1155 2230 1086 2230 1183 2231 1087 2231 1115 2231 1183 2232 1156 2232 1087 2232 1184 2233 1088 2233 1116 2233 1184 2234 1157 2234 1088 2234 1185 2235 1158 2235 1089 2235 1185 2236 1089 2236 1117 2236 1186 2237 1159 2237 1090 2237 1186 2238 1090 2238 1118 2238 1187 2239 1160 2239 1091 2239 1187 2240 1091 2240 1119 2240 1188 2241 1161 2241 1092 2241 1188 2242 1092 2242 1120 2242 1189 2243 1093 2243 1121 2243 1189 2244 1162 2244 1093 2244 1190 2245 1094 2245 1122 2245 1190 2246 1163 2246 1094 2246 1191 2247 1095 2247 1123 2247 1191 2248 1164 2248 1095 2248 1192 2249 1165 2249 1096 2249 1192 2250 1096 2250 1124 2250 1193 2251 1166 2251 1097 2251 1193 2252 1097 2252 1125 2252 1194 2253 1098 2253 1126 2253 1194 2254 1167 2254 1098 2254 1195 2255 1168 2255 1099 2255 1195 2256 1099 2256 1127 2256 1196 2257 1169 2257 1100 2257 1196 2258 1100 2258 1128 2258 1197 2259 1101 2259 1129 2259 1197 2260 1170 2260 1101 2260 1198 2261 1171 2261 1102 2261 1198 2262 1102 2262 1130 2262 1199 2263 1103 2263 1131 2263 1199 2264 1172 2264 1103 2264 1200 2265 1105 2265 1132 2265 1200 2266 1201 2266 1105 2266 1200 2267 1202 2267 1201 2267 1203 2268 1173 2268 4 2268 1204 2269 1174 2269 1106 2269 1204 2270 1106 2270 1133 2270 1205 2271 1175 2271 1107 2271 1205 2272 1107 2272 1134 2272 1206 2273 1108 2273 1135 2273 1206 2274 1176 2274 1108 2274 1207 2275 1109 2275 1136 2275 1207 2276 1177 2276 1109 2276 1208 2277 1178 2277 1110 2277 1208 2278 1110 2278 1137 2278 1209 2279 1111 2279 1138 2279 1209 2280 1179 2280 1111 2280 1210 2281 1180 2281 1112 2281 1210 2282 1112 2282 1139 2282 1211 2283 1113 2283 1140 2283 1211 2284 1181 2284 1113 2284 1212 2285 1114 2285 1141 2285 1212 2286 1182 2286 1114 2286 1213 2287 1115 2287 1142 2287 1213 2288 1183 2288 1115 2288 1214 2289 1184 2289 1116 2289 1214 2290 1116 2290 1143 2290 1215 2291 1185 2291 1117 2291 1215 2292 1117 2292 1144 2292 1216 2293 1118 2293 1145 2293 1216 2294 1186 2294 1118 2294 1217 2295 1119 2295 1146 2295 1217 2296 1187 2296 1119 2296 1218 2297 1120 2297 1147 2297 1218 2298 1188 2298 1120 2298 1219 2299 1121 2299 1148 2299 1219 2300 1189 2300 1121 2300 1220 2301 1190 2301 1122 2301 1220 2302 1122 2302 1149 2302 1221 2303 1123 2303 1150 2303 1221 2304 1191 2304 1123 2304 1222 2305 1124 2305 1151 2305 1222 2306 1192 2306 1124 2306 1223 2307 1125 2307 1152 2307 1223 2308 1193 2308 1125 2308 1224 2309 1126 2309 1153 2309 1224 2310 1194 2310 1126 2310 1225 2311 1127 2311 1154 2311 1225 2312 1195 2312 1127 2312 1226 2313 1128 2313 1155 2313 1226 2314 1196 2314 1128 2314 1227 2315 1129 2315 1156 2315 1227 2316 1197 2316 1129 2316 1228 2317 1198 2317 1130 2317 1228 2318 1130 2318 1157 2318 1229 2319 1131 2319 1158 2319 1229 2320 1199 2320 1131 2320 1230 2321 1202 2321 1200 2321 1230 2322 1200 2322 1132 2322 1230 2323 1132 2323 1159 2323 1231 2324 1203 2324 4 2324 1232 2325 1133 2325 1160 2325 1232 2326 1204 2326 1133 2326 1233 2327 1205 2327 1134 2327 1233 2328 1134 2328 1161 2328 1234 2329 1206 2329 1135 2329 1234 2330 1135 2330 1162 2330 1235 2331 1136 2331 1163 2331 1235 2332 1207 2332 1136 2332 1236 2333 1137 2333 1164 2333 1236 2334 1208 2334 1137 2334 1237 2335 1138 2335 1165 2335 1237 2336 1209 2336 1138 2336 1238 2337 1139 2337 1166 2337 1238 2338 1210 2338 1139 2338 1239 2339 1140 2339 1167 2339 1239 2340 1211 2340 1140 2340 1240 2341 1141 2341 1168 2341 1240 2342 1212 2342 1141 2342 1241 2343 1142 2343 1169 2343 1241 2344 1213 2344 1142 2344 1242 2345 1143 2345 1170 2345 1242 2346 1214 2346 1143 2346 1243 2347 1215 2347 1144 2347 1243 2348 1144 2348 1171 2348 1244 2349 1145 2349 1172 2349 1244 2350 1216 2350 1145 2350 1245 2351 1146 2351 1173 2351 1245 2352 1217 2352 1146 2352 1246 2353 1147 2353 1174 2353 1246 2354 1218 2354 1147 2354 1247 2355 1148 2355 1175 2355 1247 2356 1219 2356 1148 2356 1248 2357 1220 2357 1149 2357 1248 2358 1149 2358 1176 2358 1249 2359 1221 2359 1150 2359 1249 2360 1150 2360 1177 2360 1250 2361 1151 2361 1178 2361 1250 2362 1222 2362 1151 2362 1251 2363 1223 2363 1152 2363 1251 2364 1152 2364 1179 2364 1252 2365 1153 2365 1180 2365 1252 2366 1224 2366 1153 2366 1253 2367 1225 2367 1154 2367 1253 2368 1154 2368 1181 2368 1254 2369 1155 2369 1182 2369 1254 2370 1226 2370 1155 2370 1255 2371 1156 2371 1183 2371 1255 2372 1227 2372 1156 2372 1256 2373 1157 2373 1184 2373 1256 2374 1228 2374 1157 2374 1257 2375 1158 2375 1185 2375 1257 2376 1229 2376 1158 2376 1258 2377 1230 2377 1159 2377 1258 2378 1159 2378 1186 2378 1259 2379 1231 2379 4 2379 1260 2380 1160 2380 1187 2380 1260 2381 1232 2381 1160 2381 1261 2382 1161 2382 1188 2382 1261 2383 1233 2383 1161 2383 1262 2384 1162 2384 1189 2384 1262 2385 1234 2385 1162 2385 1263 2386 1235 2386 1163 2386 1263 2387 1163 2387 1190 2387 1264 2388 1164 2388 1191 2388 1264 2389 1236 2389 1164 2389 1265 2390 1237 2390 1165 2390 1265 2391 1165 2391 1192 2391 1266 2392 1238 2392 1166 2392 1266 2393 1166 2393 1193 2393 1267 2394 1167 2394 1194 2394 1267 2395 1239 2395 1167 2395 1268 2396 1240 2396 1168 2396 1268 2397 1168 2397 1195 2397 1269 2398 1241 2398 1169 2398 1269 2399 1169 2399 1196 2399 1270 2400 1170 2400 1197 2400 1270 2401 1242 2401 1170 2401 1271 2402 1243 2402 1171 2402 1271 2403 1171 2403 1198 2403 1272 2404 1172 2404 1199 2404 1272 2405 1244 2405 1172 2405 1273 2406 1274 2406 1202 2406 1275 2407 1173 2407 1203 2407 1275 2408 1245 2408 1173 2408 1276 2409 1174 2409 1204 2409 1276 2410 1246 2410 1174 2410 1277 2411 1175 2411 1205 2411 1277 2412 1247 2412 1175 2412 1278 2413 1176 2413 1206 2413 1278 2414 1248 2414 1176 2414 1279 2415 1177 2415 1207 2415 1279 2416 1249 2416 1177 2416 1280 2417 1250 2417 1178 2417 1280 2418 1178 2418 1208 2418 1281 2419 1179 2419 1209 2419 1281 2420 1251 2420 1179 2420 1282 2421 1252 2421 1180 2421 1282 2422 1180 2422 1210 2422 1283 2423 1181 2423 1211 2423 1283 2424 1253 2424 1181 2424 1284 2425 1182 2425 1212 2425 1284 2426 1254 2426 1182 2426 1285 2427 1255 2427 1183 2427 1285 2428 1183 2428 1213 2428 1286 2429 1184 2429 1214 2429 1286 2430 1256 2430 1184 2430 1287 2431 1257 2431 1185 2431 1287 2432 1185 2432 1215 2432 1288 2433 1186 2433 1216 2433 1288 2434 1258 2434 1186 2434 1289 2435 1259 2435 4 2435 1290 2436 1260 2436 1187 2436 1290 2437 1187 2437 1217 2437 1291 2438 1261 2438 1188 2438 1291 2439 1188 2439 1218 2439 1292 2440 1189 2440 1219 2440 1292 2441 1262 2441 1189 2441 1293 2442 1190 2442 1220 2442 1293 2443 1263 2443 1190 2443 1294 2444 1264 2444 1191 2444 1294 2445 1191 2445 1221 2445 1295 2446 1265 2446 1192 2446 1295 2447 1192 2447 1222 2447 1296 2448 1266 2448 1193 2448 1296 2449 1193 2449 1223 2449 1297 2450 1194 2450 1224 2450 1297 2451 1267 2451 1194 2451 1298 2452 1195 2452 1225 2452 1298 2453 1268 2453 1195 2453 1299 2454 1196 2454 1226 2454 1299 2455 1269 2455 1196 2455 1300 2456 1270 2456 1197 2456 1300 2457 1197 2457 1227 2457 1301 2458 1271 2458 1198 2458 1301 2459 1198 2459 1228 2459 1302 2460 1272 2460 1199 2460 1302 2461 1199 2461 1229 2461 1303 2462 1274 2462 1273 2462 1303 2463 1273 2463 1202 2463 1303 2464 1202 2464 1230 2464 1304 2465 1203 2465 1231 2465 1304 2466 1275 2466 1203 2466 1305 2467 1204 2467 1232 2467 1305 2468 1276 2468 1204 2468 1306 2469 1205 2469 1233 2469 1306 2470 1277 2470 1205 2470 1307 2471 1206 2471 1234 2471 1307 2472 1278 2472 1206 2472 1308 2473 1279 2473 1207 2473 1308 2474 1207 2474 1235 2474 1309 2475 1208 2475 1236 2475 1309 2476 1280 2476 1208 2476 1310 2477 1209 2477 1237 2477 1310 2478 1281 2478 1209 2478 1311 2479 1210 2479 1238 2479 1311 2480 1282 2480 1210 2480 1312 2481 1283 2481 1211 2481 1312 2482 1211 2482 1239 2482 1313 2483 1212 2483 1240 2483 1313 2484 1284 2484 1212 2484 1314 2485 1213 2485 1241 2485 1314 2486 1285 2486 1213 2486 1315 2487 1214 2487 1242 2487 1315 2488 1286 2488 1214 2488 1316 2489 1287 2489 1215 2489 1316 2490 1215 2490 1243 2490 1317 2491 1216 2491 1244 2491 1317 2492 1288 2492 1216 2492 1318 2493 1289 2493 4 2493 1319 2494 1217 2494 1245 2494 1319 2495 1290 2495 1217 2495 1320 2496 1218 2496 1246 2496 1320 2497 1291 2497 1218 2497 1321 2498 1219 2498 1247 2498 1321 2499 1292 2499 1219 2499 1322 2500 1293 2500 1220 2500 1322 2501 1220 2501 1248 2501 1323 2502 1294 2502 1221 2502 1323 2503 1221 2503 1249 2503 1324 2504 1222 2504 1250 2504 1324 2505 1295 2505 1222 2505 1325 2506 1223 2506 1251 2506 1325 2507 1296 2507 1223 2507 1326 2508 1224 2508 1252 2508 1326 2509 1297 2509 1224 2509 1327 2510 1225 2510 1253 2510 1327 2511 1298 2511 1225 2511 1328 2512 1299 2512 1226 2512 1328 2513 1226 2513 1254 2513 1329 2514 1227 2514 1255 2514 1329 2515 1300 2515 1227 2515 1330 2516 1228 2516 1256 2516 1330 2517 1301 2517 1228 2517 1331 2518 1229 2518 1257 2518 1331 2519 1302 2519 1229 2519 1332 2520 1230 2520 1258 2520 1332 2521 1303 2521 1230 2521 1333 2522 1304 2522 1231 2522 1333 2523 1231 2523 1259 2523 1334 2524 1305 2524 1232 2524 1334 2525 1232 2525 1260 2525 1335 2526 1306 2526 1233 2526 1335 2527 1233 2527 1261 2527 1336 2528 1307 2528 1234 2528 1336 2529 1234 2529 1262 2529 1337 2530 1235 2530 1263 2530 1337 2531 1308 2531 1235 2531 1338 2532 1236 2532 1264 2532 1338 2533 1309 2533 1236 2533 1339 2534 1237 2534 1265 2534 1339 2535 1310 2535 1237 2535 1340 2536 1238 2536 1266 2536 1340 2537 1311 2537 1238 2537 1341 2538 1312 2538 1239 2538 1341 2539 1239 2539 1267 2539 1342 2540 1240 2540 1268 2540 1342 2541 1313 2541 1240 2541 1343 2542 1314 2542 1241 2542 1343 2543 1241 2543 1269 2543 1344 2544 1315 2544 1242 2544 1344 2545 1242 2545 1270 2545 1345 2546 1316 2546 1243 2546 1345 2547 1243 2547 1271 2547 1346 2548 1244 2548 1272 2548 1346 2549 1317 2549 1244 2549 1347 2550 1318 2550 4 2550 1348 2551 1245 2551 1275 2551 1348 2552 1319 2552 1245 2552 1349 2553 1246 2553 1276 2553 1349 2554 1320 2554 1246 2554 1350 2555 1247 2555 1277 2555 1350 2556 1321 2556 1247 2556 1351 2557 1322 2557 1248 2557 1351 2558 1248 2558 1278 2558 1352 2559 1323 2559 1249 2559 1352 2560 1249 2560 1279 2560 1353 2561 1324 2561 1250 2561 1353 2562 1250 2562 1280 2562 1354 2563 1325 2563 1251 2563 1354 2564 1251 2564 1281 2564 1355 2565 1252 2565 1282 2565 1355 2566 1326 2566 1252 2566 1356 2567 1253 2567 1283 2567 1356 2568 1327 2568 1253 2568 1357 2569 1328 2569 1254 2569 1357 2570 1254 2570 1284 2570 1358 2571 1329 2571 1255 2571 1358 2572 1255 2572 1285 2572 1359 2573 1330 2573 1256 2573 1359 2574 1256 2574 1286 2574 1360 2575 1257 2575 1287 2575 1360 2576 1331 2576 1257 2576 1361 2577 1332 2577 1258 2577 1361 2578 1258 2578 1288 2578 1362 2579 1259 2579 1289 2579 1362 2580 1333 2580 1259 2580 1363 2581 1334 2581 1260 2581 1363 2582 1260 2582 1290 2582 1364 2583 1335 2583 1261 2583 1364 2584 1261 2584 1291 2584 1365 2585 1336 2585 1262 2585 1365 2586 1262 2586 1292 2586 1366 2587 1263 2587 1293 2587 1366 2588 1337 2588 1263 2588 1367 2589 1338 2589 1264 2589 1367 2590 1264 2590 1294 2590 1368 2591 1339 2591 1265 2591 1368 2592 1265 2592 1295 2592 1369 2593 1266 2593 1296 2593 1369 2594 1340 2594 1266 2594 1370 2595 1341 2595 1267 2595 1370 2596 1267 2596 1297 2596 1371 2597 1342 2597 1268 2597 1371 2598 1268 2598 1298 2598 1372 2599 1343 2599 1269 2599 1372 2600 1269 2600 1299 2600 1373 2601 1270 2601 1300 2601 1373 2602 1344 2602 1270 2602 1374 2603 1345 2603 1271 2603 1374 2604 1271 2604 1301 2604 1375 2605 1272 2605 1302 2605 1375 2606 1346 2606 1272 2606 1376 2607 1377 2607 1274 2607 1376 2608 1378 2608 1377 2608 1376 2609 1274 2609 1303 2609 1379 2610 1347 2610 4 2610 1379 2611 4 2611 2 2611 1380 2612 1348 2612 1275 2612 1380 2613 1275 2613 1304 2613 1381 2614 1276 2614 1305 2614 1381 2615 1349 2615 1276 2615 1382 2616 1277 2616 1306 2616 1382 2617 1350 2617 1277 2617 1383 2618 1351 2618 1278 2618 1383 2619 1278 2619 1307 2619 1384 2620 1279 2620 1308 2620 1384 2621 1352 2621 1279 2621 1385 2622 1353 2622 1280 2622 1385 2623 1280 2623 1309 2623 1386 2624 1354 2624 1281 2624 1386 2625 1281 2625 1310 2625 1387 2626 1355 2626 1282 2626 1387 2627 1282 2627 1311 2627 1388 2628 1356 2628 1283 2628 1388 2629 1283 2629 1312 2629 1389 2630 1284 2630 1313 2630 1389 2631 1357 2631 1284 2631 1390 2632 1285 2632 1314 2632 1390 2633 1358 2633 1285 2633 1391 2634 1286 2634 1315 2634 1391 2635 1359 2635 1286 2635 1392 2636 1360 2636 1287 2636 1392 2637 1287 2637 1316 2637 1393 2638 1288 2638 1317 2638 1393 2639 1361 2639 1288 2639 1394 2640 1289 2640 1318 2640 1394 2641 1362 2641 1289 2641 1395 2642 1290 2642 1319 2642 1395 2643 1363 2643 1290 2643 1396 2644 1291 2644 1320 2644 1396 2645 1364 2645 1291 2645 1397 2646 1365 2646 1292 2646 1397 2647 1292 2647 1321 2647 1398 2648 1293 2648 1322 2648 1398 2649 1366 2649 1293 2649 1399 2650 1294 2650 1323 2650 1399 2651 1367 2651 1294 2651 1400 2652 1368 2652 1295 2652 1400 2653 1295 2653 1324 2653 1401 2654 1296 2654 1325 2654 1401 2655 1369 2655 1296 2655 1402 2656 1297 2656 1326 2656 1402 2657 1370 2657 1297 2657 1403 2658 1371 2658 1298 2658 1403 2659 1298 2659 1327 2659 1404 2660 1372 2660 1299 2660 1404 2661 1299 2661 1328 2661 1405 2662 1373 2662 1300 2662 1405 2663 1300 2663 1329 2663 1406 2664 1374 2664 1301 2664 1406 2665 1301 2665 1330 2665 1407 2666 1375 2666 1302 2666 1407 2667 1302 2667 1331 2667 1408 2668 1376 2668 1303 2668 1408 2669 1303 2669 1332 2669 1409 2670 1 2670 1379 2670 1409 2671 1379 2671 2 2671 1409 2672 2 2672 1 2672 1410 2673 1380 2673 1304 2673 1410 2674 1304 2674 1333 2674 1411 2675 1305 2675 1334 2675 1411 2676 1381 2676 1305 2676 1412 2677 1382 2677 1306 2677 1412 2678 1306 2678 1335 2678 1413 2679 1383 2679 1307 2679 1413 2680 1307 2680 1336 2680 1414 2681 1384 2681 1308 2681 1414 2682 1308 2682 1337 2682 1415 2683 1309 2683 1338 2683 1415 2684 1385 2684 1309 2684 1416 2685 1386 2685 1310 2685 1416 2686 1310 2686 1339 2686 1417 2687 1311 2687 1340 2687 1417 2688 1387 2688 1311 2688 1418 2689 1388 2689 1312 2689 1418 2690 1312 2690 1341 2690 1419 2691 1313 2691 1342 2691 1419 2692 1389 2692 1313 2692 1420 2693 1314 2693 1343 2693 1420 2694 1390 2694 1314 2694 1421 2695 1315 2695 1344 2695 1421 2696 1391 2696 1315 2696 1422 2697 1392 2697 1316 2697 1422 2698 1316 2698 1345 2698 1423 2699 1317 2699 1346 2699 1423 2700 1393 2700 1317 2700 1424 2701 1318 2701 1347 2701 1424 2702 1394 2702 1318 2702 1425 2703 1319 2703 1348 2703 1425 2704 1395 2704 1319 2704 1426 2705 1396 2705 1320 2705 1426 2706 1320 2706 1349 2706 1427 2707 1321 2707 1350 2707 1427 2708 1397 2708 1321 2708 1428 2709 1398 2709 1322 2709 1428 2710 1322 2710 1351 2710 1429 2711 1399 2711 1323 2711 1429 2712 1323 2712 1352 2712 1430 2713 1324 2713 1353 2713 1430 2714 1400 2714 1324 2714 1431 2715 1401 2715 1325 2715 1431 2716 1325 2716 1354 2716 1432 2717 1326 2717 1355 2717 1432 2718 1402 2718 1326 2718 1433 2719 1327 2719 1356 2719 1433 2720 1403 2720 1327 2720 1434 2721 1404 2721 1328 2721 1434 2722 1328 2722 1357 2722 1435 2723 1329 2723 1358 2723 1435 2724 1405 2724 1329 2724 1436 2725 1330 2725 1359 2725 1436 2726 1406 2726 1330 2726 1437 2727 1407 2727 1331 2727 1437 2728 1331 2728 1360 2728 1438 2729 1408 2729 1332 2729 1438 2730 1332 2730 1361 2730 1439 2731 1333 2731 1362 2731 1439 2732 1410 2732 1333 2732 1440 2733 1334 2733 1363 2733 1440 2734 1411 2734 1334 2734 1441 2735 1412 2735 1335 2735 1441 2736 1335 2736 1364 2736 1442 2737 1413 2737 1336 2737 1442 2738 1336 2738 1365 2738 1443 2739 1337 2739 1366 2739 1443 2740 1414 2740 1337 2740 1444 2741 1338 2741 1367 2741 1444 2742 1415 2742 1338 2742 1445 2743 1339 2743 1368 2743 1445 2744 1416 2744 1339 2744 1446 2745 1340 2745 1369 2745 1446 2746 1417 2746 1340 2746 1447 2747 1418 2747 1341 2747 1447 2748 1341 2748 1370 2748 1448 2749 1342 2749 1371 2749 1448 2750 1419 2750 1342 2750 1449 2751 1343 2751 1372 2751 1449 2752 1420 2752 1343 2752 1450 2753 1421 2753 1344 2753 1450 2754 1344 2754 1373 2754 1451 2755 1422 2755 1345 2755 1451 2756 1345 2756 1374 2756 1452 2757 1423 2757 1346 2757 1452 2758 1346 2758 1375 2758 1453 2759 1454 2759 1378 2759 1455 2760 1379 2760 1 2760 1455 2761 1347 2761 1379 2761 1455 2762 1424 2762 1347 2762 1456 2763 1348 2763 1380 2763 1456 2764 1425 2764 1348 2764 1457 2765 1349 2765 1381 2765 1457 2766 1426 2766 1349 2766 1458 2767 1350 2767 1382 2767 1458 2768 1427 2768 1350 2768 1459 2769 1428 2769 1351 2769 1459 2770 1351 2770 1383 2770 1460 2771 1352 2771 1384 2771 1460 2772 1429 2772 1352 2772 1461 2773 1430 2773 1353 2773 1461 2774 1353 2774 1385 2774 1462 2775 1354 2775 1386 2775 1462 2776 1431 2776 1354 2776 1463 2777 1432 2777 1355 2777 1463 2778 1355 2778 1387 2778 1464 2779 1356 2779 1388 2779 1464 2780 1433 2780 1356 2780 1465 2781 1357 2781 1389 2781 1465 2782 1434 2782 1357 2782 1466 2783 1435 2783 1358 2783 1466 2784 1358 2784 1390 2784 1467 2785 1359 2785 1391 2785 1467 2786 1436 2786 1359 2786 1468 2787 1360 2787 1392 2787 1468 2788 1437 2788 1360 2788 1469 2789 1361 2789 1393 2789 1469 2790 1438 2790 1361 2790 1470 2791 1362 2791 1394 2791 1470 2792 1439 2792 1362 2792 1471 2793 1363 2793 1395 2793 1471 2794 1440 2794 1363 2794 1472 2795 1441 2795 1364 2795 1472 2796 1364 2796 1396 2796 1473 2797 1442 2797 1365 2797 1473 2798 1365 2798 1397 2798 1474 2799 1443 2799 1366 2799 1474 2800 1366 2800 1398 2800 1475 2801 1367 2801 1399 2801 1475 2802 1444 2802 1367 2802 1476 2803 1445 2803 1368 2803 1476 2804 1368 2804 1400 2804 1477 2805 1369 2805 1401 2805 1477 2806 1446 2806 1369 2806 1478 2807 1447 2807 1370 2807 1478 2808 1370 2808 1402 2808 1479 2809 1371 2809 1403 2809 1479 2810 1448 2810 1371 2810 1480 2811 1372 2811 1404 2811 1480 2812 1449 2812 1372 2812 1481 2813 1373 2813 1405 2813 1481 2814 1450 2814 1373 2814 1482 2815 1451 2815 1374 2815 1482 2816 1374 2816 1406 2816 1483 2817 1452 2817 1375 2817 1483 2818 1375 2818 1407 2818 1484 2819 1453 2819 1378 2819 1484 2820 1454 2820 1453 2820 1484 2821 1376 2821 1408 2821 1484 2822 1378 2822 1376 2822 1485 2823 1455 2823 1 2823 1485 2824 1 2824 8 2824 1485 2825 8 2825 9 2825 1486 2826 1380 2826 1410 2826 1486 2827 1456 2827 1380 2827 1487 2828 1381 2828 1411 2828 1487 2829 1457 2829 1381 2829 1488 2830 1382 2830 1412 2830 1488 2831 1458 2831 1382 2831 1489 2832 1459 2832 1383 2832 1489 2833 1383 2833 1413 2833 1490 2834 1460 2834 1384 2834 1490 2835 1384 2835 1414 2835 1491 2836 1461 2836 1385 2836 1491 2837 1385 2837 1415 2837 1492 2838 1386 2838 1416 2838 1492 2839 1462 2839 1386 2839 1493 2840 1463 2840 1387 2840 1493 2841 1387 2841 1417 2841 1494 2842 1388 2842 1418 2842 1494 2843 1464 2843 1388 2843 1495 2844 1389 2844 1419 2844 1495 2845 1465 2845 1389 2845 1496 2846 1390 2846 1420 2846 1496 2847 1466 2847 1390 2847 1497 2848 1391 2848 1421 2848 1497 2849 1467 2849 1391 2849 1498 2850 1392 2850 1422 2850 1498 2851 1468 2851 1392 2851 1499 2852 1393 2852 1423 2852 1499 2853 1469 2853 1393 2853 1500 2854 1394 2854 1424 2854 1500 2855 1470 2855 1394 2855 1501 2856 1395 2856 1425 2856 1501 2857 1471 2857 1395 2857 1502 2858 1396 2858 1426 2858 1502 2859 1472 2859 1396 2859 1503 2860 1397 2860 1427 2860 1503 2861 1473 2861 1397 2861 1504 2862 1474 2862 1398 2862 1504 2863 1398 2863 1428 2863 1505 2864 1399 2864 1429 2864 1505 2865 1475 2865 1399 2865 1506 2866 1400 2866 1430 2866 1506 2867 1476 2867 1400 2867 1507 2868 1401 2868 1431 2868 1507 2869 1477 2869 1401 2869 1508 2870 1402 2870 1432 2870 1508 2871 1478 2871 1402 2871 1509 2872 1403 2872 1433 2872 1509 2873 1479 2873 1403 2873 1510 2874 1480 2874 1404 2874 1510 2875 1404 2875 1434 2875 1511 2876 1405 2876 1435 2876 1511 2877 1481 2877 1405 2877 1512 2878 1482 2878 1406 2878 1512 2879 1406 2879 1436 2879 1513 2880 1407 2880 1437 2880 1513 2881 1483 2881 1407 2881 1514 2882 1484 2882 1408 2882 1514 2883 1408 2883 1438 2883 1515 2884 1410 2884 1439 2884 1515 2885 1486 2885 1410 2885 1516 2886 1411 2886 1440 2886 1516 2887 1487 2887 1411 2887 1517 2888 1488 2888 1412 2888 1517 2889 1412 2889 1441 2889 1518 2890 1489 2890 1413 2890 1518 2891 1413 2891 1442 2891 1519 2892 1414 2892 1443 2892 1519 2893 1490 2893 1414 2893 1520 2894 1415 2894 1444 2894 1520 2895 1491 2895 1415 2895 1521 2896 1416 2896 1445 2896 1521 2897 1492 2897 1416 2897 1522 2898 1417 2898 1446 2898 1522 2899 1493 2899 1417 2899 1523 2900 1418 2900 1447 2900 1523 2901 1494 2901 1418 2901 1524 2902 1419 2902 1448 2902 1524 2903 1495 2903 1419 2903 1525 2904 1420 2904 1449 2904 1525 2905 1496 2905 1420 2905 1526 2906 1421 2906 1450 2906 1526 2907 1497 2907 1421 2907 1527 2908 1498 2908 1422 2908 1527 2909 1422 2909 1451 2909 1528 2910 1423 2910 1452 2910 1528 2911 1499 2911 1423 2911 1529 2912 1424 2912 1455 2912 1529 2913 1500 2913 1424 2913 1530 2914 1425 2914 1456 2914 1530 2915 1501 2915 1425 2915 1531 2916 1502 2916 1426 2916 1531 2917 1426 2917 1457 2917 1532 2918 1427 2918 1458 2918 1532 2919 1503 2919 1427 2919 1533 2920 1428 2920 1459 2920 1533 2921 1504 2921 1428 2921 1534 2922 1429 2922 1460 2922 1534 2923 1505 2923 1429 2923 1535 2924 1506 2924 1430 2924 1535 2925 1430 2925 1461 2925 1536 2926 1431 2926 1462 2926 1536 2927 1507 2927 1431 2927 1537 2928 1432 2928 1463 2928 1537 2929 1508 2929 1432 2929 1538 2930 1509 2930 1433 2930 1538 2931 1433 2931 1464 2931 1539 2932 1510 2932 1434 2932 1539 2933 1434 2933 1465 2933 1540 2934 1511 2934 1435 2934 1540 2935 1435 2935 1466 2935 1541 2936 1512 2936 1436 2936 1541 2937 1436 2937 1467 2937 1542 2938 1513 2938 1437 2938 1542 2939 1437 2939 1468 2939 1543 2940 1514 2940 1438 2940 1543 2941 1438 2941 1469 2941 1544 2942 1515 2942 1439 2942 1544 2943 1439 2943 1470 2943 1545 2944 1440 2944 1471 2944 1545 2945 1516 2945 1440 2945 1546 2946 1517 2946 1441 2946 1546 2947 1441 2947 1472 2947 1547 2948 1442 2948 1473 2948 1547 2949 1518 2949 1442 2949 1548 2950 1519 2950 1443 2950 1548 2951 1443 2951 1474 2951 1549 2952 1520 2952 1444 2952 1549 2953 1444 2953 1475 2953 1550 2954 1445 2954 1476 2954 1550 2955 1521 2955 1445 2955 1551 2956 1522 2956 1446 2956 1551 2957 1446 2957 1477 2957 1552 2958 1523 2958 1447 2958 1552 2959 1447 2959 1478 2959 1553 2960 1448 2960 1479 2960 1553 2961 1524 2961 1448 2961 1554 2962 1449 2962 1480 2962 1554 2963 1525 2963 1449 2963 1555 2964 1450 2964 1481 2964 1555 2965 1526 2965 1450 2965 1556 2966 1451 2966 1482 2966 1556 2967 1527 2967 1451 2967 1557 2968 1528 2968 1452 2968 1557 2969 1452 2969 1483 2969 1558 2970 1559 2970 1454 2970 1558 2971 1560 2971 1559 2971 1561 2972 1455 2972 1485 2972 1561 2973 1485 2973 9 2973 1561 2974 1529 2974 1455 2974 1562 2975 1456 2975 1486 2975 1562 2976 1530 2976 1456 2976 1563 2977 1457 2977 1487 2977 1563 2978 1531 2978 1457 2978 1564 2979 1532 2979 1458 2979 1564 2980 1458 2980 1488 2980 1565 2981 1459 2981 1489 2981 1565 2982 1533 2982 1459 2982 1566 2983 1534 2983 1460 2983 1566 2984 1460 2984 1490 2984 1567 2985 1461 2985 1491 2985 1567 2986 1535 2986 1461 2986 1568 2987 1462 2987 1492 2987 1568 2988 1536 2988 1462 2988 1569 2989 1463 2989 1493 2989 1569 2990 1537 2990 1463 2990 1570 2991 1538 2991 1464 2991 1570 2992 1464 2992 1494 2992 1571 2993 1465 2993 1495 2993 1571 2994 1539 2994 1465 2994 1572 2995 1466 2995 1496 2995 1572 2996 1540 2996 1466 2996 1573 2997 1467 2997 1497 2997 1573 2998 1541 2998 1467 2998 1574 2999 1468 2999 1498 2999 1574 3000 1542 3000 1468 3000 1575 3001 1543 3001 1469 3001 1575 3002 1469 3002 1499 3002 1576 3003 1544 3003 1470 3003 1576 3004 1470 3004 1500 3004 1577 3005 1545 3005 1471 3005 1577 3006 1471 3006 1501 3006 1578 3007 1546 3007 1472 3007 1578 3008 1472 3008 1502 3008 1579 3009 1473 3009 1503 3009 1579 3010 1547 3010 1473 3010 1580 3011 1548 3011 1474 3011 1580 3012 1474 3012 1504 3012 1581 3013 1475 3013 1505 3013 1581 3014 1549 3014 1475 3014 1582 3015 1550 3015 1476 3015 1582 3016 1476 3016 1506 3016 1583 3017 1551 3017 1477 3017 1583 3018 1477 3018 1507 3018 1584 3019 1478 3019 1508 3019 1584 3020 1552 3020 1478 3020 1585 3021 1479 3021 1509 3021 1585 3022 1553 3022 1479 3022 1586 3023 1480 3023 1510 3023 1586 3024 1554 3024 1480 3024 1587 3025 1555 3025 1481 3025 1587 3026 1481 3026 1511 3026 1588 3027 1482 3027 1512 3027 1588 3028 1556 3028 1482 3028 1589 3029 1557 3029 1483 3029 1589 3030 1483 3030 1513 3030 1590 3031 1558 3031 1454 3031 1590 3032 1454 3032 1484 3032 1590 3033 1484 3033 1514 3033 1591 3034 1561 3034 9 3034 1591 3035 16 3035 1561 3035 1591 3036 9 3036 16 3036 1592 3037 1486 3037 1515 3037 1592 3038 1562 3038 1486 3038 1593 3039 1487 3039 1516 3039 1593 3040 1563 3040 1487 3040 1594 3041 1488 3041 1517 3041 1594 3042 1564 3042 1488 3042 1595 3043 1489 3043 1518 3043 1595 3044 1565 3044 1489 3044 1596 3045 1566 3045 1490 3045 1596 3046 1490 3046 1519 3046 1597 3047 1567 3047 1491 3047 1597 3048 1491 3048 1520 3048 1598 3049 1492 3049 1521 3049 1598 3050 1568 3050 1492 3050 1599 3051 1569 3051 1493 3051 1599 3052 1493 3052 1522 3052 1600 3053 1494 3053 1523 3053 1600 3054 1570 3054 1494 3054 1601 3055 1571 3055 1495 3055 1601 3056 1495 3056 1524 3056 1602 3057 1496 3057 1525 3057 1602 3058 1572 3058 1496 3058 1603 3059 1497 3059 1526 3059 1603 3060 1573 3060 1497 3060 1604 3061 1574 3061 1498 3061 1604 3062 1498 3062 1527 3062 1605 3063 1499 3063 1528 3063 1605 3064 1575 3064 1499 3064 1606 3065 1500 3065 1529 3065 1606 3066 1576 3066 1500 3066 1607 3067 1501 3067 1530 3067 1607 3068 1577 3068 1501 3068 1608 3069 1578 3069 1502 3069 1608 3070 1502 3070 1531 3070 1609 3071 1579 3071 1503 3071 1609 3072 1503 3072 1532 3072 1610 3073 1504 3073 1533 3073 1610 3074 1580 3074 1504 3074 1611 3075 1505 3075 1534 3075 1611 3076 1581 3076 1505 3076 1612 3077 1506 3077 1535 3077 1612 3078 1582 3078 1506 3078 1613 3079 1583 3079 1507 3079 1613 3080 1507 3080 1536 3080 1614 3081 1584 3081 1508 3081 1614 3082 1508 3082 1537 3082 1615 3083 1585 3083 1509 3083 1615 3084 1509 3084 1538 3084 1616 3085 1586 3085 1510 3085 1616 3086 1510 3086 1539 3086 1617 3087 1587 3087 1511 3087 1617 3088 1511 3088 1540 3088 1618 3089 1512 3089 1541 3089 1618 3090 1588 3090 1512 3090 1619 3091 1589 3091 1513 3091 1619 3092 1513 3092 1542 3092 1620 3093 1590 3093 1514 3093 1620 3094 1514 3094 1543 3094 1621 3095 1592 3095 1515 3095 1621 3096 1515 3096 1544 3096 1622 3097 1516 3097 1545 3097 1622 3098 1593 3098 1516 3098 1623 3099 1517 3099 1546 3099 1623 3100 1594 3100 1517 3100 1624 3101 1518 3101 1547 3101 1624 3102 1595 3102 1518 3102 1625 3103 1596 3103 1519 3103 1625 3104 1519 3104 1548 3104 1626 3105 1597 3105 1520 3105 1626 3106 1520 3106 1549 3106 1627 3107 1521 3107 1550 3107 1627 3108 1598 3108 1521 3108 1628 3109 1599 3109 1522 3109 1628 3110 1522 3110 1551 3110 1629 3111 1600 3111 1523 3111 1629 3112 1523 3112 1552 3112 1630 3113 1601 3113 1524 3113 1630 3114 1524 3114 1553 3114 1631 3115 1525 3115 1554 3115 1631 3116 1602 3116 1525 3116 1632 3117 1526 3117 1555 3117 1632 3118 1603 3118 1526 3118 1633 3119 1527 3119 1556 3119 1633 3120 1604 3120 1527 3120 1634 3121 1605 3121 1528 3121 1634 3122 1528 3122 1557 3122 1635 3123 1636 3123 1560 3123 1637 3124 1561 3124 16 3124 1637 3125 1529 3125 1561 3125 1637 3126 1606 3126 1529 3126 1638 3127 1530 3127 1562 3127 1638 3128 1607 3128 1530 3128 1639 3129 1608 3129 1531 3129 1639 3130 1531 3130 1563 3130 1640 3131 1609 3131 1532 3131 1640 3132 1532 3132 1564 3132 1641 3133 1610 3133 1533 3133 1641 3134 1533 3134 1565 3134 1642 3135 1611 3135 1534 3135 1642 3136 1534 3136 1566 3136 1643 3137 1612 3137 1535 3137 1643 3138 1535 3138 1567 3138 1644 3139 1613 3139 1536 3139 1644 3140 1536 3140 1568 3140 1645 3141 1614 3141 1537 3141 1645 3142 1537 3142 1569 3142 1646 3143 1615 3143 1538 3143 1646 3144 1538 3144 1570 3144 1647 3145 1616 3145 1539 3145 1647 3146 1539 3146 1571 3146 1648 3147 1617 3147 1540 3147 1648 3148 1540 3148 1572 3148 1649 3149 1618 3149 1541 3149 1649 3150 1541 3150 1573 3150 1650 3151 1619 3151 1542 3151 1650 3152 1542 3152 1574 3152 1651 3153 1543 3153 1575 3153 1651 3154 1620 3154 1543 3154 1652 3155 1544 3155 1576 3155 1652 3156 1621 3156 1544 3156 1653 3157 1545 3157 1577 3157 1653 3158 1622 3158 1545 3158 1654 3159 1623 3159 1546 3159 1654 3160 1546 3160 1578 3160 1655 3161 1547 3161 1579 3161 1655 3162 1624 3162 1547 3162 1656 3163 1625 3163 1548 3163 1656 3164 1548 3164 1580 3164 1657 3165 1626 3165 1549 3165 1657 3166 1549 3166 1581 3166 1658 3167 1627 3167 1550 3167 1658 3168 1550 3168 1582 3168 1659 3169 1628 3169 1551 3169 1659 3170 1551 3170 1583 3170 1660 3171 1629 3171 1552 3171 1660 3172 1552 3172 1584 3172 1661 3173 1553 3173 1585 3173 1661 3174 1630 3174 1553 3174 1662 3175 1631 3175 1554 3175 1662 3176 1554 3176 1586 3176 1663 3177 1555 3177 1587 3177 1663 3178 1632 3178 1555 3178 1664 3179 1633 3179 1556 3179 1664 3180 1556 3180 1588 3180 1665 3181 1634 3181 1557 3181 1665 3182 1557 3182 1589 3182 1666 3183 1560 3183 1558 3183 1666 3184 1636 3184 1635 3184 1666 3185 1635 3185 1560 3185 1666 3186 1558 3186 1590 3186 1667 3187 1637 3187 16 3187 1667 3188 16 3188 28 3188 1668 3189 1562 3189 1592 3189 1668 3190 1638 3190 1562 3190 1669 3191 1563 3191 1593 3191 1669 3192 1639 3192 1563 3192 1670 3193 1564 3193 1594 3193 1670 3194 1640 3194 1564 3194 1671 3195 1641 3195 1565 3195 1671 3196 1565 3196 1595 3196 1672 3197 1566 3197 1596 3197 1672 3198 1642 3198 1566 3198 1673 3199 1643 3199 1567 3199 1673 3200 1567 3200 1597 3200 1674 3201 1644 3201 1568 3201 1674 3202 1568 3202 1598 3202 1675 3203 1569 3203 1599 3203 1675 3204 1645 3204 1569 3204 1676 3205 1570 3205 1600 3205 1676 3206 1646 3206 1570 3206 1677 3207 1647 3207 1571 3207 1677 3208 1571 3208 1601 3208 1678 3209 1648 3209 1572 3209 1678 3210 1572 3210 1602 3210 1679 3211 1649 3211 1573 3211 1679 3212 1573 3212 1603 3212 1680 3213 1574 3213 1604 3213 1680 3214 1650 3214 1574 3214 1681 3215 1575 3215 1605 3215 1681 3216 1651 3216 1575 3216 1682 3217 1576 3217 1606 3217 1682 3218 1652 3218 1576 3218 1683 3219 1577 3219 1607 3219 1683 3220 1653 3220 1577 3220 1684 3221 1578 3221 1608 3221 1684 3222 1654 3222 1578 3222 1685 3223 1655 3223 1579 3223 1685 3224 1579 3224 1609 3224 1686 3225 1580 3225 1610 3225 1686 3226 1656 3226 1580 3226 1687 3227 1581 3227 1611 3227 1687 3228 1657 3228 1581 3228 1688 3229 1582 3229 1612 3229 1688 3230 1658 3230 1582 3230 1689 3231 1659 3231 1583 3231 1689 3232 1583 3232 1613 3232 1690 3233 1584 3233 1614 3233 1690 3234 1660 3234 1584 3234 1691 3235 1585 3235 1615 3235 1691 3236 1661 3236 1585 3236 1692 3237 1586 3237 1616 3237 1692 3238 1662 3238 1586 3238 1693 3239 1663 3239 1587 3239 1693 3240 1587 3240 1617 3240 1694 3241 1588 3241 1618 3241 1694 3242 1664 3242 1588 3242 1695 3243 1665 3243 1589 3243 1695 3244 1589 3244 1619 3244 1696 3245 1666 3245 1590 3245 1696 3246 1590 3246 1620 3246 1697 3247 1668 3247 1592 3247 1697 3248 1592 3248 1621 3248 1698 3249 1593 3249 1622 3249 1698 3250 1669 3250 1593 3250 1699 3251 1594 3251 1623 3251 1699 3252 1670 3252 1594 3252 1700 3253 1595 3253 1624 3253 1700 3254 1671 3254 1595 3254 1701 3255 1596 3255 1625 3255 1701 3256 1672 3256 1596 3256 1702 3257 1597 3257 1626 3257 1702 3258 1673 3258 1597 3258 1703 3259 1598 3259 1627 3259 1703 3260 1674 3260 1598 3260 1704 3261 1599 3261 1628 3261 1704 3262 1675 3262 1599 3262 1705 3263 1600 3263 1629 3263 1705 3264 1676 3264 1600 3264 1706 3265 1601 3265 1630 3265 1706 3266 1677 3266 1601 3266 1707 3267 1602 3267 1631 3267 1707 3268 1678 3268 1602 3268 1708 3269 1603 3269 1632 3269 1708 3270 1679 3270 1603 3270 1709 3271 1680 3271 1604 3271 1709 3272 1604 3272 1633 3272 1710 3273 1605 3273 1634 3273 1710 3274 1681 3274 1605 3274 1711 3275 1682 3275 1606 3275 1711 3276 1606 3276 1637 3276 1712 3277 1607 3277 1638 3277 1712 3278 1683 3278 1607 3278 1713 3279 1684 3279 1608 3279 1713 3280 1608 3280 1639 3280 1714 3281 1685 3281 1609 3281 1714 3282 1609 3282 1640 3282 1715 3283 1610 3283 1641 3283 1715 3284 1686 3284 1610 3284 1716 3285 1611 3285 1642 3285 1716 3286 1687 3286 1611 3286 1717 3287 1688 3287 1612 3287 1717 3288 1612 3288 1643 3288 1718 3289 1613 3289 1644 3289 1718 3290 1689 3290 1613 3290 1719 3291 1614 3291 1645 3291 1719 3292 1690 3292 1614 3292 1720 3293 1615 3293 1646 3293 1720 3294 1691 3294 1615 3294 1721 3295 1692 3295 1616 3295 1721 3296 1616 3296 1647 3296 1722 3297 1617 3297 1648 3297 1722 3298 1693 3298 1617 3298 1723 3299 1618 3299 1649 3299 1723 3300 1694 3300 1618 3300 1724 3301 1619 3301 1650 3301 1724 3302 1695 3302 1619 3302 1725 3303 1696 3303 1620 3303 1725 3304 1620 3304 1651 3304 1726 3305 1621 3305 1652 3305 1726 3306 1697 3306 1621 3306 1727 3307 1622 3307 1653 3307 1727 3308 1698 3308 1622 3308 1728 3309 1699 3309 1623 3309 1728 3310 1623 3310 1654 3310 1729 3311 1624 3311 1655 3311 1729 3312 1700 3312 1624 3312 1730 3313 1625 3313 1656 3313 1730 3314 1701 3314 1625 3314 1731 3315 1626 3315 1657 3315 1731 3316 1702 3316 1626 3316 1732 3317 1703 3317 1627 3317 1732 3318 1627 3318 1658 3318 1733 3319 1704 3319 1628 3319 1733 3320 1628 3320 1659 3320 1734 3321 1629 3321 1660 3321 1734 3322 1705 3322 1629 3322 1735 3323 1630 3323 1661 3323 1735 3324 1706 3324 1630 3324 1736 3325 1631 3325 1662 3325 1736 3326 1707 3326 1631 3326 1737 3327 1632 3327 1663 3327 1737 3328 1708 3328 1632 3328 1738 3329 1633 3329 1664 3329 1738 3330 1709 3330 1633 3330 1739 3331 1634 3331 1665 3331 1739 3332 1710 3332 1634 3332 1740 3333 1741 3333 1636 3333 1742 3334 1637 3334 1667 3334 1742 3335 1667 3335 28 3335 1742 3336 1711 3336 1637 3336 1743 3337 1638 3337 1668 3337 1743 3338 1712 3338 1638 3338 1744 3339 1713 3339 1639 3339 1744 3340 1639 3340 1669 3340 1745 3341 1714 3341 1640 3341 1745 3342 1640 3342 1670 3342 1746 3343 1715 3343 1641 3343 1746 3344 1641 3344 1671 3344 1747 3345 1716 3345 1642 3345 1747 3346 1642 3346 1672 3346 1748 3347 1717 3347 1643 3347 1748 3348 1643 3348 1673 3348 1749 3349 1718 3349 1644 3349 1749 3350 1644 3350 1674 3350 1750 3351 1719 3351 1645 3351 1750 3352 1645 3352 1675 3352 1751 3353 1720 3353 1646 3353 1751 3354 1646 3354 1676 3354 1752 3355 1721 3355 1647 3355 1752 3356 1647 3356 1677 3356 1753 3357 1722 3357 1648 3357 1753 3358 1648 3358 1678 3358 1754 3359 1723 3359 1649 3359 1754 3360 1649 3360 1679 3360 1755 3361 1650 3361 1680 3361 1755 3362 1724 3362 1650 3362 1756 3363 1651 3363 1681 3363 1756 3364 1725 3364 1651 3364 1757 3365 1652 3365 1682 3365 1757 3366 1726 3366 1652 3366 1758 3367 1653 3367 1683 3367 1758 3368 1727 3368 1653 3368 1759 3369 1654 3369 1684 3369 1759 3370 1728 3370 1654 3370 1760 3371 1729 3371 1655 3371 1760 3372 1655 3372 1685 3372 1761 3373 1656 3373 1686 3373 1761 3374 1730 3374 1656 3374 1762 3375 1731 3375 1657 3375 1762 3376 1657 3376 1687 3376 1763 3377 1658 3377 1688 3377 1763 3378 1732 3378 1658 3378 1764 3379 1733 3379 1659 3379 1764 3380 1659 3380 1689 3380 1765 3381 1660 3381 1690 3381 1765 3382 1734 3382 1660 3382 1766 3383 1661 3383 1691 3383 1766 3384 1735 3384 1661 3384 1767 3385 1662 3385 1692 3385 1767 3386 1736 3386 1662 3386 1768 3387 1663 3387 1693 3387 1768 3388 1737 3388 1663 3388 1769 3389 1664 3389 1694 3389 1769 3390 1738 3390 1664 3390 1770 3391 1665 3391 1695 3391 1770 3392 1739 3392 1665 3392 1771 3393 1666 3393 1696 3393 1771 3394 1636 3394 1666 3394 1771 3395 1740 3395 1636 3395 1772 3396 28 3396 40 3396 1772 3397 40 3397 41 3397 1772 3398 1742 3398 28 3398 1772 3399 41 3399 1742 3399 1773 3400 1668 3400 1697 3400 1773 3401 1743 3401 1668 3401 1774 3402 1669 3402 1698 3402 1774 3403 1744 3403 1669 3403 1775 3404 1745 3404 1670 3404 1775 3405 1670 3405 1699 3405 1776 3406 1746 3406 1671 3406 1776 3407 1671 3407 1700 3407 1777 3408 1672 3408 1701 3408 1777 3409 1747 3409 1672 3409 1778 3410 1748 3410 1673 3410 1778 3411 1673 3411 1702 3411 1779 3412 1749 3412 1674 3412 1779 3413 1674 3413 1703 3413 1780 3414 1750 3414 1675 3414 1780 3415 1675 3415 1704 3415 1781 3416 1751 3416 1676 3416 1781 3417 1676 3417 1705 3417 1782 3418 1752 3418 1677 3418 1782 3419 1677 3419 1706 3419 1783 3420 1753 3420 1678 3420 1783 3421 1678 3421 1707 3421 1784 3422 1754 3422 1679 3422 1784 3423 1679 3423 1708 3423 1785 3424 1755 3424 1680 3424 1785 3425 1680 3425 1709 3425 1786 3426 1681 3426 1710 3426 1786 3427 1756 3427 1681 3427 1787 3428 1682 3428 1711 3428 1787 3429 1757 3429 1682 3429 1788 3430 1683 3430 1712 3430 1788 3431 1758 3431 1683 3431 1789 3432 1759 3432 1684 3432 1789 3433 1684 3433 1713 3433 1790 3434 1760 3434 1685 3434 1790 3435 1685 3435 1714 3435 1791 3436 1686 3436 1715 3436 1791 3437 1761 3437 1686 3437 1792 3438 1762 3438 1687 3438 1792 3439 1687 3439 1716 3439 1793 3440 1763 3440 1688 3440 1793 3441 1688 3441 1717 3441 1794 3442 1689 3442 1718 3442 1794 3443 1764 3443 1689 3443 1795 3444 1690 3444 1719 3444 1795 3445 1765 3445 1690 3445 1796 3446 1691 3446 1720 3446 1796 3447 1766 3447 1691 3447 1797 3448 1692 3448 1721 3448 1797 3449 1767 3449 1692 3449 1798 3450 1693 3450 1722 3450 1798 3451 1768 3451 1693 3451 1799 3452 1694 3452 1723 3452 1799 3453 1769 3453 1694 3453 1800 3454 1770 3454 1695 3454 1800 3455 1695 3455 1724 3455 1801 3456 1771 3456 1696 3456 1801 3457 1696 3457 1725 3457 1802 3458 1697 3458 1726 3458 1802 3459 1773 3459 1697 3459 1803 3460 1698 3460 1727 3460 1803 3461 1774 3461 1698 3461 1804 3462 1699 3462 1728 3462 1804 3463 1775 3463 1699 3463 1805 3464 1700 3464 1729 3464 1805 3465 1776 3465 1700 3465 1806 3466 1777 3466 1701 3466 1806 3467 1701 3467 1730 3467 1807 3468 1778 3468 1702 3468 1807 3469 1702 3469 1731 3469 1808 3470 1779 3470 1703 3470 1808 3471 1703 3471 1732 3471 1809 3472 1704 3472 1733 3472 1809 3473 1780 3473 1704 3473 1810 3474 1705 3474 1734 3474 1810 3475 1781 3475 1705 3475 1811 3476 1706 3476 1735 3476 1811 3477 1782 3477 1706 3477 1812 3478 1783 3478 1707 3478 1812 3479 1707 3479 1736 3479 1813 3480 1784 3480 1708 3480 1813 3481 1708 3481 1737 3481 1814 3482 1709 3482 1738 3482 1814 3483 1785 3483 1709 3483 1815 3484 1786 3484 1710 3484 1815 3485 1710 3485 1739 3485 1816 3486 1817 3486 1741 3486 1816 3487 1818 3487 1817 3487 1819 3488 1787 3488 1711 3488 1819 3489 1711 3489 1742 3489 1820 3490 1712 3490 1743 3490 1820 3491 1788 3491 1712 3491 1821 3492 1789 3492 1713 3492 1821 3493 1713 3493 1744 3493 1822 3494 1790 3494 1714 3494 1822 3495 1714 3495 1745 3495 1823 3496 1791 3496 1715 3496 1823 3497 1715 3497 1746 3497 1824 3498 1716 3498 1747 3498 1824 3499 1792 3499 1716 3499 1825 3500 1717 3500 1748 3500 1825 3501 1793 3501 1717 3501 1826 3502 1794 3502 1718 3502 1826 3503 1718 3503 1749 3503 1827 3504 1795 3504 1719 3504 1827 3505 1719 3505 1750 3505 1828 3506 1720 3506 1751 3506 1828 3507 1796 3507 1720 3507 1829 3508 1721 3508 1752 3508 1829 3509 1797 3509 1721 3509 1830 3510 1722 3510 1753 3510 1830 3511 1798 3511 1722 3511 1831 3512 1723 3512 1754 3512 1831 3513 1799 3513 1723 3513 1832 3514 1724 3514 1755 3514 1832 3515 1800 3515 1724 3515 1833 3516 1725 3516 1756 3516 1833 3517 1801 3517 1725 3517 1834 3518 1726 3518 1757 3518 1834 3519 1802 3519 1726 3519 1835 3520 1727 3520 1758 3520 1835 3521 1803 3521 1727 3521 1836 3522 1728 3522 1759 3522 1836 3523 1804 3523 1728 3523 1837 3524 1729 3524 1760 3524 1837 3525 1805 3525 1729 3525 1838 3526 1806 3526 1730 3526 1838 3527 1730 3527 1761 3527 1839 3528 1731 3528 1762 3528 1839 3529 1807 3529 1731 3529 1840 3530 1808 3530 1732 3530 1840 3531 1732 3531 1763 3531 1841 3532 1809 3532 1733 3532 1841 3533 1733 3533 1764 3533 1842 3534 1734 3534 1765 3534 1842 3535 1810 3535 1734 3535 1843 3536 1811 3536 1735 3536 1843 3537 1735 3537 1766 3537 1844 3538 1812 3538 1736 3538 1844 3539 1736 3539 1767 3539 1845 3540 1737 3540 1768 3540 1845 3541 1813 3541 1737 3541 1846 3542 1738 3542 1769 3542 1846 3543 1814 3543 1738 3543 1847 3544 1739 3544 1770 3544 1847 3545 1815 3545 1739 3545 1848 3546 1818 3546 1816 3546 1848 3547 1816 3547 1741 3547 1848 3548 1740 3548 1771 3548 1848 3549 1741 3549 1740 3549 1849 3550 60 3550 1819 3550 1849 3551 1819 3551 1742 3551 1849 3552 41 3552 60 3552 1849 3553 1742 3553 41 3553 1850 3554 1820 3554 1743 3554 1850 3555 1743 3555 1773 3555 1851 3556 1821 3556 1744 3556 1851 3557 1744 3557 1774 3557 1852 3558 1745 3558 1775 3558 1852 3559 1822 3559 1745 3559 1853 3560 1823 3560 1746 3560 1853 3561 1746 3561 1776 3561 1854 3562 1824 3562 1747 3562 1854 3563 1747 3563 1777 3563 1855 3564 1825 3564 1748 3564 1855 3565 1748 3565 1778 3565 1856 3566 1826 3566 1749 3566 1856 3567 1749 3567 1779 3567 1857 3568 1750 3568 1780 3568 1857 3569 1827 3569 1750 3569 1858 3570 1751 3570 1781 3570 1858 3571 1828 3571 1751 3571 1859 3572 1752 3572 1782 3572 1859 3573 1829 3573 1752 3573 1860 3574 1753 3574 1783 3574 1860 3575 1830 3575 1753 3575 1861 3576 1754 3576 1784 3576 1861 3577 1831 3577 1754 3577 1862 3578 1755 3578 1785 3578 1862 3579 1832 3579 1755 3579 1863 3580 1756 3580 1786 3580 1863 3581 1833 3581 1756 3581 1864 3582 1757 3582 1787 3582 1864 3583 1834 3583 1757 3583 1865 3584 1835 3584 1758 3584 1865 3585 1758 3585 1788 3585 1866 3586 1836 3586 1759 3586 1866 3587 1759 3587 1789 3587 1867 3588 1760 3588 1790 3588 1867 3589 1837 3589 1760 3589 1868 3590 1761 3590 1791 3590 1868 3591 1838 3591 1761 3591 1869 3592 1839 3592 1762 3592 1869 3593 1762 3593 1792 3593 1870 3594 1840 3594 1763 3594 1870 3595 1763 3595 1793 3595 1871 3596 1841 3596 1764 3596 1871 3597 1764 3597 1794 3597 1872 3598 1765 3598 1795 3598 1872 3599 1842 3599 1765 3599 1873 3600 1766 3600 1796 3600 1873 3601 1843 3601 1766 3601 1874 3602 1767 3602 1797 3602 1874 3603 1844 3603 1767 3603 1875 3604 1768 3604 1798 3604 1875 3605 1845 3605 1768 3605 1876 3606 1769 3606 1799 3606 1876 3607 1846 3607 1769 3607 1877 3608 1847 3608 1770 3608 1877 3609 1770 3609 1800 3609 1878 3610 1848 3610 1771 3610 1878 3611 1771 3611 1801 3611 1879 3612 1773 3612 1802 3612 1879 3613 1850 3613 1773 3613 1880 3614 1774 3614 1803 3614 1880 3615 1851 3615 1774 3615 1881 3616 1775 3616 1804 3616 1881 3617 1852 3617 1775 3617 1882 3618 1853 3618 1776 3618 1882 3619 1776 3619 1805 3619 1883 3620 1854 3620 1777 3620 1883 3621 1777 3621 1806 3621 1884 3622 1778 3622 1807 3622 1884 3623 1855 3623 1778 3623 1885 3624 1856 3624 1779 3624 1885 3625 1779 3625 1808 3625 1886 3626 1857 3626 1780 3626 1886 3627 1780 3627 1809 3627 1887 3628 1858 3628 1781 3628 1887 3629 1781 3629 1810 3629 1888 3630 1782 3630 1811 3630 1888 3631 1859 3631 1782 3631 1889 3632 1860 3632 1783 3632 1889 3633 1783 3633 1812 3633 1890 3634 1861 3634 1784 3634 1890 3635 1784 3635 1813 3635 1891 3636 1785 3636 1814 3636 1891 3637 1862 3637 1785 3637 1892 3638 1863 3638 1786 3638 1892 3639 1786 3639 1815 3639 1893 3640 1864 3640 1787 3640 1893 3641 1787 3641 1819 3641 1894 3642 1865 3642 1788 3642 1894 3643 1788 3643 1820 3643 1895 3644 1866 3644 1789 3644 1895 3645 1789 3645 1821 3645 1896 3646 1790 3646 1822 3646 1896 3647 1867 3647 1790 3647 1897 3648 1791 3648 1823 3648 1897 3649 1868 3649 1791 3649 1898 3650 1869 3650 1792 3650 1898 3651 1792 3651 1824 3651 1899 3652 1870 3652 1793 3652 1899 3653 1793 3653 1825 3653 1900 3654 1871 3654 1794 3654 1900 3655 1794 3655 1826 3655 1901 3656 1795 3656 1827 3656 1901 3657 1872 3657 1795 3657 1902 3658 1796 3658 1828 3658 1902 3659 1873 3659 1796 3659 1903 3660 1797 3660 1829 3660 1903 3661 1874 3661 1797 3661 1904 3662 1798 3662 1830 3662 1904 3663 1875 3663 1798 3663 1905 3664 1876 3664 1799 3664 1905 3665 1799 3665 1831 3665 1906 3666 1800 3666 1832 3666 1906 3667 1877 3667 1800 3667 1907 3668 1801 3668 1833 3668 1907 3669 1878 3669 1801 3669 1908 3670 1879 3670 1802 3670 1908 3671 1802 3671 1834 3671 1909 3672 1880 3672 1803 3672 1909 3673 1803 3673 1835 3673 1910 3674 1881 3674 1804 3674 1910 3675 1804 3675 1836 3675 1911 3676 1882 3676 1805 3676 1911 3677 1805 3677 1837 3677 1912 3678 1883 3678 1806 3678 1912 3679 1806 3679 1838 3679 1913 3680 1807 3680 1839 3680 1913 3681 1884 3681 1807 3681 1914 3682 1808 3682 1840 3682 1914 3683 1885 3683 1808 3683 1915 3684 1886 3684 1809 3684 1915 3685 1809 3685 1841 3685 1916 3686 1887 3686 1810 3686 1916 3687 1810 3687 1842 3687 1917 3688 1888 3688 1811 3688 1917 3689 1811 3689 1843 3689 1918 3690 1889 3690 1812 3690 1918 3691 1812 3691 1844 3691 1919 3692 1890 3692 1813 3692 1919 3693 1813 3693 1845 3693 1920 3694 1891 3694 1814 3694 1920 3695 1814 3695 1846 3695 1921 3696 1892 3696 1815 3696 1921 3697 1815 3697 1847 3697 1922 3698 1818 3698 1848 3698 1922 3699 1923 3699 1818 3699 1924 3700 1819 3700 60 3700 1924 3701 1893 3701 1819 3701 1925 3702 1894 3702 1820 3702 1925 3703 1820 3703 1850 3703 1926 3704 1895 3704 1821 3704 1926 3705 1821 3705 1851 3705 1927 3706 1822 3706 1852 3706 1927 3707 1896 3707 1822 3707 1928 3708 1823 3708 1853 3708 1928 3709 1897 3709 1823 3709 1929 3710 1824 3710 1854 3710 1929 3711 1898 3711 1824 3711 1930 3712 1899 3712 1825 3712 1930 3713 1825 3713 1855 3713 1931 3714 1900 3714 1826 3714 1931 3715 1826 3715 1856 3715 1932 3716 1901 3716 1827 3716 1932 3717 1827 3717 1857 3717 1933 3718 1902 3718 1828 3718 1933 3719 1828 3719 1858 3719 1934 3720 1829 3720 1859 3720 1934 3721 1903 3721 1829 3721 1935 3722 1904 3722 1830 3722 1935 3723 1830 3723 1860 3723 1936 3724 1831 3724 1861 3724 1936 3725 1905 3725 1831 3725 1937 3726 1906 3726 1832 3726 1937 3727 1832 3727 1862 3727 1938 3728 1833 3728 1863 3728 1938 3729 1907 3729 1833 3729 1939 3730 1834 3730 1864 3730 1939 3731 1908 3731 1834 3731 1940 3732 1909 3732 1835 3732 1940 3733 1835 3733 1865 3733 1941 3734 1910 3734 1836 3734 1941 3735 1836 3735 1866 3735 1942 3736 1911 3736 1837 3736 1942 3737 1837 3737 1867 3737 1943 3738 1912 3738 1838 3738 1943 3739 1838 3739 1868 3739 1944 3740 1913 3740 1839 3740 1944 3741 1839 3741 1869 3741 1945 3742 1840 3742 1870 3742 1945 3743 1914 3743 1840 3743 1946 3744 1841 3744 1871 3744 1946 3745 1915 3745 1841 3745 1947 3746 1916 3746 1842 3746 1947 3747 1842 3747 1872 3747 1948 3748 1843 3748 1873 3748 1948 3749 1917 3749 1843 3749 1949 3750 1844 3750 1874 3750 1949 3751 1918 3751 1844 3751 1950 3752 1919 3752 1845 3752 1950 3753 1845 3753 1875 3753 1951 3754 1920 3754 1846 3754 1951 3755 1846 3755 1876 3755 1952 3756 1847 3756 1877 3756 1952 3757 1921 3757 1847 3757 1953 3758 1922 3758 1848 3758 1953 3759 1848 3759 1878 3759 1953 3760 1923 3760 1922 3760 1954 3761 77 3761 1924 3761 1954 3762 1924 3762 60 3762 1954 3763 60 3763 77 3763 1955 3764 1925 3764 1850 3764 1955 3765 1850 3765 1879 3765 1956 3766 1926 3766 1851 3766 1956 3767 1851 3767 1880 3767 1957 3768 1927 3768 1852 3768 1957 3769 1852 3769 1881 3769 1958 3770 1928 3770 1853 3770 1958 3771 1853 3771 1882 3771 1959 3772 1854 3772 1883 3772 1959 3773 1929 3773 1854 3773 1960 3774 1930 3774 1855 3774 1960 3775 1855 3775 1884 3775 1961 3776 1856 3776 1885 3776 1961 3777 1931 3777 1856 3777 1962 3778 1857 3778 1886 3778 1962 3779 1932 3779 1857 3779 1963 3780 1858 3780 1887 3780 1963 3781 1933 3781 1858 3781 1964 3782 1859 3782 1888 3782 1964 3783 1934 3783 1859 3783 1965 3784 1935 3784 1860 3784 1965 3785 1860 3785 1889 3785 1966 3786 1861 3786 1890 3786 1966 3787 1936 3787 1861 3787 1967 3788 1862 3788 1891 3788 1967 3789 1937 3789 1862 3789 1968 3790 1863 3790 1892 3790 1968 3791 1938 3791 1863 3791 1969 3792 1864 3792 1893 3792 1969 3793 1939 3793 1864 3793 1970 3794 1940 3794 1865 3794 1970 3795 1865 3795 1894 3795 1971 3796 1866 3796 1895 3796 1971 3797 1941 3797 1866 3797 1972 3798 1867 3798 1896 3798 1972 3799 1942 3799 1867 3799 1973 3800 1868 3800 1897 3800 1973 3801 1943 3801 1868 3801 1974 3802 1944 3802 1869 3802 1974 3803 1869 3803 1898 3803 1975 3804 1945 3804 1870 3804 1975 3805 1870 3805 1899 3805 1976 3806 1871 3806 1900 3806 1976 3807 1946 3807 1871 3807 1977 3808 1872 3808 1901 3808 1977 3809 1947 3809 1872 3809 1978 3810 1873 3810 1902 3810 1978 3811 1948 3811 1873 3811 1979 3812 1874 3812 1903 3812 1979 3813 1949 3813 1874 3813 1980 3814 1875 3814 1904 3814 1980 3815 1950 3815 1875 3815 1981 3816 1876 3816 1905 3816 1981 3817 1951 3817 1876 3817 1982 3818 1952 3818 1877 3818 1982 3819 1877 3819 1906 3819 1983 3820 1878 3820 1907 3820 1983 3821 1953 3821 1878 3821 1984 3822 1955 3822 1879 3822 1984 3823 1879 3823 1908 3823 1985 3824 1956 3824 1880 3824 1985 3825 1880 3825 1909 3825 1986 3826 1957 3826 1881 3826 1986 3827 1881 3827 1910 3827 1987 3828 1958 3828 1882 3828 1987 3829 1882 3829 1911 3829 1988 3830 1959 3830 1883 3830 1988 3831 1883 3831 1912 3831 1989 3832 1884 3832 1913 3832 1989 3833 1960 3833 1884 3833 1990 3834 1961 3834 1885 3834 1990 3835 1885 3835 1914 3835 1991 3836 1886 3836 1915 3836 1991 3837 1962 3837 1886 3837 1992 3838 1963 3838 1887 3838 1992 3839 1887 3839 1916 3839 1993 3840 1964 3840 1888 3840 1993 3841 1888 3841 1917 3841 1994 3842 1965 3842 1889 3842 1994 3843 1889 3843 1918 3843 1995 3844 1966 3844 1890 3844 1995 3845 1890 3845 1919 3845 1996 3846 1891 3846 1920 3846 1996 3847 1967 3847 1891 3847 1997 3848 1892 3848 1921 3848 1997 3849 1968 3849 1892 3849 1998 3850 1999 3850 1923 3850 2000 3851 1893 3851 1924 3851 2000 3852 1969 3852 1893 3852 2001 3853 1970 3853 1894 3853 2001 3854 1894 3854 1925 3854 2002 3855 1971 3855 1895 3855 2002 3856 1895 3856 1926 3856 2003 3857 1896 3857 1927 3857 2003 3858 1972 3858 1896 3858 2004 3859 1973 3859 1897 3859 2004 3860 1897 3860 1928 3860 2005 3861 1898 3861 1929 3861 2005 3862 1974 3862 1898 3862 2006 3863 1899 3863 1930 3863 2006 3864 1975 3864 1899 3864 2007 3865 1900 3865 1931 3865 2007 3866 1976 3866 1900 3866 2008 3867 1901 3867 1932 3867 2008 3868 1977 3868 1901 3868 2009 3869 1902 3869 1933 3869 2009 3870 1978 3870 1902 3870 2010 3871 1903 3871 1934 3871 2010 3872 1979 3872 1903 3872 2011 3873 1980 3873 1904 3873 2011 3874 1904 3874 1935 3874 2012 3875 1905 3875 1936 3875 2012 3876 1981 3876 1905 3876 2013 3877 1906 3877 1937 3877 2013 3878 1982 3878 1906 3878 2014 3879 1983 3879 1907 3879 2014 3880 1907 3880 1938 3880 2015 3881 1984 3881 1908 3881 2015 3882 1908 3882 1939 3882 2016 3883 1985 3883 1909 3883 2016 3884 1909 3884 1940 3884 2017 3885 1910 3885 1941 3885 2017 3886 1986 3886 1910 3886 2018 3887 1987 3887 1911 3887 2018 3888 1911 3888 1942 3888 2019 3889 1988 3889 1912 3889 2019 3890 1912 3890 1943 3890 2020 3891 1989 3891 1913 3891 2020 3892 1913 3892 1944 3892 2021 3893 1990 3893 1914 3893 2021 3894 1914 3894 1945 3894 2022 3895 1991 3895 1915 3895 2022 3896 1915 3896 1946 3896 2023 3897 1992 3897 1916 3897 2023 3898 1916 3898 1947 3898 2024 3899 1993 3899 1917 3899 2024 3900 1917 3900 1948 3900 2025 3901 1994 3901 1918 3901 2025 3902 1918 3902 1949 3902 2026 3903 1995 3903 1919 3903 2026 3904 1919 3904 1950 3904 2027 3905 1996 3905 1920 3905 2027 3906 1920 3906 1951 3906 2028 3907 1997 3907 1921 3907 2028 3908 1921 3908 1952 3908 2029 3909 1923 3909 1953 3909 2029 3910 1998 3910 1923 3910 2029 3911 1999 3911 1998 3911 2030 3912 1924 3912 77 3912 2030 3913 104 3913 2000 3913 2030 3914 2000 3914 1924 3914 2030 3915 77 3915 103 3915 2030 3916 103 3916 104 3916 2031 3917 2001 3917 1925 3917 2031 3918 1925 3918 1955 3918 2032 3919 1926 3919 1956 3919 2032 3920 2002 3920 1926 3920 2033 3921 2003 3921 1927 3921 2033 3922 1927 3922 1957 3922 2034 3923 2004 3923 1928 3923 2034 3924 1928 3924 1958 3924 2035 3925 1929 3925 1959 3925 2035 3926 2005 3926 1929 3926 2036 3927 1930 3927 1960 3927 2036 3928 2006 3928 1930 3928 2037 3929 2007 3929 1931 3929 2037 3930 1931 3930 1961 3930 2038 3931 1932 3931 1962 3931 2038 3932 2008 3932 1932 3932 2039 3933 2009 3933 1933 3933 2039 3934 1933 3934 1963 3934 2040 3935 1934 3935 1964 3935 2040 3936 2010 3936 1934 3936 2041 3937 1935 3937 1965 3937 2041 3938 2011 3938 1935 3938 2042 3939 1936 3939 1966 3939 2042 3940 2012 3940 1936 3940 2043 3941 2013 3941 1937 3941 2043 3942 1937 3942 1967 3942 2044 3943 2014 3943 1938 3943 2044 3944 1938 3944 1968 3944 2045 3945 1939 3945 1969 3945 2045 3946 2015 3946 1939 3946 2046 3947 1940 3947 1970 3947 2046 3948 2016 3948 1940 3948 2047 3949 2017 3949 1941 3949 2047 3950 1941 3950 1971 3950 2048 3951 2018 3951 1942 3951 2048 3952 1942 3952 1972 3952 2049 3953 2019 3953 1943 3953 2049 3954 1943 3954 1973 3954 2050 3955 2020 3955 1944 3955 2050 3956 1944 3956 1974 3956 2051 3957 1945 3957 1975 3957 2051 3958 2021 3958 1945 3958 2052 3959 1946 3959 1976 3959 2052 3960 2022 3960 1946 3960 2053 3961 2023 3961 1947 3961 2053 3962 1947 3962 1977 3962 2054 3963 2024 3963 1948 3963 2054 3964 1948 3964 1978 3964 2055 3965 2025 3965 1949 3965 2055 3966 1949 3966 1979 3966 2056 3967 2026 3967 1950 3967 2056 3968 1950 3968 1980 3968 2057 3969 1951 3969 1981 3969 2057 3970 2027 3970 1951 3970 2058 3971 1952 3971 1982 3971 2058 3972 2028 3972 1952 3972 2059 3973 1953 3973 1983 3973 2059 3974 2029 3974 1953 3974 2060 3975 1955 3975 1984 3975 2060 3976 2031 3976 1955 3976 2061 3977 1956 3977 1985 3977 2061 3978 2032 3978 1956 3978 2062 3979 2033 3979 1957 3979 2062 3980 1957 3980 1986 3980 2063 3981 1958 3981 1987 3981 2063 3982 2034 3982 1958 3982 2064 3983 1959 3983 1988 3983 2064 3984 2035 3984 1959 3984 2065 3985 1960 3985 1989 3985 2065 3986 2036 3986 1960 3986 2066 3987 2037 3987 1961 3987 2066 3988 1961 3988 1990 3988 2067 3989 2038 3989 1962 3989 2067 3990 1962 3990 1991 3990 2068 3991 2039 3991 1963 3991 2068 3992 1963 3992 1992 3992 2069 3993 2040 3993 1964 3993 2069 3994 1964 3994 1993 3994 2070 3995 1965 3995 1994 3995 2070 3996 2041 3996 1965 3996 2071 3997 1966 3997 1995 3997 2071 3998 2042 3998 1966 3998 2072 3999 2043 3999 1967 3999 2072 4000 1967 4000 1996 4000 2073 4001 1968 4001 1997 4001 2073 4002 2044 4002 1968 4002 2074 4003 1969 4003 2000 4003 2074 4004 2045 4004 1969 4004 2075 4005 1970 4005 2001 4005 2075 4006 2046 4006 1970 4006 2076 4007 2047 4007 1971 4007 2076 4008 1971 4008 2002 4008 2077 4009 1972 4009 2003 4009 2077 4010 2048 4010 1972 4010 2078 4011 1973 4011 2004 4011 2078 4012 2049 4012 1973 4012 2079 4013 2050 4013 1974 4013 2079 4014 1974 4014 2005 4014 2080 4015 1975 4015 2006 4015 2080 4016 2051 4016 1975 4016 2081 4017 2052 4017 1976 4017 2081 4018 1976 4018 2007 4018 2082 4019 1977 4019 2008 4019 2082 4020 2053 4020 1977 4020 2083 4021 1978 4021 2009 4021 2083 4022 2054 4022 1978 4022 2084 4023 1979 4023 2010 4023 2084 4024 2055 4024 1979 4024 2085 4025 2056 4025 1980 4025 2085 4026 1980 4026 2011 4026 2086 4027 2057 4027 1981 4027 2086 4028 1981 4028 2012 4028 2087 4029 1982 4029 2013 4029 2087 4030 2058 4030 1982 4030 2088 4031 1983 4031 2014 4031 2088 4032 2059 4032 1983 4032 2089 4033 2060 4033 1984 4033 2089 4034 1984 4034 2015 4034 2090 4035 2061 4035 1985 4035 2090 4036 1985 4036 2016 4036 2091 4037 2062 4037 1986 4037 2091 4038 1986 4038 2017 4038 2092 4039 1987 4039 2018 4039 2092 4040 2063 4040 1987 4040 2093 4041 1988 4041 2019 4041 2093 4042 2064 4042 1988 4042 2094 4043 1989 4043 2020 4043 2094 4044 2065 4044 1989 4044 2095 4045 1990 4045 2021 4045 2095 4046 2066 4046 1990 4046 2096 4047 1991 4047 2022 4047 2096 4048 2067 4048 1991 4048 2097 4049 1992 4049 2023 4049 2097 4050 2068 4050 1992 4050 2098 4051 1993 4051 2024 4051 2098 4052 2069 4052 1993 4052 2099 4053 2070 4053 1994 4053 2099 4054 1994 4054 2025 4054 2100 4055 1995 4055 2026 4055 2100 4056 2071 4056 1995 4056 2101 4057 1996 4057 2027 4057 2101 4058 2072 4058 1996 4058 2102 4059 1997 4059 2028 4059 2102 4060 2073 4060 1997 4060 2103 4061 2104 4061 1999 4061 2103 4062 2105 4062 2104 4062 2103 4063 1999 4063 2029 4063 2106 4064 2000 4064 104 4064 2106 4065 2074 4065 2000 4065 2107 4066 2001 4066 2031 4066 2107 4067 2075 4067 2001 4067 2108 4068 2076 4068 2002 4068 2108 4069 2002 4069 2032 4069 2109 4070 2003 4070 2033 4070 2109 4071 2077 4071 2003 4071 2110 4072 2078 4072 2004 4072 2110 4073 2004 4073 2034 4073 2111 4074 2079 4074 2005 4074 2111 4075 2005 4075 2035 4075 2112 4076 2006 4076 2036 4076 2112 4077 2080 4077 2006 4077 2113 4078 2081 4078 2007 4078 2113 4079 2007 4079 2037 4079 2114 4080 2082 4080 2008 4080 2114 4081 2008 4081 2038 4081 2115 4082 2009 4082 2039 4082 2115 4083 2083 4083 2009 4083 2116 4084 2010 4084 2040 4084 2116 4085 2084 4085 2010 4085 2117 4086 2011 4086 2041 4086 2117 4087 2085 4087 2011 4087 2118 4088 2086 4088 2012 4088 2118 4089 2012 4089 2042 4089 2119 4090 2087 4090 2013 4090 2119 4091 2013 4091 2043 4091 2120 4092 2014 4092 2044 4092 2120 4093 2088 4093 2014 4093 2121 4094 2089 4094 2015 4094 2121 4095 2015 4095 2045 4095 2122 4096 2090 4096 2016 4096 2122 4097 2016 4097 2046 4097 2123 4098 2017 4098 2047 4098 2123 4099 2091 4099 2017 4099 2124 4100 2092 4100 2018 4100 2124 4101 2018 4101 2048 4101 2125 4102 2093 4102 2019 4102 2125 4103 2019 4103 2049 4103 2126 4104 2094 4104 2020 4104 2126 4105 2020 4105 2050 4105 2127 4106 2095 4106 2021 4106 2127 4107 2021 4107 2051 4107 2128 4108 2096 4108 2022 4108 2128 4109 2022 4109 2052 4109 2129 4110 2097 4110 2023 4110 2129 4111 2023 4111 2053 4111 2130 4112 2098 4112 2024 4112 2130 4113 2024 4113 2054 4113 2131 4114 2099 4114 2025 4114 2131 4115 2025 4115 2055 4115 2132 4116 2100 4116 2026 4116 2132 4117 2026 4117 2056 4117 2133 4118 2101 4118 2027 4118 2133 4119 2027 4119 2057 4119 2134 4120 2028 4120 2058 4120 2134 4121 2102 4121 2028 4121 2135 4122 2029 4122 2059 4122 2135 4123 2105 4123 2103 4123 2135 4124 2103 4124 2029 4124 2136 4125 126 4125 2106 4125 2136 4126 2106 4126 104 4126 2136 4127 104 4127 126 4127 2137 4128 2031 4128 2060 4128 2137 4129 2107 4129 2031 4129 2138 4130 2108 4130 2032 4130 2138 4131 2032 4131 2061 4131 2139 4132 2109 4132 2033 4132 2139 4133 2033 4133 2062 4133 2140 4134 2034 4134 2063 4134 2140 4135 2110 4135 2034 4135 2141 4136 2035 4136 2064 4136 2141 4137 2111 4137 2035 4137 2142 4138 2036 4138 2065 4138 2142 4139 2112 4139 2036 4139 2143 4140 2037 4140 2066 4140 2143 4141 2113 4141 2037 4141 2144 4142 2038 4142 2067 4142 2144 4143 2114 4143 2038 4143 2145 4144 2039 4144 2068 4144 2145 4145 2115 4145 2039 4145 2146 4146 2040 4146 2069 4146 2146 4147 2116 4147 2040 4147 2147 4148 2041 4148 2070 4148 2147 4149 2117 4149 2041 4149 2148 4150 2042 4150 2071 4150 2148 4151 2118 4151 2042 4151 2149 4152 2043 4152 2072 4152 2149 4153 2119 4153 2043 4153 2150 4154 2044 4154 2073 4154 2150 4155 2120 4155 2044 4155 2151 4156 2121 4156 2045 4156 2151 4157 2045 4157 2074 4157 2152 4158 2046 4158 2075 4158 2152 4159 2122 4159 2046 4159 2153 4160 2047 4160 2076 4160 2153 4161 2123 4161 2047 4161 2154 4162 2124 4162 2048 4162 2154 4163 2048 4163 2077 4163 2155 4164 2125 4164 2049 4164 2155 4165 2049 4165 2078 4165 2156 4166 2126 4166 2050 4166 2156 4167 2050 4167 2079 4167 2157 4168 2127 4168 2051 4168 2157 4169 2051 4169 2080 4169 2158 4170 2128 4170 2052 4170 2158 4171 2052 4171 2081 4171 2159 4172 2129 4172 2053 4172 2159 4173 2053 4173 2082 4173 2160 4174 2130 4174 2054 4174 2160 4175 2054 4175 2083 4175 2161 4176 2131 4176 2055 4176 2161 4177 2055 4177 2084 4177 2162 4178 2056 4178 2085 4178 2162 4179 2132 4179 2056 4179 2163 4180 2057 4180 2086 4180 2163 4181 2133 4181 2057 4181 2164 4182 2058 4182 2087 4182 2164 4183 2134 4183 2058 4183 2165 4184 2135 4184 2059 4184 2165 4185 2059 4185 2088 4185 2166 4186 2060 4186 2089 4186 2166 4187 2137 4187 2060 4187 2167 4188 2061 4188 2090 4188 2167 4189 2138 4189 2061 4189 2168 4190 2062 4190 2091 4190 2168 4191 2139 4191 2062 4191 2169 4192 2140 4192 2063 4192 2169 4193 2063 4193 2092 4193 2170 4194 2141 4194 2064 4194 2170 4195 2064 4195 2093 4195 2171 4196 2142 4196 2065 4196 2171 4197 2065 4197 2094 4197 2172 4198 2143 4198 2066 4198 2172 4199 2066 4199 2095 4199 2173 4200 2067 4200 2096 4200 2173 4201 2144 4201 2067 4201 2174 4202 2145 4202 2068 4202 2174 4203 2068 4203 2097 4203 2175 4204 2069 4204 2098 4204 2175 4205 2146 4205 2069 4205 2176 4206 2070 4206 2099 4206 2176 4207 2147 4207 2070 4207 2177 4208 2071 4208 2100 4208 2177 4209 2148 4209 2071 4209 2178 4210 2072 4210 2101 4210 2178 4211 2149 4211 2072 4211 2179 4212 2150 4212 2073 4212 2179 4213 2073 4213 2102 4213 2180 4214 2181 4214 2105 4214 2182 4215 2074 4215 2106 4215 2182 4216 2151 4216 2074 4216 2183 4217 2075 4217 2107 4217 2183 4218 2152 4218 2075 4218 2184 4219 2076 4219 2108 4219 2184 4220 2153 4220 2076 4220 2185 4221 2077 4221 2109 4221 2185 4222 2154 4222 2077 4222 2186 4223 2078 4223 2110 4223 2186 4224 2155 4224 2078 4224 2187 4225 2156 4225 2079 4225 2187 4226 2079 4226 2111 4226 2188 4227 2080 4227 2112 4227 2188 4228 2157 4228 2080 4228 2189 4229 2158 4229 2081 4229 2189 4230 2081 4230 2113 4230 2190 4231 2082 4231 2114 4231 2190 4232 2159 4232 2082 4232 2191 4233 2083 4233 2115 4233 2191 4234 2160 4234 2083 4234 2192 4235 2161 4235 2084 4235 2192 4236 2084 4236 2116 4236 2193 4237 2162 4237 2085 4237 2193 4238 2085 4238 2117 4238 2194 4239 2086 4239 2118 4239 2194 4240 2163 4240 2086 4240 2195 4241 2087 4241 2119 4241 2195 4242 2164 4242 2087 4242 2196 4243 2088 4243 2120 4243 2196 4244 2165 4244 2088 4244 2197 4245 2166 4245 2089 4245 2197 4246 2089 4246 2121 4246 2198 4247 2090 4247 2122 4247 2198 4248 2167 4248 2090 4248 2199 4249 2168 4249 2091 4249 2199 4250 2091 4250 2123 4250 2200 4251 2092 4251 2124 4251 2200 4252 2169 4252 2092 4252 2201 4253 2093 4253 2125 4253 2201 4254 2170 4254 2093 4254 2202 4255 2094 4255 2126 4255 2202 4256 2171 4256 2094 4256 2203 4257 2095 4257 2127 4257 2203 4258 2172 4258 2095 4258 2204 4259 2096 4259 2128 4259 2204 4260 2173 4260 2096 4260 2205 4261 2174 4261 2097 4261 2205 4262 2097 4262 2129 4262 2206 4263 2098 4263 2130 4263 2206 4264 2175 4264 2098 4264 2207 4265 2176 4265 2099 4265 2207 4266 2099 4266 2131 4266 2208 4267 2177 4267 2100 4267 2208 4268 2100 4268 2132 4268 2209 4269 2178 4269 2101 4269 2209 4270 2101 4270 2133 4270 2210 4271 2102 4271 2134 4271 2210 4272 2179 4272 2102 4272 2211 4273 2105 4273 2135 4273 2211 4274 2181 4274 2180 4274 2211 4275 2180 4275 2105 4275 2212 4276 2106 4276 126 4276 2212 4277 2182 4277 2106 4277 2212 4278 126 4278 159 4278 2212 4279 159 4279 160 4279 2213 4280 2183 4280 2107 4280 2213 4281 2107 4281 2137 4281 2214 4282 2108 4282 2138 4282 2214 4283 2184 4283 2108 4283 2215 4284 2109 4284 2139 4284 2215 4285 2185 4285 2109 4285 2216 4286 2110 4286 2140 4286 2216 4287 2186 4287 2110 4287 2217 4288 2187 4288 2111 4288 2217 4289 2111 4289 2141 4289 2218 4290 2112 4290 2142 4290 2218 4291 2188 4291 2112 4291 2219 4292 2189 4292 2113 4292 2219 4293 2113 4293 2143 4293 2220 4294 2114 4294 2144 4294 2220 4295 2190 4295 2114 4295 2221 4296 2115 4296 2145 4296 2221 4297 2191 4297 2115 4297 2222 4298 2116 4298 2146 4298 2222 4299 2192 4299 2116 4299 2223 4300 2117 4300 2147 4300 2223 4301 2193 4301 2117 4301 2224 4302 2194 4302 2118 4302 2224 4303 2118 4303 2148 4303 2225 4304 2119 4304 2149 4304 2225 4305 2195 4305 2119 4305 2226 4306 2196 4306 2120 4306 2226 4307 2120 4307 2150 4307 2227 4308 2197 4308 2121 4308 2227 4309 2121 4309 2151 4309 2228 4310 2198 4310 2122 4310 2228 4311 2122 4311 2152 4311 2229 4312 2199 4312 2123 4312 2229 4313 2123 4313 2153 4313 2230 4314 2124 4314 2154 4314 2230 4315 2200 4315 2124 4315 2231 4316 2201 4316 2125 4316 2231 4317 2125 4317 2155 4317 2232 4318 2202 4318 2126 4318 2232 4319 2126 4319 2156 4319 2233 4320 2203 4320 2127 4320 2233 4321 2127 4321 2157 4321 2234 4322 2204 4322 2128 4322 2234 4323 2128 4323 2158 4323 2235 4324 2129 4324 2159 4324 2235 4325 2205 4325 2129 4325 2236 4326 2130 4326 2160 4326 2236 4327 2206 4327 2130 4327 2237 4328 2207 4328 2131 4328 2237 4329 2131 4329 2161 4329 2238 4330 2132 4330 2162 4330 2238 4331 2208 4331 2132 4331 2239 4332 2209 4332 2133 4332 2239 4333 2133 4333 2163 4333 2240 4334 2210 4334 2134 4334 2240 4335 2134 4335 2164 4335 2241 4336 2211 4336 2135 4336 2241 4337 2135 4337 2165 4337 2242 4338 2213 4338 2137 4338 2242 4339 2137 4339 2166 4339 2243 4340 2138 4340 2167 4340 2243 4341 2214 4341 2138 4341 2244 4342 2139 4342 2168 4342 2244 4343 2215 4343 2139 4343 2245 4344 2140 4344 2169 4344 2245 4345 2216 4345 2140 4345 2246 4346 2217 4346 2141 4346 2246 4347 2141 4347 2170 4347 2247 4348 2142 4348 2171 4348 2247 4349 2218 4349 2142 4349 2248 4350 2143 4350 2172 4350 2248 4351 2219 4351 2143 4351 2249 4352 2144 4352 2173 4352 2249 4353 2220 4353 2144 4353 2250 4354 2145 4354 2174 4354 2250 4355 2221 4355 2145 4355 2251 4356 2146 4356 2175 4356 2251 4357 2222 4357 2146 4357 2252 4358 2147 4358 2176 4358 2252 4359 2223 4359 2147 4359 2253 4360 2148 4360 2177 4360 2253 4361 2224 4361 2148 4361 2254 4362 2225 4362 2149 4362 2254 4363 2149 4363 2178 4363 2255 4364 2150 4364 2179 4364 2255 4365 2226 4365 2150 4365 2256 4366 2151 4366 2182 4366 2256 4367 2227 4367 2151 4367 2257 4368 2152 4368 2183 4368 2257 4369 2228 4369 2152 4369 2258 4370 2153 4370 2184 4370 2258 4371 2229 4371 2153 4371 2259 4372 2230 4372 2154 4372 2259 4373 2154 4373 2185 4373 2260 4374 2231 4374 2155 4374 2260 4375 2155 4375 2186 4375 2261 4376 2232 4376 2156 4376 2261 4377 2156 4377 2187 4377 2262 4378 2233 4378 2157 4378 2262 4379 2157 4379 2188 4379 2263 4380 2234 4380 2158 4380 2263 4381 2158 4381 2189 4381 2264 4382 2159 4382 2190 4382 2264 4383 2235 4383 2159 4383 2265 4384 2236 4384 2160 4384 2265 4385 2160 4385 2191 4385 2266 4386 2237 4386 2161 4386 2266 4387 2161 4387 2192 4387 2267 4388 2162 4388 2193 4388 2267 4389 2238 4389 2162 4389 2268 4390 2163 4390 2194 4390 2268 4391 2239 4391 2163 4391 2269 4392 2240 4392 2164 4392 2269 4393 2164 4393 2195 4393 2270 4394 2165 4394 2196 4394 2270 4395 2241 4395 2165 4395 2271 4396 2166 4396 2197 4396 2271 4397 2242 4397 2166 4397 2272 4398 2243 4398 2167 4398 2272 4399 2167 4399 2198 4399 2273 4400 2244 4400 2168 4400 2273 4401 2168 4401 2199 4401 2274 4402 2169 4402 2200 4402 2274 4403 2245 4403 2169 4403 2275 4404 2246 4404 2170 4404 2275 4405 2170 4405 2201 4405 2276 4406 2171 4406 2202 4406 2276 4407 2247 4407 2171 4407 2277 4408 2172 4408 2203 4408 2277 4409 2248 4409 2172 4409 2278 4410 2173 4410 2204 4410 2278 4411 2249 4411 2173 4411 2279 4412 2174 4412 2205 4412 2279 4413 2250 4413 2174 4413 2280 4414 2175 4414 2206 4414 2280 4415 2251 4415 2175 4415 2281 4416 2176 4416 2207 4416 2281 4417 2252 4417 2176 4417 2282 4418 2253 4418 2177 4418 2282 4419 2177 4419 2208 4419 2283 4420 2178 4420 2209 4420 2283 4421 2254 4421 2178 4421 2284 4422 2179 4422 2210 4422 2284 4423 2255 4423 2179 4423 2285 4424 2181 4424 2211 4424 2285 4425 2286 4425 2181 4425 2285 4426 2287 4426 2286 4426 2288 4427 2212 4427 160 4427 2288 4428 2182 4428 2212 4428 2288 4429 2256 4429 2182 4429 2289 4430 2257 4430 2183 4430 2289 4431 2183 4431 2213 4431 2290 4432 2184 4432 2214 4432 2290 4433 2258 4433 2184 4433 2291 4434 2259 4434 2185 4434 2291 4435 2185 4435 2215 4435 2292 4436 2186 4436 2216 4436 2292 4437 2260 4437 2186 4437 2293 4438 2261 4438 2187 4438 2293 4439 2187 4439 2217 4439 2294 4440 2262 4440 2188 4440 2294 4441 2188 4441 2218 4441 2295 4442 2263 4442 2189 4442 2295 4443 2189 4443 2219 4443 2296 4444 2264 4444 2190 4444 2296 4445 2190 4445 2220 4445 2297 4446 2265 4446 2191 4446 2297 4447 2191 4447 2221 4447 2298 4448 2266 4448 2192 4448 2298 4449 2192 4449 2222 4449 2299 4450 2193 4450 2223 4450 2299 4451 2267 4451 2193 4451 2300 4452 2268 4452 2194 4452 2300 4453 2194 4453 2224 4453 2301 4454 2195 4454 2225 4454 2301 4455 2269 4455 2195 4455 2302 4456 2196 4456 2226 4456 2302 4457 2270 4457 2196 4457 2303 4458 2197 4458 2227 4458 2303 4459 2271 4459 2197 4459 2304 4460 2198 4460 2228 4460 2304 4461 2272 4461 2198 4461 2305 4462 2199 4462 2229 4462 2305 4463 2273 4463 2199 4463 2306 4464 2200 4464 2230 4464 2306 4465 2274 4465 2200 4465 2307 4466 2201 4466 2231 4466 2307 4467 2275 4467 2201 4467 2308 4468 2276 4468 2202 4468 2308 4469 2202 4469 2232 4469 2309 4470 2203 4470 2233 4470 2309 4471 2277 4471 2203 4471 2310 4472 2204 4472 2234 4472 2310 4473 2278 4473 2204 4473 2311 4474 2205 4474 2235 4474 2311 4475 2279 4475 2205 4475 2312 4476 2280 4476 2206 4476 2312 4477 2206 4477 2236 4477 2313 4478 2281 4478 2207 4478 2313 4479 2207 4479 2237 4479 2314 4480 2282 4480 2208 4480 2314 4481 2208 4481 2238 4481 2315 4482 2283 4482 2209 4482 2315 4483 2209 4483 2239 4483 2316 4484 2284 4484 2210 4484 2316 4485 2210 4485 2240 4485 2317 4486 2285 4486 2211 4486 2317 4487 2211 4487 2241 4487 2318 4488 2288 4488 160 4488 2318 4489 187 4489 2288 4489 2318 4490 160 4490 187 4490 2319 4491 2289 4491 2213 4491 2319 4492 2213 4492 2242 4492 2320 4493 2290 4493 2214 4493 2320 4494 2214 4494 2243 4494 2321 4495 2215 4495 2244 4495 2321 4496 2291 4496 2215 4496 2322 4497 2216 4497 2245 4497 2322 4498 2292 4498 2216 4498 2323 4499 2217 4499 2246 4499 2323 4500 2293 4500 2217 4500 2324 4501 2218 4501 2247 4501 2324 4502 2294 4502 2218 4502 2325 4503 2219 4503 2248 4503 2325 4504 2295 4504 2219 4504 2326 4505 2220 4505 2249 4505 2326 4506 2296 4506 2220 4506 2327 4507 2297 4507 2221 4507 2327 4508 2221 4508 2250 4508 2328 4509 2298 4509 2222 4509 2328 4510 2222 4510 2251 4510 2329 4511 2299 4511 2223 4511 2329 4512 2223 4512 2252 4512 2330 4513 2300 4513 2224 4513 2330 4514 2224 4514 2253 4514 2331 4515 2225 4515 2254 4515 2331 4516 2301 4516 2225 4516 2332 4517 2226 4517 2255 4517 2332 4518 2302 4518 2226 4518 2333 4519 2227 4519 2256 4519 2333 4520 2303 4520 2227 4520 2334 4521 2304 4521 2228 4521 2334 4522 2228 4522 2257 4522 2335 4523 2229 4523 2258 4523 2335 4524 2305 4524 2229 4524 2336 4525 2306 4525 2230 4525 2336 4526 2230 4526 2259 4526 2337 4527 2231 4527 2260 4527 2337 4528 2307 4528 2231 4528 2338 4529 2232 4529 2261 4529 2338 4530 2308 4530 2232 4530 2339 4531 2233 4531 2262 4531 2339 4532 2309 4532 2233 4532 2340 4533 2310 4533 2234 4533 2340 4534 2234 4534 2263 4534 2341 4535 2235 4535 2264 4535 2341 4536 2311 4536 2235 4536 2342 4537 2236 4537 2265 4537 2342 4538 2312 4538 2236 4538 2343 4539 2237 4539 2266 4539 2343 4540 2313 4540 2237 4540 2344 4541 2238 4541 2267 4541 2344 4542 2314 4542 2238 4542 2345 4543 2239 4543 2268 4543 2345 4544 2315 4544 2239 4544 2346 4545 2316 4545 2240 4545 2346 4546 2240 4546 2269 4546 2347 4547 2317 4547 2241 4547 2347 4548 2241 4548 2270 4548 2348 4549 2319 4549 2242 4549 2348 4550 2242 4550 2271 4550 2349 4551 2243 4551 2272 4551 2349 4552 2320 4552 2243 4552 2350 4553 2244 4553 2273 4553 2350 4554 2321 4554 2244 4554 2351 4555 2322 4555 2245 4555 2351 4556 2245 4556 2274 4556 2352 4557 2323 4557 2246 4557 2352 4558 2246 4558 2275 4558 2353 4559 2247 4559 2276 4559 2353 4560 2324 4560 2247 4560 2354 4561 2248 4561 2277 4561 2354 4562 2325 4562 2248 4562 2355 4563 2326 4563 2249 4563 2355 4564 2249 4564 2278 4564 2356 4565 2327 4565 2250 4565 2356 4566 2250 4566 2279 4566 2357 4567 2251 4567 2280 4567 2357 4568 2328 4568 2251 4568 2358 4569 2252 4569 2281 4569 2358 4570 2329 4570 2252 4570 2359 4571 2330 4571 2253 4571 2359 4572 2253 4572 2282 4572 2360 4573 2331 4573 2254 4573 2360 4574 2254 4574 2283 4574 2361 4575 2332 4575 2255 4575 2361 4576 2255 4576 2284 4576 2362 4577 2363 4577 2287 4577 2364 4578 2333 4578 2256 4578 2364 4579 2256 4579 2288 4579 2364 4580 2288 4580 187 4580 2365 4581 2257 4581 2289 4581 2365 4582 2334 4582 2257 4582 2366 4583 2258 4583 2290 4583 2366 4584 2335 4584 2258 4584 2367 4585 2336 4585 2259 4585 2367 4586 2259 4586 2291 4586 2368 4587 2260 4587 2292 4587 2368 4588 2337 4588 2260 4588 2369 4589 2338 4589 2261 4589 2369 4590 2261 4590 2293 4590 2370 4591 2262 4591 2294 4591 2370 4592 2339 4592 2262 4592 2371 4593 2340 4593 2263 4593 2371 4594 2263 4594 2295 4594 2372 4595 2341 4595 2264 4595 2372 4596 2264 4596 2296 4596 2373 4597 2342 4597 2265 4597 2373 4598 2265 4598 2297 4598 2374 4599 2343 4599 2266 4599 2374 4600 2266 4600 2298 4600 2375 4601 2267 4601 2299 4601 2375 4602 2344 4602 2267 4602 2376 4603 2268 4603 2300 4603 2376 4604 2345 4604 2268 4604 2377 4605 2346 4605 2269 4605 2377 4606 2269 4606 2301 4606 2378 4607 2347 4607 2270 4607 2378 4608 2270 4608 2302 4608 2379 4609 2348 4609 2271 4609 2379 4610 2271 4610 2303 4610 2380 4611 2272 4611 2304 4611 2380 4612 2349 4612 2272 4612 2381 4613 2350 4613 2273 4613 2381 4614 2273 4614 2305 4614 2382 4615 2274 4615 2306 4615 2382 4616 2351 4616 2274 4616 2383 4617 2352 4617 2275 4617 2383 4618 2275 4618 2307 4618 2384 4619 2276 4619 2308 4619 2384 4620 2353 4620 2276 4620 2385 4621 2277 4621 2309 4621 2385 4622 2354 4622 2277 4622 2386 4623 2355 4623 2278 4623 2386 4624 2278 4624 2310 4624 2387 4625 2356 4625 2279 4625 2387 4626 2279 4626 2311 4626 2388 4627 2280 4627 2312 4627 2388 4628 2357 4628 2280 4628 2389 4629 2358 4629 2281 4629 2389 4630 2281 4630 2313 4630 2390 4631 2359 4631 2282 4631 2390 4632 2282 4632 2314 4632 2391 4633 2283 4633 2315 4633 2391 4634 2360 4634 2283 4634 2392 4635 2284 4635 2316 4635 2392 4636 2361 4636 2284 4636 2393 4637 2285 4637 2317 4637 2393 4638 2287 4638 2285 4638 2393 4639 2363 4639 2362 4639 2393 4640 2362 4640 2287 4640 2394 4641 187 4641 227 4641 2394 4642 227 4642 228 4642 2394 4643 2364 4643 187 4643 2395 4644 2365 4644 2289 4644 2395 4645 2289 4645 2319 4645 2396 4646 2366 4646 2290 4646 2396 4647 2290 4647 2320 4647 2397 4648 2367 4648 2291 4648 2397 4649 2291 4649 2321 4649 2398 4650 2368 4650 2292 4650 2398 4651 2292 4651 2322 4651 2399 4652 2369 4652 2293 4652 2399 4653 2293 4653 2323 4653 2400 4654 2294 4654 2324 4654 2400 4655 2370 4655 2294 4655 2401 4656 2295 4656 2325 4656 2401 4657 2371 4657 2295 4657 2402 4658 2372 4658 2296 4658 2402 4659 2296 4659 2326 4659 2403 4660 2297 4660 2327 4660 2403 4661 2373 4661 2297 4661 2404 4662 2374 4662 2298 4662 2404 4663 2298 4663 2328 4663 2405 4664 2375 4664 2299 4664 2405 4665 2299 4665 2329 4665 2406 4666 2376 4666 2300 4666 2406 4667 2300 4667 2330 4667 2407 4668 2377 4668 2301 4668 2407 4669 2301 4669 2331 4669 2408 4670 2302 4670 2332 4670 2408 4671 2378 4671 2302 4671 2409 4672 2379 4672 2303 4672 2409 4673 2303 4673 2333 4673 2410 4674 2304 4674 2334 4674 2410 4675 2380 4675 2304 4675 2411 4676 2381 4676 2305 4676 2411 4677 2305 4677 2335 4677 2412 4678 2382 4678 2306 4678 2412 4679 2306 4679 2336 4679 2413 4680 2307 4680 2337 4680 2413 4681 2383 4681 2307 4681 2414 4682 2308 4682 2338 4682 2414 4683 2384 4683 2308 4683 2415 4684 2309 4684 2339 4684 2415 4685 2385 4685 2309 4685 2416 4686 2310 4686 2340 4686 2416 4687 2386 4687 2310 4687 2417 4688 2311 4688 2341 4688 2417 4689 2387 4689 2311 4689 2418 4690 2312 4690 2342 4690 2418 4691 2388 4691 2312 4691 2419 4692 2313 4692 2343 4692 2419 4693 2389 4693 2313 4693 2420 4694 2314 4694 2344 4694 2420 4695 2390 4695 2314 4695 2421 4696 2315 4696 2345 4696 2421 4697 2391 4697 2315 4697 2422 4698 2392 4698 2316 4698 2422 4699 2316 4699 2346 4699 2423 4700 2393 4700 2317 4700 2423 4701 2317 4701 2347 4701 2424 4702 2319 4702 2348 4702 2424 4703 2395 4703 2319 4703 2425 4704 2396 4704 2320 4704 2425 4705 2320 4705 2349 4705 2426 4706 2321 4706 2350 4706 2426 4707 2397 4707 2321 4707 2427 4708 2398 4708 2322 4708 2427 4709 2322 4709 2351 4709 2428 4710 2399 4710 2323 4710 2428 4711 2323 4711 2352 4711 2429 4712 2400 4712 2324 4712 2429 4713 2324 4713 2353 4713 2430 4714 2401 4714 2325 4714 2430 4715 2325 4715 2354 4715 2431 4716 2402 4716 2326 4716 2431 4717 2326 4717 2355 4717 2432 4718 2327 4718 2356 4718 2432 4719 2403 4719 2327 4719 2433 4720 2404 4720 2328 4720 2433 4721 2328 4721 2357 4721 2434 4722 2405 4722 2329 4722 2434 4723 2329 4723 2358 4723 2435 4724 2406 4724 2330 4724 2435 4725 2330 4725 2359 4725 2436 4726 2407 4726 2331 4726 2436 4727 2331 4727 2360 4727 2437 4728 2332 4728 2361 4728 2437 4729 2408 4729 2332 4729 2438 4730 2333 4730 2364 4730 2438 4731 2409 4731 2333 4731 2439 4732 2334 4732 2365 4732 2439 4733 2410 4733 2334 4733 2440 4734 2335 4734 2366 4734 2440 4735 2411 4735 2335 4735 2441 4736 2412 4736 2336 4736 2441 4737 2336 4737 2367 4737 2442 4738 2413 4738 2337 4738 2442 4739 2337 4739 2368 4739 2443 4740 2414 4740 2338 4740 2443 4741 2338 4741 2369 4741 2444 4742 2339 4742 2370 4742 2444 4743 2415 4743 2339 4743 2445 4744 2416 4744 2340 4744 2445 4745 2340 4745 2371 4745 2446 4746 2341 4746 2372 4746 2446 4747 2417 4747 2341 4747 2447 4748 2418 4748 2342 4748 2447 4749 2342 4749 2373 4749 2448 4750 2343 4750 2374 4750 2448 4751 2419 4751 2343 4751 2449 4752 2344 4752 2375 4752 2449 4753 2420 4753 2344 4753 2450 4754 2421 4754 2345 4754 2450 4755 2345 4755 2376 4755 2451 4756 2422 4756 2346 4756 2451 4757 2346 4757 2377 4757 2452 4758 2347 4758 2378 4758 2452 4759 2423 4759 2347 4759 2453 4760 2424 4760 2348 4760 2453 4761 2348 4761 2379 4761 2454 4762 2349 4762 2380 4762 2454 4763 2425 4763 2349 4763 2455 4764 2350 4764 2381 4764 2455 4765 2426 4765 2350 4765 2456 4766 2427 4766 2351 4766 2456 4767 2351 4767 2382 4767 2457 4768 2352 4768 2383 4768 2457 4769 2428 4769 2352 4769 2458 4770 2353 4770 2384 4770 2458 4771 2429 4771 2353 4771 2459 4772 2354 4772 2385 4772 2459 4773 2430 4773 2354 4773 2460 4774 2355 4774 2386 4774 2460 4775 2431 4775 2355 4775 2461 4776 2432 4776 2356 4776 2461 4777 2356 4777 2387 4777 2462 4778 2433 4778 2357 4778 2462 4779 2357 4779 2388 4779 2463 4780 2434 4780 2358 4780 2463 4781 2358 4781 2389 4781 2464 4782 2435 4782 2359 4782 2464 4783 2359 4783 2390 4783 2465 4784 2436 4784 2360 4784 2465 4785 2360 4785 2391 4785 2466 4786 2437 4786 2361 4786 2466 4787 2361 4787 2392 4787 2467 4788 2468 4788 2363 4788 2467 4789 2469 4789 2468 4789 2470 4790 2394 4790 228 4790 2470 4791 2438 4791 2364 4791 2470 4792 2364 4792 2394 4792 2471 4793 2439 4793 2365 4793 2471 4794 2365 4794 2395 4794 2472 4795 2440 4795 2366 4795 2472 4796 2366 4796 2396 4796 2473 4797 2441 4797 2367 4797 2473 4798 2367 4798 2397 4798 2474 4799 2368 4799 2398 4799 2474 4800 2442 4800 2368 4800 2475 4801 2369 4801 2399 4801 2475 4802 2443 4802 2369 4802 2476 4803 2370 4803 2400 4803 2476 4804 2444 4804 2370 4804 2477 4805 2445 4805 2371 4805 2477 4806 2371 4806 2401 4806 2478 4807 2372 4807 2402 4807 2478 4808 2446 4808 2372 4808 2479 4809 2447 4809 2373 4809 2479 4810 2373 4810 2403 4810 2480 4811 2374 4811 2404 4811 2480 4812 2448 4812 2374 4812 2481 4813 2375 4813 2405 4813 2481 4814 2449 4814 2375 4814 2482 4815 2376 4815 2406 4815 2482 4816 2450 4816 2376 4816 2483 4817 2451 4817 2377 4817 2483 4818 2377 4818 2407 4818 2484 4819 2452 4819 2378 4819 2484 4820 2378 4820 2408 4820 2485 4821 2379 4821 2409 4821 2485 4822 2453 4822 2379 4822 2486 4823 2380 4823 2410 4823 2486 4824 2454 4824 2380 4824 2487 4825 2455 4825 2381 4825 2487 4826 2381 4826 2411 4826 2488 4827 2382 4827 2412 4827 2488 4828 2456 4828 2382 4828 2489 4829 2383 4829 2413 4829 2489 4830 2457 4830 2383 4830 2490 4831 2458 4831 2384 4831 2490 4832 2384 4832 2414 4832 2491 4833 2385 4833 2415 4833 2491 4834 2459 4834 2385 4834 2492 4835 2386 4835 2416 4835 2492 4836 2460 4836 2386 4836 2493 4837 2387 4837 2417 4837 2493 4838 2461 4838 2387 4838 2494 4839 2388 4839 2418 4839 2494 4840 2462 4840 2388 4840 2495 4841 2389 4841 2419 4841 2495 4842 2463 4842 2389 4842 2496 4843 2390 4843 2420 4843 2496 4844 2464 4844 2390 4844 2497 4845 2465 4845 2391 4845 2497 4846 2391 4846 2421 4846 2498 4847 2392 4847 2422 4847 2498 4848 2466 4848 2392 4848 2499 4849 2393 4849 2423 4849 2499 4850 2467 4850 2363 4850 2499 4851 2363 4851 2393 4851 2500 4852 260 4852 2470 4852 2500 4853 2470 4853 228 4853 2500 4854 228 4854 260 4854 2501 4855 2471 4855 2395 4855 2501 4856 2395 4856 2424 4856 2502 4857 2472 4857 2396 4857 2502 4858 2396 4858 2425 4858 2503 4859 2397 4859 2426 4859 2503 4860 2473 4860 2397 4860 2504 4861 2398 4861 2427 4861 2504 4862 2474 4862 2398 4862 2505 4863 2399 4863 2428 4863 2505 4864 2475 4864 2399 4864 2506 4865 2476 4865 2400 4865 2506 4866 2400 4866 2429 4866 2507 4867 2401 4867 2430 4867 2507 4868 2477 4868 2401 4868 2508 4869 2478 4869 2402 4869 2508 4870 2402 4870 2431 4870 2509 4871 2403 4871 2432 4871 2509 4872 2479 4872 2403 4872 2510 4873 2480 4873 2404 4873 2510 4874 2404 4874 2433 4874 2511 4875 2481 4875 2405 4875 2511 4876 2405 4876 2434 4876 2512 4877 2482 4877 2406 4877 2512 4878 2406 4878 2435 4878 2513 4879 2483 4879 2407 4879 2513 4880 2407 4880 2436 4880 2514 4881 2408 4881 2437 4881 2514 4882 2484 4882 2408 4882 2515 4883 2409 4883 2438 4883 2515 4884 2485 4884 2409 4884 2516 4885 2410 4885 2439 4885 2516 4886 2486 4886 2410 4886 2517 4887 2487 4887 2411 4887 2517 4888 2411 4888 2440 4888 2518 4889 2412 4889 2441 4889 2518 4890 2488 4890 2412 4890 2519 4891 2413 4891 2442 4891 2519 4892 2489 4892 2413 4892 2520 4893 2414 4893 2443 4893 2520 4894 2490 4894 2414 4894 2521 4895 2415 4895 2444 4895 2521 4896 2491 4896 2415 4896 2522 4897 2416 4897 2445 4897 2522 4898 2492 4898 2416 4898 2523 4899 2417 4899 2446 4899 2523 4900 2493 4900 2417 4900 2524 4901 2494 4901 2418 4901 2524 4902 2418 4902 2447 4902 2525 4903 2495 4903 2419 4903 2525 4904 2419 4904 2448 4904 2526 4905 2420 4905 2449 4905 2526 4906 2496 4906 2420 4906 2527 4907 2421 4907 2450 4907 2527 4908 2497 4908 2421 4908 2528 4909 2422 4909 2451 4909 2528 4910 2498 4910 2422 4910 2529 4911 2499 4911 2423 4911 2529 4912 2423 4912 2452 4912 2530 4913 2424 4913 2453 4913 2530 4914 2501 4914 2424 4914 2531 4915 2502 4915 2425 4915 2531 4916 2425 4916 2454 4916 2532 4917 2503 4917 2426 4917 2532 4918 2426 4918 2455 4918 2533 4919 2427 4919 2456 4919 2533 4920 2504 4920 2427 4920 2534 4921 2428 4921 2457 4921 2534 4922 2505 4922 2428 4922 2535 4923 2506 4923 2429 4923 2535 4924 2429 4924 2458 4924 2536 4925 2507 4925 2430 4925 2536 4926 2430 4926 2459 4926 2537 4927 2508 4927 2431 4927 2537 4928 2431 4928 2460 4928 2538 4929 2432 4929 2461 4929 2538 4930 2509 4930 2432 4930 2539 4931 2510 4931 2433 4931 2539 4932 2433 4932 2462 4932 2540 4933 2511 4933 2434 4933 2540 4934 2434 4934 2463 4934 2541 4935 2435 4935 2464 4935 2541 4936 2512 4936 2435 4936 2542 4937 2436 4937 2465 4937 2542 4938 2513 4938 2436 4938 2543 4939 2514 4939 2437 4939 2543 4940 2437 4940 2466 4940 2544 4941 2545 4941 2469 4941 2546 4942 2438 4942 2470 4942 2546 4943 2470 4943 260 4943 2546 4944 2515 4944 2438 4944 2547 4945 2439 4945 2471 4945 2547 4946 2516 4946 2439 4946 2548 4947 2517 4947 2440 4947 2548 4948 2440 4948 2472 4948 2549 4949 2441 4949 2473 4949 2549 4950 2518 4950 2441 4950 2550 4951 2442 4951 2474 4951 2550 4952 2519 4952 2442 4952 2551 4953 2443 4953 2475 4953 2551 4954 2520 4954 2443 4954 2552 4955 2444 4955 2476 4955 2552 4956 2521 4956 2444 4956 2553 4957 2522 4957 2445 4957 2553 4958 2445 4958 2477 4958 2554 4959 2446 4959 2478 4959 2554 4960 2523 4960 2446 4960 2555 4961 2447 4961 2479 4961 2555 4962 2524 4962 2447 4962 2556 4963 2448 4963 2480 4963 2556 4964 2525 4964 2448 4964 2557 4965 2449 4965 2481 4965 2557 4966 2526 4966 2449 4966 2558 4967 2527 4967 2450 4967 2558 4968 2450 4968 2482 4968 2559 4969 2451 4969 2483 4969 2559 4970 2528 4970 2451 4970 2560 4971 2452 4971 2484 4971 2560 4972 2529 4972 2452 4972 2561 4973 2453 4973 2485 4973 2561 4974 2530 4974 2453 4974 2562 4975 2531 4975 2454 4975 2562 4976 2454 4976 2486 4976 2563 4977 2455 4977 2487 4977 2563 4978 2532 4978 2455 4978 2564 4979 2533 4979 2456 4979 2564 4980 2456 4980 2488 4980 2565 4981 2534 4981 2457 4981 2565 4982 2457 4982 2489 4982 2566 4983 2535 4983 2458 4983 2566 4984 2458 4984 2490 4984 2567 4985 2536 4985 2459 4985 2567 4986 2459 4986 2491 4986 2568 4987 2537 4987 2460 4987 2568 4988 2460 4988 2492 4988 2569 4989 2461 4989 2493 4989 2569 4990 2538 4990 2461 4990 2570 4991 2539 4991 2462 4991 2570 4992 2462 4992 2494 4992 2571 4993 2540 4993 2463 4993 2571 4994 2463 4994 2495 4994 2572 4995 2541 4995 2464 4995 2572 4996 2464 4996 2496 4996 2573 4997 2465 4997 2497 4997 2573 4998 2542 4998 2465 4998 2574 4999 2466 4999 2498 4999 2574 5000 2543 5000 2466 5000 2575 5001 2469 5001 2467 5001 2575 5002 2545 5002 2544 5002 2575 5003 2467 5003 2499 5003 2575 5004 2544 5004 2469 5004 2576 5005 2546 5005 260 5005 2576 5006 260 5006 307 5006 2577 5007 2471 5007 2501 5007 2577 5008 2547 5008 2471 5008 2578 5009 2548 5009 2472 5009 2578 5010 2472 5010 2502 5010 2579 5011 2549 5011 2473 5011 2579 5012 2473 5012 2503 5012 2580 5013 2550 5013 2474 5013 2580 5014 2474 5014 2504 5014 2581 5015 2475 5015 2505 5015 2581 5016 2551 5016 2475 5016 2582 5017 2476 5017 2506 5017 2582 5018 2552 5018 2476 5018 2583 5019 2553 5019 2477 5019 2583 5020 2477 5020 2507 5020 2584 5021 2478 5021 2508 5021 2584 5022 2554 5022 2478 5022 2585 5023 2479 5023 2509 5023 2585 5024 2555 5024 2479 5024 2586 5025 2556 5025 2480 5025 2586 5026 2480 5026 2510 5026 2587 5027 2481 5027 2511 5027 2587 5028 2557 5028 2481 5028 2588 5029 2558 5029 2482 5029 2588 5030 2482 5030 2512 5030 2589 5031 2483 5031 2513 5031 2589 5032 2559 5032 2483 5032 2590 5033 2484 5033 2514 5033 2590 5034 2560 5034 2484 5034 2591 5035 2485 5035 2515 5035 2591 5036 2561 5036 2485 5036 2592 5037 2486 5037 2516 5037 2592 5038 2562 5038 2486 5038 2593 5039 2563 5039 2487 5039 2593 5040 2487 5040 2517 5040 2594 5041 2488 5041 2518 5041 2594 5042 2564 5042 2488 5042 2595 5043 2565 5043 2489 5043 2595 5044 2489 5044 2519 5044 2596 5045 2490 5045 2520 5045 2596 5046 2566 5046 2490 5046 2597 5047 2491 5047 2521 5047 2597 5048 2567 5048 2491 5048 2598 5049 2492 5049 2522 5049 2598 5050 2568 5050 2492 5050 2599 5051 2493 5051 2523 5051 2599 5052 2569 5052 2493 5052 2600 5053 2570 5053 2494 5053 2600 5054 2494 5054 2524 5054 2601 5055 2495 5055 2525 5055 2601 5056 2571 5056 2495 5056 2602 5057 2572 5057 2496 5057 2602 5058 2496 5058 2526 5058 2603 5059 2573 5059 2497 5059 2603 5060 2497 5060 2527 5060 2604 5061 2574 5061 2498 5061 2604 5062 2498 5062 2528 5062 2605 5063 2575 5063 2499 5063 2605 5064 2499 5064 2529 5064 2606 5065 2577 5065 2501 5065 2606 5066 2501 5066 2530 5066 2607 5067 2578 5067 2502 5067 2607 5068 2502 5068 2531 5068 2608 5069 2503 5069 2532 5069 2608 5070 2579 5070 2503 5070 2609 5071 2580 5071 2504 5071 2609 5072 2504 5072 2533 5072 2610 5073 2505 5073 2534 5073 2610 5074 2581 5074 2505 5074 2611 5075 2582 5075 2506 5075 2611 5076 2506 5076 2535 5076 2612 5077 2507 5077 2536 5077 2612 5078 2583 5078 2507 5078 2613 5079 2584 5079 2508 5079 2613 5080 2508 5080 2537 5080 2614 5081 2509 5081 2538 5081 2614 5082 2585 5082 2509 5082 2615 5083 2586 5083 2510 5083 2615 5084 2510 5084 2539 5084 2616 5085 2587 5085 2511 5085 2616 5086 2511 5086 2540 5086 2617 5087 2588 5087 2512 5087 2617 5088 2512 5088 2541 5088 2618 5089 2513 5089 2542 5089 2618 5090 2589 5090 2513 5090 2619 5091 2590 5091 2514 5091 2619 5092 2514 5092 2543 5092 2620 5093 2591 5093 2515 5093 2620 5094 2515 5094 2546 5094 2621 5095 2516 5095 2547 5095 2621 5096 2592 5096 2516 5096 2622 5097 2517 5097 2548 5097 2622 5098 2593 5098 2517 5098 2623 5099 2518 5099 2549 5099 2623 5100 2594 5100 2518 5100 2624 5101 2519 5101 2550 5101 2624 5102 2595 5102 2519 5102 2625 5103 2520 5103 2551 5103 2625 5104 2596 5104 2520 5104 2626 5105 2521 5105 2552 5105 2626 5106 2597 5106 2521 5106 2627 5107 2598 5107 2522 5107 2627 5108 2522 5108 2553 5108 2628 5109 2523 5109 2554 5109 2628 5110 2599 5110 2523 5110 2629 5111 2600 5111 2524 5111 2629 5112 2524 5112 2555 5112 2630 5113 2601 5113 2525 5113 2630 5114 2525 5114 2556 5114 2631 5115 2602 5115 2526 5115 2631 5116 2526 5116 2557 5116 2632 5117 2527 5117 2558 5117 2632 5118 2603 5118 2527 5118 2633 5119 2604 5119 2528 5119 2633 5120 2528 5120 2559 5120 2634 5121 2605 5121 2529 5121 2634 5122 2529 5122 2560 5122 2635 5123 2530 5123 2561 5123 2635 5124 2606 5124 2530 5124 2636 5125 2607 5125 2531 5125 2636 5126 2531 5126 2562 5126 2637 5127 2608 5127 2532 5127 2637 5128 2532 5128 2563 5128 2638 5129 2609 5129 2533 5129 2638 5130 2533 5130 2564 5130 2639 5131 2534 5131 2565 5131 2639 5132 2610 5132 2534 5132 2640 5133 2535 5133 2566 5133 2640 5134 2611 5134 2535 5134 2641 5135 2612 5135 2536 5135 2641 5136 2536 5136 2567 5136 2642 5137 2613 5137 2537 5137 2642 5138 2537 5138 2568 5138 2643 5139 2538 5139 2569 5139 2643 5140 2614 5140 2538 5140 2644 5141 2615 5141 2539 5141 2644 5142 2539 5142 2570 5142 2645 5143 2540 5143 2571 5143 2645 5144 2616 5144 2540 5144 2646 5145 2541 5145 2572 5145 2646 5146 2617 5146 2541 5146 2647 5147 2542 5147 2573 5147 2647 5148 2618 5148 2542 5148 2648 5149 2543 5149 2574 5149 2648 5150 2619 5150 2543 5150 2649 5151 2650 5151 2545 5151 2651 5152 2576 5152 307 5152 2651 5153 2546 5153 2576 5153 2651 5154 2620 5154 2546 5154 2652 5155 2621 5155 2547 5155 2652 5156 2547 5156 2577 5156 2653 5157 2548 5157 2578 5157 2653 5158 2622 5158 2548 5158 2654 5159 2549 5159 2579 5159 2654 5160 2623 5160 2549 5160 2655 5161 2550 5161 2580 5161 2655 5162 2624 5162 2550 5162 2656 5163 2551 5163 2581 5163 2656 5164 2625 5164 2551 5164 2657 5165 2552 5165 2582 5165 2657 5166 2626 5166 2552 5166 2658 5167 2553 5167 2583 5167 2658 5168 2627 5168 2553 5168 2659 5169 2554 5169 2584 5169 2659 5170 2628 5170 2554 5170 2660 5171 2555 5171 2585 5171 2660 5172 2629 5172 2555 5172 2661 5173 2556 5173 2586 5173 2661 5174 2630 5174 2556 5174 2662 5175 2557 5175 2587 5175 2662 5176 2631 5176 2557 5176 2663 5177 2632 5177 2558 5177 2663 5178 2558 5178 2588 5178 2664 5179 2633 5179 2559 5179 2664 5180 2559 5180 2589 5180 2665 5181 2634 5181 2560 5181 2665 5182 2560 5182 2590 5182 2666 5183 2561 5183 2591 5183 2666 5184 2635 5184 2561 5184 2667 5185 2562 5185 2592 5185 2667 5186 2636 5186 2562 5186 2668 5187 2637 5187 2563 5187 2668 5188 2563 5188 2593 5188 2669 5189 2638 5189 2564 5189 2669 5190 2564 5190 2594 5190 2670 5191 2639 5191 2565 5191 2670 5192 2565 5192 2595 5192 2671 5193 2640 5193 2566 5193 2671 5194 2566 5194 2596 5194 2672 5195 2641 5195 2567 5195 2672 5196 2567 5196 2597 5196 2673 5197 2642 5197 2568 5197 2673 5198 2568 5198 2598 5198 2674 5199 2643 5199 2569 5199 2674 5200 2569 5200 2599 5200 2675 5201 2570 5201 2600 5201 2675 5202 2644 5202 2570 5202 2676 5203 2645 5203 2571 5203 2676 5204 2571 5204 2601 5204 2677 5205 2646 5205 2572 5205 2677 5206 2572 5206 2602 5206 2678 5207 2573 5207 2603 5207 2678 5208 2647 5208 2573 5208 2679 5209 2648 5209 2574 5209 2679 5210 2574 5210 2604 5210 2680 5211 2575 5211 2605 5211 2680 5212 2650 5212 2649 5212 2680 5213 2649 5213 2545 5213 2680 5214 2681 5214 2650 5214 2680 5215 2545 5215 2575 5215 2682 5216 2651 5216 307 5216 2682 5217 345 5217 2651 5217 2682 5218 307 5218 344 5218 2682 5219 344 5219 345 5219 2683 5220 2577 5220 2606 5220 2683 5221 2652 5221 2577 5221 2684 5222 2653 5222 2578 5222 2684 5223 2578 5223 2607 5223 2685 5224 2654 5224 2579 5224 2685 5225 2579 5225 2608 5225 2686 5226 2580 5226 2609 5226 2686 5227 2655 5227 2580 5227 2687 5228 2581 5228 2610 5228 2687 5229 2656 5229 2581 5229 2688 5230 2582 5230 2611 5230 2688 5231 2657 5231 2582 5231 2689 5232 2583 5232 2612 5232 2689 5233 2658 5233 2583 5233 2690 5234 2584 5234 2613 5234 2690 5235 2659 5235 2584 5235 2691 5236 2585 5236 2614 5236 2691 5237 2660 5237 2585 5237 2692 5238 2586 5238 2615 5238 2692 5239 2661 5239 2586 5239 2693 5240 2662 5240 2587 5240 2693 5241 2587 5241 2616 5241 2694 5242 2588 5242 2617 5242 2694 5243 2663 5243 2588 5243 2695 5244 2664 5244 2589 5244 2695 5245 2589 5245 2618 5245 2696 5246 2590 5246 2619 5246 2696 5247 2665 5247 2590 5247 2697 5248 2591 5248 2620 5248 2697 5249 2666 5249 2591 5249 2698 5250 2667 5250 2592 5250 2698 5251 2592 5251 2621 5251 2699 5252 2668 5252 2593 5252 2699 5253 2593 5253 2622 5253 2700 5254 2594 5254 2623 5254 2700 5255 2669 5255 2594 5255 2701 5256 2595 5256 2624 5256 2701 5257 2670 5257 2595 5257 2702 5258 2596 5258 2625 5258 2702 5259 2671 5259 2596 5259 2703 5260 2672 5260 2597 5260 2703 5261 2597 5261 2626 5261 2704 5262 2598 5262 2627 5262 2704 5263 2673 5263 2598 5263 2705 5264 2674 5264 2599 5264 2705 5265 2599 5265 2628 5265 2706 5266 2600 5266 2629 5266 2706 5267 2675 5267 2600 5267 2707 5268 2676 5268 2601 5268 2707 5269 2601 5269 2630 5269 2708 5270 2602 5270 2631 5270 2708 5271 2677 5271 2602 5271 2709 5272 2678 5272 2603 5272 2709 5273 2603 5273 2632 5273 2710 5274 2604 5274 2633 5274 2710 5275 2679 5275 2604 5275 2711 5276 2680 5276 2605 5276 2711 5277 2681 5277 2680 5277 2711 5278 2605 5278 2634 5278 2712 5279 2606 5279 2635 5279 2712 5280 2683 5280 2606 5280 2713 5281 2607 5281 2636 5281 2713 5282 2684 5282 2607 5282 2714 5283 2685 5283 2608 5283 2714 5284 2608 5284 2637 5284 2715 5285 2609 5285 2638 5285 2715 5286 2686 5286 2609 5286 2716 5287 2610 5287 2639 5287 2716 5288 2687 5288 2610 5288 2717 5289 2611 5289 2640 5289 2717 5290 2688 5290 2611 5290 2718 5291 2612 5291 2641 5291 2718 5292 2689 5292 2612 5292 2719 5293 2613 5293 2642 5293 2719 5294 2690 5294 2613 5294 2720 5295 2614 5295 2643 5295 2720 5296 2691 5296 2614 5296 2721 5297 2692 5297 2615 5297 2721 5298 2615 5298 2644 5298 2722 5299 2616 5299 2645 5299 2722 5300 2693 5300 2616 5300 2723 5301 2694 5301 2617 5301 2723 5302 2617 5302 2646 5302 2724 5303 2618 5303 2647 5303 2724 5304 2695 5304 2618 5304 2725 5305 2619 5305 2648 5305 2725 5306 2696 5306 2619 5306 2726 5307 2620 5307 2651 5307 2726 5308 2697 5308 2620 5308 2727 5309 2621 5309 2652 5309 2727 5310 2698 5310 2621 5310 2728 5311 2622 5311 2653 5311 2728 5312 2699 5312 2622 5312 2729 5313 2700 5313 2623 5313 2729 5314 2623 5314 2654 5314 2730 5315 2624 5315 2655 5315 2730 5316 2701 5316 2624 5316 2731 5317 2625 5317 2656 5317 2731 5318 2702 5318 2625 5318 2732 5319 2626 5319 2657 5319 2732 5320 2703 5320 2626 5320 2733 5321 2627 5321 2658 5321 2733 5322 2704 5322 2627 5322 2734 5323 2628 5323 2659 5323 2734 5324 2705 5324 2628 5324 2735 5325 2706 5325 2629 5325 2735 5326 2629 5326 2660 5326 2736 5327 2707 5327 2630 5327 2736 5328 2630 5328 2661 5328 2737 5329 2708 5329 2631 5329 2737 5330 2631 5330 2662 5330 2738 5331 2709 5331 2632 5331 2738 5332 2632 5332 2663 5332 2739 5333 2633 5333 2664 5333 2739 5334 2710 5334 2633 5334 2740 5335 2711 5335 2634 5335 2740 5336 2681 5336 2711 5336 2740 5337 2634 5337 2665 5337 2741 5338 2712 5338 2635 5338 2741 5339 2635 5339 2666 5339 2742 5340 2713 5340 2636 5340 2742 5341 2636 5341 2667 5341 2743 5342 2714 5342 2637 5342 2743 5343 2637 5343 2668 5343 2744 5344 2638 5344 2669 5344 2744 5345 2715 5345 2638 5345 2745 5346 2716 5346 2639 5346 2745 5347 2639 5347 2670 5347 2746 5348 2717 5348 2640 5348 2746 5349 2640 5349 2671 5349 2747 5350 2641 5350 2672 5350 2747 5351 2718 5351 2641 5351 2748 5352 2719 5352 2642 5352 2748 5353 2642 5353 2673 5353 2749 5354 2720 5354 2643 5354 2749 5355 2643 5355 2674 5355 2750 5356 2644 5356 2675 5356 2750 5357 2721 5357 2644 5357 2751 5358 2645 5358 2676 5358 2751 5359 2722 5359 2645 5359 2752 5360 2646 5360 2677 5360 2752 5361 2723 5361 2646 5361 2753 5362 2647 5362 2678 5362 2753 5363 2724 5363 2647 5363 2754 5364 2648 5364 2679 5364 2754 5365 2725 5365 2648 5365 2755 5366 2651 5366 345 5366 2755 5367 399 5367 2726 5367 2755 5368 2726 5368 2651 5368 2755 5369 345 5369 399 5369 2756 5370 2727 5370 2652 5370 2756 5371 2652 5371 2683 5371 2757 5372 2728 5372 2653 5372 2757 5373 2653 5373 2684 5373 2758 5374 2654 5374 2685 5374 2758 5375 2729 5375 2654 5375 2759 5376 2655 5376 2686 5376 2759 5377 2730 5377 2655 5377 2760 5378 2656 5378 2687 5378 2760 5379 2731 5379 2656 5379 2761 5380 2657 5380 2688 5380 2761 5381 2732 5381 2657 5381 2762 5382 2733 5382 2658 5382 2762 5383 2658 5383 2689 5383 2763 5384 2659 5384 2690 5384 2763 5385 2734 5385 2659 5385 2764 5386 2660 5386 2691 5386 2764 5387 2735 5387 2660 5387 2765 5388 2736 5388 2661 5388 2765 5389 2661 5389 2692 5389 2766 5390 2662 5390 2693 5390 2766 5391 2737 5391 2662 5391 2767 5392 2663 5392 2694 5392 2767 5393 2738 5393 2663 5393 2768 5394 2739 5394 2664 5394 2768 5395 2664 5395 2695 5395 2769 5396 2740 5396 2665 5396 2769 5397 2681 5397 2740 5397 2769 5398 2665 5398 2696 5398 2770 5399 2741 5399 2666 5399 2770 5400 2666 5400 2697 5400 2771 5401 2667 5401 2698 5401 2771 5402 2742 5402 2667 5402 2772 5403 2743 5403 2668 5403 2772 5404 2668 5404 2699 5404 2773 5405 2744 5405 2669 5405 2773 5406 2669 5406 2700 5406 2774 5407 2745 5407 2670 5407 2774 5408 2670 5408 2701 5408 2775 5409 2671 5409 2702 5409 2775 5410 2746 5410 2671 5410 2776 5411 2747 5411 2672 5411 2776 5412 2672 5412 2703 5412 2777 5413 2748 5413 2673 5413 2777 5414 2673 5414 2704 5414 2778 5415 2749 5415 2674 5415 2778 5416 2674 5416 2705 5416 2779 5417 2750 5417 2675 5417 2779 5418 2675 5418 2706 5418 2780 5419 2751 5419 2676 5419 2780 5420 2676 5420 2707 5420 2781 5421 2677 5421 2708 5421 2781 5422 2752 5422 2677 5422 2782 5423 2753 5423 2678 5423 2782 5424 2678 5424 2709 5424 2783 5425 2679 5425 2710 5425 2783 5426 2754 5426 2679 5426 2784 5427 2683 5427 2712 5427 2784 5428 2756 5428 2683 5428 2785 5429 2684 5429 2713 5429 2785 5430 2757 5430 2684 5430 2786 5431 2685 5431 2714 5431 2786 5432 2758 5432 2685 5432 2787 5433 2759 5433 2686 5433 2787 5434 2686 5434 2715 5434 2788 5435 2687 5435 2716 5435 2788 5436 2760 5436 2687 5436 2789 5437 2688 5437 2717 5437 2789 5438 2761 5438 2688 5438 2790 5439 2689 5439 2718 5439 2790 5440 2762 5440 2689 5440 2791 5441 2690 5441 2719 5441 2791 5442 2763 5442 2690 5442 2792 5443 2691 5443 2720 5443 2792 5444 2764 5444 2691 5444 2793 5445 2692 5445 2721 5445 2793 5446 2765 5446 2692 5446 2794 5447 2766 5447 2693 5447 2794 5448 2693 5448 2722 5448 2795 5449 2694 5449 2723 5449 2795 5450 2767 5450 2694 5450 2796 5451 2695 5451 2724 5451 2796 5452 2768 5452 2695 5452 2797 5453 2681 5453 2769 5453 2797 5454 2696 5454 2725 5454 2797 5455 2769 5455 2696 5455 2798 5456 2770 5456 2697 5456 2798 5457 2697 5457 2726 5457 2799 5458 2771 5458 2698 5458 2799 5459 2698 5459 2727 5459 2800 5460 2699 5460 2728 5460 2800 5461 2772 5461 2699 5461 2801 5462 2700 5462 2729 5462 2801 5463 2773 5463 2700 5463 2802 5464 2774 5464 2701 5464 2802 5465 2701 5465 2730 5465 2803 5466 2775 5466 2702 5466 2803 5467 2702 5467 2731 5467 2804 5468 2776 5468 2703 5468 2804 5469 2703 5469 2732 5469 2805 5470 2777 5470 2704 5470 2805 5471 2704 5471 2733 5471 2806 5472 2778 5472 2705 5472 2806 5473 2705 5473 2734 5473 2807 5474 2779 5474 2706 5474 2807 5475 2706 5475 2735 5475 2808 5476 2780 5476 2707 5476 2808 5477 2707 5477 2736 5477 2809 5478 2781 5478 2708 5478 2809 5479 2708 5479 2737 5479 2810 5480 2782 5480 2709 5480 2810 5481 2709 5481 2738 5481 2811 5482 2783 5482 2710 5482 2811 5483 2710 5483 2739 5483 2812 5484 2784 5484 2712 5484 2812 5485 2712 5485 2741 5485 2813 5486 2785 5486 2713 5486 2813 5487 2713 5487 2742 5487 2814 5488 2714 5488 2743 5488 2814 5489 2786 5489 2714 5489 2815 5490 2715 5490 2744 5490 2815 5491 2787 5491 2715 5491 2816 5492 2788 5492 2716 5492 2816 5493 2716 5493 2745 5493 2817 5494 2717 5494 2746 5494 2817 5495 2789 5495 2717 5495 2818 5496 2718 5496 2747 5496 2818 5497 2790 5497 2718 5497 2819 5498 2791 5498 2719 5498 2819 5499 2719 5499 2748 5499 2820 5500 2720 5500 2749 5500 2820 5501 2792 5501 2720 5501 2821 5502 2793 5502 2721 5502 2821 5503 2721 5503 2750 5503 2822 5504 2794 5504 2722 5504 2822 5505 2722 5505 2751 5505 2823 5506 2723 5506 2752 5506 2823 5507 2795 5507 2723 5507 2824 5508 2724 5508 2753 5508 2824 5509 2796 5509 2724 5509 2825 5510 2725 5510 2754 5510 2825 5511 2797 5511 2725 5511 2825 5512 2681 5512 2797 5512 2826 5513 2726 5513 399 5513 2826 5514 2798 5514 2726 5514 2827 5515 2799 5515 2727 5515 2827 5516 2727 5516 2756 5516 2828 5517 2728 5517 2757 5517 2828 5518 2800 5518 2728 5518 2829 5519 2729 5519 2758 5519 2829 5520 2801 5520 2729 5520 2830 5521 2730 5521 2759 5521 2830 5522 2802 5522 2730 5522 2831 5523 2803 5523 2731 5523 2831 5524 2731 5524 2760 5524 2832 5525 2732 5525 2761 5525 2832 5526 2804 5526 2732 5526 2833 5527 2733 5527 2762 5527 2833 5528 2805 5528 2733 5528 2834 5529 2734 5529 2763 5529 2834 5530 2806 5530 2734 5530 2835 5531 2735 5531 2764 5531 2835 5532 2807 5532 2735 5532 2836 5533 2808 5533 2736 5533 2836 5534 2736 5534 2765 5534 2837 5535 2737 5535 2766 5535 2837 5536 2809 5536 2737 5536 2838 5537 2810 5537 2738 5537 2838 5538 2738 5538 2767 5538 2839 5539 2811 5539 2739 5539 2839 5540 2739 5540 2768 5540 2840 5541 2741 5541 2770 5541 2840 5542 2812 5542 2741 5542 2841 5543 2742 5543 2771 5543 2841 5544 2813 5544 2742 5544 2842 5545 2814 5545 2743 5545 2842 5546 2743 5546 2772 5546 2843 5547 2815 5547 2744 5547 2843 5548 2744 5548 2773 5548 2844 5549 2816 5549 2745 5549 2844 5550 2745 5550 2774 5550 2845 5551 2746 5551 2775 5551 2845 5552 2817 5552 2746 5552 2846 5553 2818 5553 2747 5553 2846 5554 2747 5554 2776 5554 2847 5555 2819 5555 2748 5555 2847 5556 2748 5556 2777 5556 2848 5557 2820 5557 2749 5557 2848 5558 2749 5558 2778 5558 2849 5559 2821 5559 2750 5559 2849 5560 2750 5560 2779 5560 2850 5561 2751 5561 2780 5561 2850 5562 2822 5562 2751 5562 2851 5563 2823 5563 2752 5563 2851 5564 2752 5564 2781 5564 2852 5565 2753 5565 2782 5565 2852 5566 2824 5566 2753 5566 2853 5567 2754 5567 2783 5567 2853 5568 2825 5568 2754 5568 2853 5569 2681 5569 2825 5569 2854 5570 441 5570 2826 5570 2854 5571 2826 5571 399 5571 2854 5572 399 5572 441 5572 2855 5573 2756 5573 2784 5573 2855 5574 2827 5574 2756 5574 2856 5575 2757 5575 2785 5575 2856 5576 2828 5576 2757 5576 2857 5577 2758 5577 2786 5577 2857 5578 2829 5578 2758 5578 2858 5579 2759 5579 2787 5579 2858 5580 2830 5580 2759 5580 2859 5581 2760 5581 2788 5581 2859 5582 2831 5582 2760 5582 2860 5583 2761 5583 2789 5583 2860 5584 2832 5584 2761 5584 2861 5585 2762 5585 2790 5585 2861 5586 2833 5586 2762 5586 2862 5587 2763 5587 2791 5587 2862 5588 2834 5588 2763 5588 2863 5589 2764 5589 2792 5589 2863 5590 2835 5590 2764 5590 2864 5591 2765 5591 2793 5591 2864 5592 2836 5592 2765 5592 2865 5593 2837 5593 2766 5593 2865 5594 2766 5594 2794 5594 2866 5595 2767 5595 2795 5595 2866 5596 2838 5596 2767 5596 2867 5597 2768 5597 2796 5597 2867 5598 2839 5598 2768 5598 2868 5599 2840 5599 2770 5599 2868 5600 2770 5600 2798 5600 2869 5601 2841 5601 2771 5601 2869 5602 2771 5602 2799 5602 2870 5603 2842 5603 2772 5603 2870 5604 2772 5604 2800 5604 2871 5605 2773 5605 2801 5605 2871 5606 2843 5606 2773 5606 2872 5607 2844 5607 2774 5607 2872 5608 2774 5608 2802 5608 2873 5609 2775 5609 2803 5609 2873 5610 2845 5610 2775 5610 2874 5611 2846 5611 2776 5611 2874 5612 2776 5612 2804 5612 2875 5613 2847 5613 2777 5613 2875 5614 2777 5614 2805 5614 2876 5615 2848 5615 2778 5615 2876 5616 2778 5616 2806 5616 2877 5617 2849 5617 2779 5617 2877 5618 2779 5618 2807 5618 2878 5619 2850 5619 2780 5619 2878 5620 2780 5620 2808 5620 2879 5621 2851 5621 2781 5621 2879 5622 2781 5622 2809 5622 2880 5623 2782 5623 2810 5623 2880 5624 2852 5624 2782 5624 2881 5625 2853 5625 2783 5625 2881 5626 2681 5626 2853 5626 2881 5627 2783 5627 2811 5627 2882 5628 2855 5628 2784 5628 2882 5629 2784 5629 2812 5629 2883 5630 2785 5630 2813 5630 2883 5631 2856 5631 2785 5631 2884 5632 2786 5632 2814 5632 2884 5633 2857 5633 2786 5633 2885 5634 2787 5634 2815 5634 2885 5635 2858 5635 2787 5635 2886 5636 2788 5636 2816 5636 2886 5637 2859 5637 2788 5637 2887 5638 2789 5638 2817 5638 2887 5639 2860 5639 2789 5639 2888 5640 2861 5640 2790 5640 2888 5641 2790 5641 2818 5641 2889 5642 2862 5642 2791 5642 2889 5643 2791 5643 2819 5643 2890 5644 2792 5644 2820 5644 2890 5645 2863 5645 2792 5645 2891 5646 2793 5646 2821 5646 2891 5647 2864 5647 2793 5647 2892 5648 2794 5648 2822 5648 2892 5649 2865 5649 2794 5649 2893 5650 2866 5650 2795 5650 2893 5651 2795 5651 2823 5651 2894 5652 2796 5652 2824 5652 2894 5653 2867 5653 2796 5653 2895 5654 2798 5654 2826 5654 2895 5655 2868 5655 2798 5655 2896 5656 2869 5656 2799 5656 2896 5657 2799 5657 2827 5657 2897 5658 2800 5658 2828 5658 2897 5659 2870 5659 2800 5659 2898 5660 2801 5660 2829 5660 2898 5661 2871 5661 2801 5661 2899 5662 2802 5662 2830 5662 2899 5663 2872 5663 2802 5663 2900 5664 2873 5664 2803 5664 2900 5665 2803 5665 2831 5665 2901 5666 2874 5666 2804 5666 2901 5667 2804 5667 2832 5667 2902 5668 2805 5668 2833 5668 2902 5669 2875 5669 2805 5669 2903 5670 2876 5670 2806 5670 2903 5671 2806 5671 2834 5671 2904 5672 2877 5672 2807 5672 2904 5673 2807 5673 2835 5673 2905 5674 2878 5674 2808 5674 2905 5675 2808 5675 2836 5675 2906 5676 2879 5676 2809 5676 2906 5677 2809 5677 2837 5677 2907 5678 2810 5678 2838 5678 2907 5679 2880 5679 2810 5679 2908 5680 2811 5680 2839 5680 2908 5681 2681 5681 2881 5681 2908 5682 2881 5682 2811 5682 2909 5683 2812 5683 2840 5683 2909 5684 2882 5684 2812 5684 2910 5685 2813 5685 2841 5685 2910 5686 2883 5686 2813 5686 2911 5687 2884 5687 2814 5687 2911 5688 2814 5688 2842 5688 2912 5689 2885 5689 2815 5689 2912 5690 2815 5690 2843 5690 2913 5691 2886 5691 2816 5691 2913 5692 2816 5692 2844 5692 2914 5693 2817 5693 2845 5693 2914 5694 2887 5694 2817 5694 2915 5695 2818 5695 2846 5695 2915 5696 2888 5696 2818 5696 2916 5697 2889 5697 2819 5697 2916 5698 2819 5698 2847 5698 2917 5699 2890 5699 2820 5699 2917 5700 2820 5700 2848 5700 2918 5701 2891 5701 2821 5701 2918 5702 2821 5702 2849 5702 2919 5703 2822 5703 2850 5703 2919 5704 2892 5704 2822 5704 2920 5705 2823 5705 2851 5705 2920 5706 2893 5706 2823 5706 2921 5707 2824 5707 2852 5707 2921 5708 2894 5708 2824 5708 2922 5709 2826 5709 441 5709 2922 5710 503 5710 2895 5710 2922 5711 2895 5711 2826 5711 2922 5712 441 5712 502 5712 2922 5713 502 5713 503 5713 2923 5714 2896 5714 2827 5714 2923 5715 2827 5715 2855 5715 2924 5716 2897 5716 2828 5716 2924 5717 2828 5717 2856 5717 2925 5718 2829 5718 2857 5718 2925 5719 2898 5719 2829 5719 2926 5720 2830 5720 2858 5720 2926 5721 2899 5721 2830 5721 2927 5722 2900 5722 2831 5722 2927 5723 2831 5723 2859 5723 2928 5724 2832 5724 2860 5724 2928 5725 2901 5725 2832 5725 2929 5726 2833 5726 2861 5726 2929 5727 2902 5727 2833 5727 2930 5728 2834 5728 2862 5728 2930 5729 2903 5729 2834 5729 2931 5730 2835 5730 2863 5730 2931 5731 2904 5731 2835 5731 2932 5732 2836 5732 2864 5732 2932 5733 2905 5733 2836 5733 2933 5734 2837 5734 2865 5734 2933 5735 2906 5735 2837 5735 2934 5736 2838 5736 2866 5736 2934 5737 2907 5737 2838 5737 2935 5738 2908 5738 2839 5738 2935 5739 2839 5739 2867 5739 2935 5740 2681 5740 2908 5740 2936 5741 2909 5741 2840 5741 2936 5742 2840 5742 2868 5742 2937 5743 2910 5743 2841 5743 2937 5744 2841 5744 2869 5744 2938 5745 2911 5745 2842 5745 2938 5746 2842 5746 2870 5746 2939 5747 2912 5747 2843 5747 2939 5748 2843 5748 2871 5748 2940 5749 2913 5749 2844 5749 2940 5750 2844 5750 2872 5750 2941 5751 2845 5751 2873 5751 2941 5752 2914 5752 2845 5752 2942 5753 2915 5753 2846 5753 2942 5754 2846 5754 2874 5754 2943 5755 2847 5755 2875 5755 2943 5756 2916 5756 2847 5756 2944 5757 2917 5757 2848 5757 2944 5758 2848 5758 2876 5758 2945 5759 2849 5759 2877 5759 2945 5760 2918 5760 2849 5760 2946 5761 2850 5761 2878 5761 2946 5762 2919 5762 2850 5762 2947 5763 2920 5763 2851 5763 2947 5764 2851 5764 2879 5764 2948 5765 2852 5765 2880 5765 2948 5766 2921 5766 2852 5766 2949 5767 2855 5767 2882 5767 2949 5768 2923 5768 2855 5768 2950 5769 2856 5769 2883 5769 2950 5770 2924 5770 2856 5770 2951 5771 2857 5771 2884 5771 2951 5772 2925 5772 2857 5772 2952 5773 2926 5773 2858 5773 2952 5774 2858 5774 2885 5774 2953 5775 2859 5775 2886 5775 2953 5776 2927 5776 2859 5776 2954 5777 2860 5777 2887 5777 2954 5778 2928 5778 2860 5778 2955 5779 2861 5779 2888 5779 2955 5780 2929 5780 2861 5780 2956 5781 2862 5781 2889 5781 2956 5782 2930 5782 2862 5782 2957 5783 2863 5783 2890 5783 2957 5784 2931 5784 2863 5784 2958 5785 2864 5785 2891 5785 2958 5786 2932 5786 2864 5786 2959 5787 2865 5787 2892 5787 2959 5788 2933 5788 2865 5788 2960 5789 2866 5789 2893 5789 2960 5790 2934 5790 2866 5790 2961 5791 2681 5791 2935 5791 2961 5792 2867 5792 2894 5792 2961 5793 2935 5793 2867 5793 2962 5794 2868 5794 2895 5794 2962 5795 2936 5795 2868 5795 2963 5796 2869 5796 2896 5796 2963 5797 2937 5797 2869 5797 2964 5798 2870 5798 2897 5798 2964 5799 2938 5799 2870 5799 2965 5800 2871 5800 2898 5800 2965 5801 2939 5801 2871 5801 2966 5802 2872 5802 2899 5802 2966 5803 2940 5803 2872 5803 2967 5804 2941 5804 2873 5804 2967 5805 2873 5805 2900 5805 2968 5806 2942 5806 2874 5806 2968 5807 2874 5807 2901 5807 2969 5808 2943 5808 2875 5808 2969 5809 2875 5809 2902 5809 2970 5810 2944 5810 2876 5810 2970 5811 2876 5811 2903 5811 2971 5812 2877 5812 2904 5812 2971 5813 2945 5813 2877 5813 2972 5814 2946 5814 2878 5814 2972 5815 2878 5815 2905 5815 2973 5816 2947 5816 2879 5816 2973 5817 2879 5817 2906 5817 2974 5818 2880 5818 2907 5818 2974 5819 2948 5819 2880 5819 2975 5820 2882 5820 2909 5820 2975 5821 2949 5821 2882 5821 2976 5822 2883 5822 2910 5822 2976 5823 2950 5823 2883 5823 2977 5824 2951 5824 2884 5824 2977 5825 2884 5825 2911 5825 2978 5826 2952 5826 2885 5826 2978 5827 2885 5827 2912 5827 2979 5828 2953 5828 2886 5828 2979 5829 2886 5829 2913 5829 2980 5830 2887 5830 2914 5830 2980 5831 2954 5831 2887 5831 2981 5832 2955 5832 2888 5832 2981 5833 2888 5833 2915 5833 2982 5834 2889 5834 2916 5834 2982 5835 2956 5835 2889 5835 2983 5836 2957 5836 2890 5836 2983 5837 2890 5837 2917 5837 2984 5838 2891 5838 2918 5838 2984 5839 2958 5839 2891 5839 2985 5840 2892 5840 2919 5840 2985 5841 2959 5841 2892 5841 2986 5842 2960 5842 2893 5842 2986 5843 2893 5843 2920 5843 2987 5844 2961 5844 2894 5844 2987 5845 2894 5845 2921 5845 2987 5846 2681 5846 2961 5846 2988 5847 2895 5847 503 5847 2988 5848 2962 5848 2895 5848 2989 5849 2896 5849 2923 5849 2989 5850 2963 5850 2896 5850 2990 5851 2964 5851 2897 5851 2990 5852 2897 5852 2924 5852 2991 5853 2965 5853 2898 5853 2991 5854 2898 5854 2925 5854 2992 5855 2899 5855 2926 5855 2992 5856 2966 5856 2899 5856 2993 5857 2900 5857 2927 5857 2993 5858 2967 5858 2900 5858 2994 5859 2901 5859 2928 5859 2994 5860 2968 5860 2901 5860 2995 5861 2902 5861 2929 5861 2995 5862 2969 5862 2902 5862 2996 5863 2903 5863 2930 5863 2996 5864 2970 5864 2903 5864 2997 5865 2971 5865 2904 5865 2997 5866 2904 5866 2931 5866 2998 5867 2905 5867 2932 5867 2998 5868 2972 5868 2905 5868 2999 5869 2906 5869 2933 5869 2999 5870 2973 5870 2906 5870 3000 5871 2974 5871 2907 5871 3000 5872 2907 5872 2934 5872 3001 5873 2909 5873 2936 5873 3001 5874 2975 5874 2909 5874 3002 5875 2976 5875 2910 5875 3002 5876 2910 5876 2937 5876 3003 5877 2977 5877 2911 5877 3003 5878 2911 5878 2938 5878 3004 5879 2978 5879 2912 5879 3004 5880 2912 5880 2939 5880 3005 5881 2979 5881 2913 5881 3005 5882 2913 5882 2940 5882 3006 5883 2914 5883 2941 5883 3006 5884 2980 5884 2914 5884 3007 5885 2981 5885 2915 5885 3007 5886 2915 5886 2942 5886 3008 5887 2916 5887 2943 5887 3008 5888 2982 5888 2916 5888 3009 5889 2983 5889 2917 5889 3009 5890 2917 5890 2944 5890 3010 5891 2918 5891 2945 5891 3010 5892 2984 5892 2918 5892 3011 5893 2919 5893 2946 5893 3011 5894 2985 5894 2919 5894 3012 5895 2986 5895 2920 5895 3012 5896 2920 5896 2947 5896 3013 5897 2921 5897 2948 5897 3013 5898 2681 5898 2987 5898 3013 5899 2987 5899 2921 5899 3014 5900 550 5900 2988 5900 3014 5901 2988 5901 503 5901 3014 5902 503 5902 550 5902 3015 5903 2923 5903 2949 5903 3015 5904 2989 5904 2923 5904 3016 5905 2990 5905 2924 5905 3016 5906 2924 5906 2950 5906 3017 5907 2925 5907 2951 5907 3017 5908 2991 5908 2925 5908 3018 5909 2926 5909 2952 5909 3018 5910 2992 5910 2926 5910 3019 5911 2927 5911 2953 5911 3019 5912 2993 5912 2927 5912 3020 5913 2994 5913 2928 5913 3020 5914 2928 5914 2954 5914 3021 5915 2929 5915 2955 5915 3021 5916 2995 5916 2929 5916 3022 5917 2996 5917 2930 5917 3022 5918 2930 5918 2956 5918 3023 5919 2931 5919 2957 5919 3023 5920 2997 5920 2931 5920 3024 5921 2998 5921 2932 5921 3024 5922 2932 5922 2958 5922 3025 5923 2933 5923 2959 5923 3025 5924 2999 5924 2933 5924 3026 5925 3000 5925 2934 5925 3026 5926 2934 5926 2960 5926 3027 5927 3001 5927 2936 5927 3027 5928 2936 5928 2962 5928 3028 5929 3002 5929 2937 5929 3028 5930 2937 5930 2963 5930 3029 5931 3003 5931 2938 5931 3029 5932 2938 5932 2964 5932 3030 5933 2939 5933 2965 5933 3030 5934 3004 5934 2939 5934 3031 5935 2940 5935 2966 5935 3031 5936 3005 5936 2940 5936 3032 5937 3006 5937 2941 5937 3032 5938 2941 5938 2967 5938 3033 5939 2942 5939 2968 5939 3033 5940 3007 5940 2942 5940 3034 5941 3008 5941 2943 5941 3034 5942 2943 5942 2969 5942 3035 5943 2944 5943 2970 5943 3035 5944 3009 5944 2944 5944 3036 5945 3010 5945 2945 5945 3036 5946 2945 5946 2971 5946 3037 5947 3011 5947 2946 5947 3037 5948 2946 5948 2972 5948 3038 5949 3012 5949 2947 5949 3038 5950 2947 5950 2973 5950 3039 5951 3013 5951 2948 5951 3039 5952 2681 5952 3013 5952 3039 5953 2948 5953 2974 5953 3040 5954 3015 5954 2949 5954 3040 5955 2949 5955 2975 5955 3041 5956 2950 5956 2976 5956 3041 5957 3016 5957 2950 5957 3042 5958 2951 5958 2977 5958 3042 5959 3017 5959 2951 5959 3043 5960 2952 5960 2978 5960 3043 5961 3018 5961 2952 5961 3044 5962 2953 5962 2979 5962 3044 5963 3019 5963 2953 5963 3045 5964 3020 5964 2954 5964 3045 5965 2954 5965 2980 5965 3046 5966 3021 5966 2955 5966 3046 5967 2955 5967 2981 5967 3047 5968 2956 5968 2982 5968 3047 5969 3022 5969 2956 5969 3048 5970 2957 5970 2983 5970 3048 5971 3023 5971 2957 5971 3049 5972 2958 5972 2984 5972 3049 5973 3024 5973 2958 5973 3050 5974 2959 5974 2985 5974 3050 5975 3025 5975 2959 5975 3051 5976 3026 5976 2960 5976 3051 5977 2960 5977 2986 5977 3052 5978 2962 5978 2988 5978 3052 5979 3027 5979 2962 5979 3053 5980 2963 5980 2989 5980 3053 5981 3028 5981 2963 5981 3054 5982 3029 5982 2964 5982 3054 5983 2964 5983 2990 5983 3055 5984 2965 5984 2991 5984 3055 5985 3030 5985 2965 5985 3056 5986 2966 5986 2992 5986 3056 5987 3031 5987 2966 5987 3057 5988 2967 5988 2993 5988 3057 5989 3032 5989 2967 5989 3058 5990 2968 5990 2994 5990 3058 5991 3033 5991 2968 5991 3059 5992 3034 5992 2969 5992 3059 5993 2969 5993 2995 5993 3060 5994 3035 5994 2970 5994 3060 5995 2970 5995 2996 5995 3061 5996 2971 5996 2997 5996 3061 5997 3036 5997 2971 5997 3062 5998 2972 5998 2998 5998 3062 5999 3037 5999 2972 5999 3063 6000 2973 6000 2999 6000 3063 6001 3038 6001 2973 6001 3064 6002 2681 6002 3039 6002 3064 6003 3039 6003 2974 6003 3064 6004 2974 6004 3000 6004 3065 6005 3040 6005 2975 6005 3065 6006 2975 6006 3001 6006 3066 6007 2976 6007 3002 6007 3066 6008 3041 6008 2976 6008 3067 6009 2977 6009 3003 6009 3067 6010 3042 6010 2977 6010 3068 6011 3043 6011 2978 6011 3068 6012 2978 6012 3004 6012 3069 6013 3044 6013 2979 6013 3069 6014 2979 6014 3005 6014 3070 6015 3045 6015 2980 6015 3070 6016 2980 6016 3006 6016 3071 6017 2981 6017 3007 6017 3071 6018 3046 6018 2981 6018 3072 6019 2982 6019 3008 6019 3072 6020 3047 6020 2982 6020 3073 6021 2983 6021 3009 6021 3073 6022 3048 6022 2983 6022 3074 6023 2984 6023 3010 6023 3074 6024 3049 6024 2984 6024 3075 6025 3050 6025 2985 6025 3075 6026 2985 6026 3011 6026 3076 6027 2986 6027 3012 6027 3076 6028 3051 6028 2986 6028 3077 6029 2988 6029 550 6029 3077 6030 550 6030 618 6030 3077 6031 618 6031 619 6031 3077 6032 3052 6032 2988 6032 3078 6033 2989 6033 3015 6033 3078 6034 3053 6034 2989 6034 3079 6035 3054 6035 2990 6035 3079 6036 2990 6036 3016 6036 3080 6037 2991 6037 3017 6037 3080 6038 3055 6038 2991 6038 3081 6039 2992 6039 3018 6039 3081 6040 3056 6040 2992 6040 3082 6041 2993 6041 3019 6041 3082 6042 3057 6042 2993 6042 3083 6043 2994 6043 3020 6043 3083 6044 3058 6044 2994 6044 3084 6045 2995 6045 3021 6045 3084 6046 3059 6046 2995 6046 3085 6047 3060 6047 2996 6047 3085 6048 2996 6048 3022 6048 3086 6049 3061 6049 2997 6049 3086 6050 2997 6050 3023 6050 3087 6051 2998 6051 3024 6051 3087 6052 3062 6052 2998 6052 3088 6053 3063 6053 2999 6053 3088 6054 2999 6054 3025 6054 3089 6055 3000 6055 3026 6055 3089 6056 3064 6056 3000 6056 3089 6057 2681 6057 3064 6057 3090 6058 3065 6058 3001 6058 3090 6059 3001 6059 3027 6059 3091 6060 3002 6060 3028 6060 3091 6061 3066 6061 3002 6061 3092 6062 3067 6062 3003 6062 3092 6063 3003 6063 3029 6063 3093 6064 3004 6064 3030 6064 3093 6065 3068 6065 3004 6065 3094 6066 3005 6066 3031 6066 3094 6067 3069 6067 3005 6067 3095 6068 3006 6068 3032 6068 3095 6069 3070 6069 3006 6069 3096 6070 3007 6070 3033 6070 3096 6071 3071 6071 3007 6071 3097 6072 3008 6072 3034 6072 3097 6073 3072 6073 3008 6073 3098 6074 3073 6074 3009 6074 3098 6075 3009 6075 3035 6075 3099 6076 3074 6076 3010 6076 3099 6077 3010 6077 3036 6077 3100 6078 3075 6078 3011 6078 3100 6079 3011 6079 3037 6079 3101 6080 3012 6080 3038 6080 3101 6081 3076 6081 3012 6081 3102 6082 3015 6082 3040 6082 3102 6083 3078 6083 3015 6083 3103 6084 3079 6084 3016 6084 3103 6085 3016 6085 3041 6085 3104 6086 3080 6086 3017 6086 3104 6087 3017 6087 3042 6087 3105 6088 3018 6088 3043 6088 3105 6089 3081 6089 3018 6089 3106 6090 3019 6090 3044 6090 3106 6091 3082 6091 3019 6091 3107 6092 3020 6092 3045 6092 3107 6093 3083 6093 3020 6093 3108 6094 3021 6094 3046 6094 3108 6095 3084 6095 3021 6095 3109 6096 3022 6096 3047 6096 3109 6097 3085 6097 3022 6097 3110 6098 3023 6098 3048 6098 3110 6099 3086 6099 3023 6099 3111 6100 3024 6100 3049 6100 3111 6101 3087 6101 3024 6101 3112 6102 3025 6102 3050 6102 3112 6103 3088 6103 3025 6103 3113 6104 3089 6104 3026 6104 3113 6105 2681 6105 3089 6105 3113 6106 3026 6106 3051 6106 3114 6107 3027 6107 3052 6107 3114 6108 3090 6108 3027 6108 3115 6109 3028 6109 3053 6109 3115 6110 3091 6110 3028 6110 3116 6111 3092 6111 3029 6111 3116 6112 3029 6112 3054 6112 3117 6113 3093 6113 3030 6113 3117 6114 3030 6114 3055 6114 3118 6115 3031 6115 3056 6115 3118 6116 3094 6116 3031 6116 3119 6117 3095 6117 3032 6117 3119 6118 3032 6118 3057 6118 3120 6119 3033 6119 3058 6119 3120 6120 3096 6120 3033 6120 3121 6121 3097 6121 3034 6121 3121 6122 3034 6122 3059 6122 3122 6123 3035 6123 3060 6123 3122 6124 3098 6124 3035 6124 3123 6125 3036 6125 3061 6125 3123 6126 3099 6126 3036 6126 3124 6127 3037 6127 3062 6127 3124 6128 3100 6128 3037 6128 3125 6129 3038 6129 3063 6129 3125 6130 3101 6130 3038 6130 3126 6131 3102 6131 3040 6131 3126 6132 3040 6132 3065 6132 3127 6133 3041 6133 3066 6133 3127 6134 3103 6134 3041 6134 3128 6135 3042 6135 3067 6135 3128 6136 3104 6136 3042 6136 3129 6137 3105 6137 3043 6137 3129 6138 3043 6138 3068 6138 3130 6139 3044 6139 3069 6139 3130 6140 3106 6140 3044 6140 3131 6141 3045 6141 3070 6141 3131 6142 3107 6142 3045 6142 3132 6143 3108 6143 3046 6143 3132 6144 3046 6144 3071 6144 3133 6145 3109 6145 3047 6145 3133 6146 3047 6146 3072 6146 3134 6147 3110 6147 3048 6147 3134 6148 3048 6148 3073 6148 3135 6149 3111 6149 3049 6149 3135 6150 3049 6150 3074 6150 3136 6151 3112 6151 3050 6151 3136 6152 3050 6152 3075 6152 3137 6153 2681 6153 3113 6153 3137 6154 3051 6154 3076 6154 3137 6155 3113 6155 3051 6155 3138 6156 3114 6156 3052 6156 3138 6157 3052 6157 3077 6157 3138 6158 3077 6158 619 6158 3139 6159 3053 6159 3078 6159 3139 6160 3115 6160 3053 6160 3140 6161 3054 6161 3079 6161 3140 6162 3116 6162 3054 6162 3141 6163 3055 6163 3080 6163 3141 6164 3117 6164 3055 6164 3142 6165 3118 6165 3056 6165 3142 6166 3056 6166 3081 6166 3143 6167 3119 6167 3057 6167 3143 6168 3057 6168 3082 6168 3144 6169 3058 6169 3083 6169 3144 6170 3120 6170 3058 6170 3145 6171 3059 6171 3084 6171 3145 6172 3121 6172 3059 6172 3146 6173 3060 6173 3085 6173 3146 6174 3122 6174 3060 6174 3147 6175 3123 6175 3061 6175 3147 6176 3061 6176 3086 6176 3148 6177 3124 6177 3062 6177 3148 6178 3062 6178 3087 6178 3149 6179 3125 6179 3063 6179 3149 6180 3063 6180 3088 6180 3150 6181 3065 6181 3090 6181 3150 6182 3126 6182 3065 6182 3151 6183 3066 6183 3091 6183 3151 6184 3127 6184 3066 6184 3152 6185 3128 6185 3067 6185 3152 6186 3067 6186 3092 6186 3153 6187 3068 6187 3093 6187 3153 6188 3129 6188 3068 6188 3154 6189 3069 6189 3094 6189 3154 6190 3130 6190 3069 6190 3155 6191 3131 6191 3070 6191 3155 6192 3070 6192 3095 6192 3156 6193 3071 6193 3096 6193 3156 6194 3132 6194 3071 6194 3157 6195 3072 6195 3097 6195 3157 6196 3133 6196 3072 6196 3158 6197 3134 6197 3073 6197 3158 6198 3073 6198 3098 6198 3159 6199 3135 6199 3074 6199 3159 6200 3074 6200 3099 6200 3160 6201 3136 6201 3075 6201 3160 6202 3075 6202 3100 6202 3161 6203 2681 6203 3137 6203 3161 6204 3137 6204 3076 6204 3161 6205 3076 6205 3101 6205 3162 6206 671 6206 3138 6206 3162 6207 3138 6207 619 6207 3162 6208 619 6208 671 6208 3163 6209 3139 6209 3078 6209 3163 6210 3078 6210 3102 6210 3164 6211 3079 6211 3103 6211 3164 6212 3140 6212 3079 6212 3165 6213 3080 6213 3104 6213 3165 6214 3141 6214 3080 6214 3166 6215 3081 6215 3105 6215 3166 6216 3142 6216 3081 6216 3167 6217 3082 6217 3106 6217 3167 6218 3143 6218 3082 6218 3168 6219 3144 6219 3083 6219 3168 6220 3083 6220 3107 6220 3169 6221 3145 6221 3084 6221 3169 6222 3084 6222 3108 6222 3170 6223 3146 6223 3085 6223 3170 6224 3085 6224 3109 6224 3171 6225 3086 6225 3110 6225 3171 6226 3147 6226 3086 6226 3172 6227 3148 6227 3087 6227 3172 6228 3087 6228 3111 6228 3173 6229 3088 6229 3112 6229 3173 6230 3149 6230 3088 6230 3174 6231 3090 6231 3114 6231 3174 6232 3150 6232 3090 6232 3175 6233 3091 6233 3115 6233 3175 6234 3151 6234 3091 6234 3176 6235 3152 6235 3092 6235 3176 6236 3092 6236 3116 6236 3177 6237 3093 6237 3117 6237 3177 6238 3153 6238 3093 6238 3178 6239 3094 6239 3118 6239 3178 6240 3154 6240 3094 6240 3179 6241 3155 6241 3095 6241 3179 6242 3095 6242 3119 6242 3180 6243 3096 6243 3120 6243 3180 6244 3156 6244 3096 6244 3181 6245 3157 6245 3097 6245 3181 6246 3097 6246 3121 6246 3182 6247 3158 6247 3098 6247 3182 6248 3098 6248 3122 6248 3183 6249 3159 6249 3099 6249 3183 6250 3099 6250 3123 6250 3184 6251 3100 6251 3124 6251 3184 6252 3160 6252 3100 6252 3185 6253 3161 6253 3101 6253 3185 6254 2681 6254 3161 6254 3185 6255 3101 6255 3125 6255 3186 6256 3102 6256 3126 6256 3186 6257 3163 6257 3102 6257 3187 6258 3164 6258 3103 6258 3187 6259 3103 6259 3127 6259 3188 6260 3165 6260 3104 6260 3188 6261 3104 6261 3128 6261 3189 6262 3105 6262 3129 6262 3189 6263 3166 6263 3105 6263 3190 6264 3106 6264 3130 6264 3190 6265 3167 6265 3106 6265 3191 6266 3168 6266 3107 6266 3191 6267 3107 6267 3131 6267 3192 6268 3108 6268 3132 6268 3192 6269 3169 6269 3108 6269 3193 6270 3109 6270 3133 6270 3193 6271 3170 6271 3109 6271 3194 6272 3110 6272 3134 6272 3194 6273 3171 6273 3110 6273 3195 6274 3111 6274 3135 6274 3195 6275 3172 6275 3111 6275 3196 6276 3112 6276 3136 6276 3196 6277 3173 6277 3112 6277 3197 6278 3114 6278 3138 6278 3197 6279 3174 6279 3114 6279 3197 6280 3138 6280 671 6280 3198 6281 3115 6281 3139 6281 3198 6282 3175 6282 3115 6282 3199 6283 3176 6283 3116 6283 3199 6284 3116 6284 3140 6284 3200 6285 3177 6285 3117 6285 3200 6286 3117 6286 3141 6286 3201 6287 3118 6287 3142 6287 3201 6288 3178 6288 3118 6288 3202 6289 3179 6289 3119 6289 3202 6290 3119 6290 3143 6290 3203 6291 3120 6291 3144 6291 3203 6292 3180 6292 3120 6292 3204 6293 3181 6293 3121 6293 3204 6294 3121 6294 3145 6294 3205 6295 3122 6295 3146 6295 3205 6296 3182 6296 3122 6296 3206 6297 3123 6297 3147 6297 3206 6298 3183 6298 3123 6298 3207 6299 3184 6299 3124 6299 3207 6300 3124 6300 3148 6300 3208 6301 3125 6301 3149 6301 3208 6302 2681 6302 3185 6302 3208 6303 3185 6303 3125 6303 3209 6304 3186 6304 3126 6304 3209 6305 3126 6305 3150 6305 3210 6306 3187 6306 3127 6306 3210 6307 3127 6307 3151 6307 3211 6308 3128 6308 3152 6308 3211 6309 3188 6309 3128 6309 3212 6310 3129 6310 3153 6310 3212 6311 3189 6311 3129 6311 3213 6312 3130 6312 3154 6312 3213 6313 3190 6313 3130 6313 3214 6314 3191 6314 3131 6314 3214 6315 3131 6315 3155 6315 3215 6316 3132 6316 3156 6316 3215 6317 3192 6317 3132 6317 3216 6318 3133 6318 3157 6318 3216 6319 3193 6319 3133 6319 3217 6320 3194 6320 3134 6320 3217 6321 3134 6321 3158 6321 3218 6322 3195 6322 3135 6322 3218 6323 3135 6323 3159 6323 3219 6324 3136 6324 3160 6324 3219 6325 3196 6325 3136 6325 3220 6326 3197 6326 671 6326 3220 6327 671 6327 746 6327 3220 6328 746 6328 747 6328 3221 6329 3139 6329 3163 6329 3221 6330 3198 6330 3139 6330 3222 6331 3140 6331 3164 6331 3222 6332 3199 6332 3140 6332 3223 6333 3141 6333 3165 6333 3223 6334 3200 6334 3141 6334 3224 6335 3142 6335 3166 6335 3224 6336 3201 6336 3142 6336 3225 6337 3143 6337 3167 6337 3225 6338 3202 6338 3143 6338 3226 6339 3144 6339 3168 6339 3226 6340 3203 6340 3144 6340 3227 6341 3204 6341 3145 6341 3227 6342 3145 6342 3169 6342 3228 6343 3205 6343 3146 6343 3228 6344 3146 6344 3170 6344 3229 6345 3206 6345 3147 6345 3229 6346 3147 6346 3171 6346 3230 6347 3207 6347 3148 6347 3230 6348 3148 6348 3172 6348 3231 6349 2681 6349 3208 6349 3231 6350 3208 6350 3149 6350 3231 6351 3149 6351 3173 6351 3232 6352 3150 6352 3174 6352 3232 6353 3209 6353 3150 6353 3233 6354 3151 6354 3175 6354 3233 6355 3210 6355 3151 6355 3234 6356 3152 6356 3176 6356 3234 6357 3211 6357 3152 6357 3235 6358 3212 6358 3153 6358 3235 6359 3153 6359 3177 6359 3236 6360 3154 6360 3178 6360 3236 6361 3213 6361 3154 6361 3237 6362 3155 6362 3179 6362 3237 6363 3214 6363 3155 6363 3238 6364 3156 6364 3180 6364 3238 6365 3215 6365 3156 6365 3239 6366 3157 6366 3181 6366 3239 6367 3216 6367 3157 6367 3240 6368 3158 6368 3182 6368 3240 6369 3217 6369 3158 6369 3241 6370 3159 6370 3183 6370 3241 6371 3218 6371 3159 6371 3242 6372 3160 6372 3184 6372 3242 6373 3219 6373 3160 6373 3243 6374 3221 6374 3163 6374 3243 6375 3163 6375 3186 6375 3244 6376 3222 6376 3164 6376 3244 6377 3164 6377 3187 6377 3245 6378 3223 6378 3165 6378 3245 6379 3165 6379 3188 6379 3246 6380 3224 6380 3166 6380 3246 6381 3166 6381 3189 6381 3247 6382 3167 6382 3190 6382 3247 6383 3225 6383 3167 6383 3248 6384 3226 6384 3168 6384 3248 6385 3168 6385 3191 6385 3249 6386 3227 6386 3169 6386 3249 6387 3169 6387 3192 6387 3250 6388 3228 6388 3170 6388 3250 6389 3170 6389 3193 6389 3251 6390 3171 6390 3194 6390 3251 6391 3229 6391 3171 6391 3252 6392 3172 6392 3195 6392 3252 6393 3230 6393 3172 6393 3253 6394 2681 6394 3231 6394 3253 6395 3173 6395 3196 6395 3253 6396 3231 6396 3173 6396 3254 6397 3232 6397 3174 6397 3254 6398 3174 6398 3197 6398 3255 6399 3175 6399 3198 6399 3255 6400 3233 6400 3175 6400 3256 6401 3234 6401 3176 6401 3256 6402 3176 6402 3199 6402 3257 6403 3235 6403 3177 6403 3257 6404 3177 6404 3200 6404 3258 6405 3178 6405 3201 6405 3258 6406 3236 6406 3178 6406 3259 6407 3237 6407 3179 6407 3259 6408 3179 6408 3202 6408 3260 6409 3180 6409 3203 6409 3260 6410 3238 6410 3180 6410 3261 6411 3181 6411 3204 6411 3261 6412 3239 6412 3181 6412 3262 6413 3240 6413 3182 6413 3262 6414 3182 6414 3205 6414 3263 6415 3241 6415 3183 6415 3263 6416 3183 6416 3206 6416 3264 6417 3184 6417 3207 6417 3264 6418 3242 6418 3184 6418 3265 6419 3186 6419 3209 6419 3265 6420 3243 6420 3186 6420 3266 6421 3187 6421 3210 6421 3266 6422 3244 6422 3187 6422 3267 6423 3188 6423 3211 6423 3267 6424 3245 6424 3188 6424 3268 6425 3246 6425 3189 6425 3268 6426 3189 6426 3212 6426 3269 6427 3190 6427 3213 6427 3269 6428 3247 6428 3190 6428 3270 6429 3191 6429 3214 6429 3270 6430 3248 6430 3191 6430 3271 6431 3249 6431 3192 6431 3271 6432 3192 6432 3215 6432 3272 6433 3193 6433 3216 6433 3272 6434 3250 6434 3193 6434 3273 6435 3251 6435 3194 6435 3273 6436 3194 6436 3217 6436 3274 6437 3252 6437 3195 6437 3274 6438 3195 6438 3218 6438 3275 6439 3253 6439 3196 6439 3275 6440 2681 6440 3253 6440 3275 6441 3196 6441 3219 6441 3276 6442 3220 6442 747 6442 3276 6443 3254 6443 3197 6443 3276 6444 3197 6444 3220 6444 3277 6445 3198 6445 3221 6445 3277 6446 3255 6446 3198 6446 3278 6447 3256 6447 3199 6447 3278 6448 3199 6448 3222 6448 3279 6449 3257 6449 3200 6449 3279 6450 3200 6450 3223 6450 3280 6451 3258 6451 3201 6451 3280 6452 3201 6452 3224 6452 3281 6453 3202 6453 3225 6453 3281 6454 3259 6454 3202 6454 3282 6455 3203 6455 3226 6455 3282 6456 3260 6456 3203 6456 3283 6457 3261 6457 3204 6457 3283 6458 3204 6458 3227 6458 3284 6459 3205 6459 3228 6459 3284 6460 3262 6460 3205 6460 3285 6461 3263 6461 3206 6461 3285 6462 3206 6462 3229 6462 3286 6463 3207 6463 3230 6463 3286 6464 3264 6464 3207 6464 3287 6465 3265 6465 3209 6465 3287 6466 3209 6466 3232 6466 3288 6467 3266 6467 3210 6467 3288 6468 3210 6468 3233 6468 3289 6469 3267 6469 3211 6469 3289 6470 3211 6470 3234 6470 3290 6471 3212 6471 3235 6471 3290 6472 3268 6472 3212 6472 3291 6473 3213 6473 3236 6473 3291 6474 3269 6474 3213 6474 3292 6475 3214 6475 3237 6475 3292 6476 3270 6476 3214 6476 3293 6477 3271 6477 3215 6477 3293 6478 3215 6478 3238 6478 3294 6479 3272 6479 3216 6479 3294 6480 3216 6480 3239 6480 3295 6481 3273 6481 3217 6481 3295 6482 3217 6482 3240 6482 3296 6483 3274 6483 3218 6483 3296 6484 3218 6484 3241 6484 3297 6485 2681 6485 3275 6485 3297 6486 3275 6486 3219 6486 3297 6487 3219 6487 3242 6487 3298 6488 3276 6488 747 6488 3298 6489 804 6489 3276 6489 3298 6490 747 6490 804 6490 3299 6491 3221 6491 3243 6491 3299 6492 3277 6492 3221 6492 3300 6493 3278 6493 3222 6493 3300 6494 3222 6494 3244 6494 3301 6495 3223 6495 3245 6495 3301 6496 3279 6496 3223 6496 3302 6497 3224 6497 3246 6497 3302 6498 3280 6498 3224 6498 3303 6499 3225 6499 3247 6499 3303 6500 3281 6500 3225 6500 3304 6501 3226 6501 3248 6501 3304 6502 3282 6502 3226 6502 3305 6503 3227 6503 3249 6503 3305 6504 3283 6504 3227 6504 3306 6505 3228 6505 3250 6505 3306 6506 3284 6506 3228 6506 3307 6507 3285 6507 3229 6507 3307 6508 3229 6508 3251 6508 3308 6509 3230 6509 3252 6509 3308 6510 3286 6510 3230 6510 3309 6511 3287 6511 3232 6511 3309 6512 3232 6512 3254 6512 3310 6513 3288 6513 3233 6513 3310 6514 3233 6514 3255 6514 3311 6515 3289 6515 3234 6515 3311 6516 3234 6516 3256 6516 3312 6517 3290 6517 3235 6517 3312 6518 3235 6518 3257 6518 3313 6519 3291 6519 3236 6519 3313 6520 3236 6520 3258 6520 3314 6521 3292 6521 3237 6521 3314 6522 3237 6522 3259 6522 3315 6523 3293 6523 3238 6523 3315 6524 3238 6524 3260 6524 3316 6525 3294 6525 3239 6525 3316 6526 3239 6526 3261 6526 3317 6527 3295 6527 3240 6527 3317 6528 3240 6528 3262 6528 3318 6529 3296 6529 3241 6529 3318 6530 3241 6530 3263 6530 3319 6531 3297 6531 3242 6531 3319 6532 3242 6532 3264 6532 3319 6533 2681 6533 3297 6533 3320 6534 3243 6534 3265 6534 3320 6535 3299 6535 3243 6535 3321 6536 3244 6536 3266 6536 3321 6537 3300 6537 3244 6537 3322 6538 3301 6538 3245 6538 3322 6539 3245 6539 3267 6539 3323 6540 3246 6540 3268 6540 3323 6541 3302 6541 3246 6541 3324 6542 3303 6542 3247 6542 3324 6543 3247 6543 3269 6543 3325 6544 3304 6544 3248 6544 3325 6545 3248 6545 3270 6545 3326 6546 3249 6546 3271 6546 3326 6547 3305 6547 3249 6547 3327 6548 3306 6548 3250 6548 3327 6549 3250 6549 3272 6549 3328 6550 3251 6550 3273 6550 3328 6551 3307 6551 3251 6551 3329 6552 3308 6552 3252 6552 3329 6553 3252 6553 3274 6553 3330 6554 3276 6554 804 6554 3330 6555 3254 6555 3276 6555 3330 6556 3309 6556 3254 6556 3331 6557 3310 6557 3255 6557 3331 6558 3255 6558 3277 6558 3332 6559 3256 6559 3278 6559 3332 6560 3311 6560 3256 6560 3333 6561 3257 6561 3279 6561 3333 6562 3312 6562 3257 6562 3334 6563 3258 6563 3280 6563 3334 6564 3313 6564 3258 6564 3335 6565 3259 6565 3281 6565 3335 6566 3314 6566 3259 6566 3336 6567 3260 6567 3282 6567 3336 6568 3315 6568 3260 6568 3337 6569 3261 6569 3283 6569 3337 6570 3316 6570 3261 6570 3338 6571 3262 6571 3284 6571 3338 6572 3317 6572 3262 6572 3339 6573 3318 6573 3263 6573 3339 6574 3263 6574 3285 6574 3340 6575 2681 6575 3319 6575 3340 6576 3319 6576 3264 6576 3340 6577 3264 6577 3286 6577 3341 6578 3320 6578 3265 6578 3341 6579 3265 6579 3287 6579 3342 6580 3266 6580 3288 6580 3342 6581 3321 6581 3266 6581 3343 6582 3322 6582 3267 6582 3343 6583 3267 6583 3289 6583 3344 6584 3323 6584 3268 6584 3344 6585 3268 6585 3290 6585 3345 6586 3269 6586 3291 6586 3345 6587 3324 6587 3269 6587 3346 6588 3325 6588 3270 6588 3346 6589 3270 6589 3292 6589 3347 6590 3326 6590 3271 6590 3347 6591 3271 6591 3293 6591 3348 6592 3327 6592 3272 6592 3348 6593 3272 6593 3294 6593 3349 6594 3273 6594 3295 6594 3349 6595 3328 6595 3273 6595 3350 6596 3329 6596 3274 6596 3350 6597 3274 6597 3296 6597 3351 6598 3330 6598 804 6598 3351 6599 804 6599 886 6599 3352 6600 3331 6600 3277 6600 3352 6601 3277 6601 3299 6601 3353 6602 3278 6602 3300 6602 3353 6603 3332 6603 3278 6603 3354 6604 3279 6604 3301 6604 3354 6605 3333 6605 3279 6605 3355 6606 3334 6606 3280 6606 3355 6607 3280 6607 3302 6607 3356 6608 3281 6608 3303 6608 3356 6609 3335 6609 3281 6609 3357 6610 3282 6610 3304 6610 3357 6611 3336 6611 3282 6611 3358 6612 3337 6612 3283 6612 3358 6613 3283 6613 3305 6613 3359 6614 3338 6614 3284 6614 3359 6615 3284 6615 3306 6615 3360 6616 3285 6616 3307 6616 3360 6617 3339 6617 3285 6617 3361 6618 3286 6618 3308 6618 3361 6619 2681 6619 3340 6619 3361 6620 3340 6620 3286 6620 3362 6621 3287 6621 3309 6621 3362 6622 3341 6622 3287 6622 3363 6623 3288 6623 3310 6623 3363 6624 3342 6624 3288 6624 3364 6625 3289 6625 3311 6625 3364 6626 3343 6626 3289 6626 3365 6627 3290 6627 3312 6627 3365 6628 3344 6628 3290 6628 3366 6629 3345 6629 3291 6629 3366 6630 3291 6630 3313 6630 3367 6631 3292 6631 3314 6631 3367 6632 3346 6632 3292 6632 3368 6633 3293 6633 3315 6633 3368 6634 3347 6634 3293 6634 3369 6635 3294 6635 3316 6635 3369 6636 3348 6636 3294 6636 3370 6637 3295 6637 3317 6637 3370 6638 3349 6638 3295 6638 3371 6639 3296 6639 3318 6639 3371 6640 3350 6640 3296 6640 3372 6641 3352 6641 3299 6641 3372 6642 3299 6642 3320 6642 3373 6643 3300 6643 3321 6643 3373 6644 3353 6644 3300 6644 3374 6645 3354 6645 3301 6645 3374 6646 3301 6646 3322 6646 3375 6647 3355 6647 3302 6647 3375 6648 3302 6648 3323 6648 3376 6649 3356 6649 3303 6649 3376 6650 3303 6650 3324 6650 3377 6651 3304 6651 3325 6651 3377 6652 3357 6652 3304 6652 3378 6653 3358 6653 3305 6653 3378 6654 3305 6654 3326 6654 3379 6655 3359 6655 3306 6655 3379 6656 3306 6656 3327 6656 3380 6657 3360 6657 3307 6657 3380 6658 3307 6658 3328 6658 3381 6659 3361 6659 3308 6659 3381 6660 2681 6660 3361 6660 3381 6661 3308 6661 3329 6661 3382 6662 3362 6662 3309 6662 3382 6663 3309 6663 3330 6663 3383 6664 3363 6664 3310 6664 3383 6665 3310 6665 3331 6665 3384 6666 3311 6666 3332 6666 3384 6667 3364 6667 3311 6667 3385 6668 3312 6668 3333 6668 3385 6669 3365 6669 3312 6669 3386 6670 3366 6670 3313 6670 3386 6671 3313 6671 3334 6671 3387 6672 3367 6672 3314 6672 3387 6673 3314 6673 3335 6673 3388 6674 3368 6674 3315 6674 3388 6675 3315 6675 3336 6675 3389 6676 3369 6676 3316 6676 3389 6677 3316 6677 3337 6677 3390 6678 3317 6678 3338 6678 3390 6679 3370 6679 3317 6679 3391 6680 3318 6680 3339 6680 3391 6681 3371 6681 3318 6681 3392 6682 3372 6682 3320 6682 3392 6683 3320 6683 3341 6683 3393 6684 3373 6684 3321 6684 3393 6685 3321 6685 3342 6685 3394 6686 3322 6686 3343 6686 3394 6687 3374 6687 3322 6687 3395 6688 3323 6688 3344 6688 3395 6689 3375 6689 3323 6689 3396 6690 3376 6690 3324 6690 3396 6691 3324 6691 3345 6691 3397 6692 3325 6692 3346 6692 3397 6693 3377 6693 3325 6693 3398 6694 3378 6694 3326 6694 3398 6695 3326 6695 3347 6695 3399 6696 3379 6696 3327 6696 3399 6697 3327 6697 3348 6697 3400 6698 3328 6698 3349 6698 3400 6699 3380 6699 3328 6699 3401 6700 2681 6700 3381 6700 3401 6701 3381 6701 3329 6701 3401 6702 3329 6702 3350 6702 3402 6703 3330 6703 3351 6703 3402 6704 3351 6704 886 6704 3402 6705 3382 6705 3330 6705 3403 6706 3383 6706 3331 6706 3403 6707 3331 6707 3352 6707 3404 6708 3384 6708 3332 6708 3404 6709 3332 6709 3353 6709 3405 6710 3333 6710 3354 6710 3405 6711 3385 6711 3333 6711 3406 6712 3386 6712 3334 6712 3406 6713 3334 6713 3355 6713 3407 6714 3387 6714 3335 6714 3407 6715 3335 6715 3356 6715 3408 6716 3388 6716 3336 6716 3408 6717 3336 6717 3357 6717 3409 6718 3337 6718 3358 6718 3409 6719 3389 6719 3337 6719 3410 6720 3338 6720 3359 6720 3410 6721 3390 6721 3338 6721 3411 6722 3391 6722 3339 6722 3411 6723 3339 6723 3360 6723 3412 6724 3341 6724 3362 6724 3412 6725 3392 6725 3341 6725 3413 6726 3393 6726 3342 6726 3413 6727 3342 6727 3363 6727 3414 6728 3343 6728 3364 6728 3414 6729 3394 6729 3343 6729 3415 6730 3395 6730 3344 6730 3415 6731 3344 6731 3365 6731 3416 6732 3396 6732 3345 6732 3416 6733 3345 6733 3366 6733 3417 6734 3346 6734 3367 6734 3417 6735 3397 6735 3346 6735 3418 6736 3347 6736 3368 6736 3418 6737 3398 6737 3347 6737 3419 6738 3399 6738 3348 6738 3419 6739 3348 6739 3369 6739 3420 6740 3400 6740 3349 6740 3420 6741 3349 6741 3370 6741 3421 6742 2681 6742 3401 6742 3421 6743 3401 6743 3350 6743 3421 6744 3350 6744 3371 6744 3422 6745 949 6745 3402 6745 3422 6746 3402 6746 886 6746 3422 6747 886 6747 948 6747 3422 6748 948 6748 949 6748 3423 6749 3352 6749 3372 6749 3423 6750 3403 6750 3352 6750 3424 6751 3404 6751 3353 6751 3424 6752 3353 6752 3373 6752 3425 6753 3405 6753 3354 6753 3425 6754 3354 6754 3374 6754 3426 6755 3355 6755 3375 6755 3426 6756 3406 6756 3355 6756 3427 6757 3356 6757 3376 6757 3427 6758 3407 6758 3356 6758 3428 6759 3408 6759 3357 6759 3428 6760 3357 6760 3377 6760 3429 6761 3409 6761 3358 6761 3429 6762 3358 6762 3378 6762 3430 6763 3359 6763 3379 6763 3430 6764 3410 6764 3359 6764 3431 6765 3411 6765 3360 6765 3431 6766 3360 6766 3380 6766 3432 6767 3362 6767 3382 6767 3432 6768 3412 6768 3362 6768 3433 6769 3363 6769 3383 6769 3433 6770 3413 6770 3363 6770 3434 6771 3364 6771 3384 6771 3434 6772 3414 6772 3364 6772 3435 6773 3365 6773 3385 6773 3435 6774 3415 6774 3365 6774 3436 6775 3366 6775 3386 6775 3436 6776 3416 6776 3366 6776 3437 6777 3417 6777 3367 6777 3437 6778 3367 6778 3387 6778 3438 6779 3418 6779 3368 6779 3438 6780 3368 6780 3388 6780 3439 6781 3419 6781 3369 6781 3439 6782 3369 6782 3389 6782 3440 6783 3370 6783 3390 6783 3440 6784 3420 6784 3370 6784 3441 6785 3371 6785 3391 6785 3441 6786 2681 6786 3421 6786 3441 6787 3421 6787 3371 6787 3442 6788 3423 6788 3372 6788 3442 6789 3372 6789 3392 6789 3443 6790 3373 6790 3393 6790 3443 6791 3424 6791 3373 6791 3444 6792 3425 6792 3374 6792 3444 6793 3374 6793 3394 6793 3445 6794 3426 6794 3375 6794 3445 6795 3375 6795 3395 6795 3446 6796 3427 6796 3376 6796 3446 6797 3376 6797 3396 6797 3447 6798 3377 6798 3397 6798 3447 6799 3428 6799 3377 6799 3448 6800 3429 6800 3378 6800 3448 6801 3378 6801 3398 6801 3449 6802 3379 6802 3399 6802 3449 6803 3430 6803 3379 6803 3450 6804 3431 6804 3380 6804 3450 6805 3380 6805 3400 6805 3451 6806 3432 6806 3382 6806 3451 6807 3382 6807 3402 6807 3452 6808 3433 6808 3383 6808 3452 6809 3383 6809 3403 6809 3453 6810 3434 6810 3384 6810 3453 6811 3384 6811 3404 6811 3454 6812 3435 6812 3385 6812 3454 6813 3385 6813 3405 6813 3455 6814 3386 6814 3406 6814 3455 6815 3436 6815 3386 6815 3456 6816 3437 6816 3387 6816 3456 6817 3387 6817 3407 6817 3457 6818 3388 6818 3408 6818 3457 6819 3438 6819 3388 6819 3458 6820 3389 6820 3409 6820 3458 6821 3439 6821 3389 6821 3459 6822 3440 6822 3390 6822 3459 6823 3390 6823 3410 6823 3460 6824 3391 6824 3411 6824 3460 6825 3441 6825 3391 6825 3460 6826 2681 6826 3441 6826 3461 6827 3442 6827 3392 6827 3461 6828 3392 6828 3412 6828 3462 6829 3393 6829 3413 6829 3462 6830 3443 6830 3393 6830 3463 6831 3394 6831 3414 6831 3463 6832 3444 6832 3394 6832 3464 6833 3395 6833 3415 6833 3464 6834 3445 6834 3395 6834 3465 6835 3396 6835 3416 6835 3465 6836 3446 6836 3396 6836 3466 6837 3447 6837 3397 6837 3466 6838 3397 6838 3417 6838 3467 6839 3448 6839 3398 6839 3467 6840 3398 6840 3418 6840 3468 6841 3449 6841 3399 6841 3468 6842 3399 6842 3419 6842 3469 6843 3450 6843 3400 6843 3469 6844 3400 6844 3420 6844 3470 6845 949 6845 1038 6845 3470 6846 3402 6846 949 6846 3470 6847 3451 6847 3402 6847 3470 6848 1038 6848 3451 6848 3471 6849 3452 6849 3403 6849 3471 6850 3403 6850 3423 6850 3472 6851 3453 6851 3404 6851 3472 6852 3404 6852 3424 6852 3473 6853 3454 6853 3405 6853 3473 6854 3405 6854 3425 6854 3474 6855 3455 6855 3406 6855 3474 6856 3406 6856 3426 6856 3475 6857 3407 6857 3427 6857 3475 6858 3456 6858 3407 6858 3476 6859 3408 6859 3428 6859 3476 6860 3457 6860 3408 6860 3477 6861 3458 6861 3409 6861 3477 6862 3409 6862 3429 6862 3478 6863 3459 6863 3410 6863 3478 6864 3410 6864 3430 6864 3479 6865 3411 6865 3431 6865 3479 6866 2681 6866 3460 6866 3479 6867 3460 6867 3411 6867 3480 6868 3461 6868 3412 6868 3480 6869 3412 6869 3432 6869 3481 6870 3413 6870 3433 6870 3481 6871 3462 6871 3413 6871 3482 6872 3414 6872 3434 6872 3482 6873 3463 6873 3414 6873 3483 6874 3464 6874 3415 6874 3483 6875 3415 6875 3435 6875 3484 6876 3465 6876 3416 6876 3484 6877 3416 6877 3436 6877 3485 6878 3466 6878 3417 6878 3485 6879 3417 6879 3437 6879 3486 6880 3467 6880 3418 6880 3486 6881 3418 6881 3438 6881 3487 6882 3468 6882 3419 6882 3487 6883 3419 6883 3439 6883 3488 6884 3469 6884 3420 6884 3488 6885 3420 6885 3440 6885 3489 6886 3423 6886 3442 6886 3489 6887 3471 6887 3423 6887 3490 6888 3472 6888 3424 6888 3490 6889 3424 6889 3443 6889 3491 6890 3425 6890 3444 6890 3491 6891 3473 6891 3425 6891 3492 6892 3426 6892 3445 6892 3492 6893 3474 6893 3426 6893 3493 6894 3475 6894 3427 6894 3493 6895 3427 6895 3446 6895 3494 6896 3428 6896 3447 6896 3494 6897 3476 6897 3428 6897 3495 6898 3429 6898 3448 6898 3495 6899 3477 6899 3429 6899 3496 6900 3430 6900 3449 6900 3496 6901 3478 6901 3430 6901 3497 6902 3479 6902 3431 6902 3497 6903 3431 6903 3450 6903 3497 6904 2681 6904 3479 6904 3498 6905 3432 6905 3451 6905 3498 6906 3480 6906 3432 6906 3499 6907 3481 6907 3433 6907 3499 6908 3433 6908 3452 6908 3500 6909 3434 6909 3453 6909 3500 6910 3482 6910 3434 6910 3501 6911 3435 6911 3454 6911 3501 6912 3483 6912 3435 6912 3502 6913 3436 6913 3455 6913 3502 6914 3484 6914 3436 6914 3503 6915 3437 6915 3456 6915 3503 6916 3485 6916 3437 6916 3504 6917 3486 6917 3438 6917 3504 6918 3438 6918 3457 6918 3505 6919 3439 6919 3458 6919 3505 6920 3487 6920 3439 6920 3506 6921 3488 6921 3440 6921 3506 6922 3440 6922 3459 6922 3507 6923 3489 6923 3442 6923 3507 6924 3442 6924 3461 6924 3508 6925 3443 6925 3462 6925 3508 6926 3490 6926 3443 6926 3509 6927 3491 6927 3444 6927 3509 6928 3444 6928 3463 6928 3510 6929 3445 6929 3464 6929 3510 6930 3492 6930 3445 6930 3511 6931 3493 6931 3446 6931 3511 6932 3446 6932 3465 6932 3512 6933 3494 6933 3447 6933 3512 6934 3447 6934 3466 6934 3513 6935 3448 6935 3467 6935 3513 6936 3495 6936 3448 6936 3514 6937 3449 6937 3468 6937 3514 6938 3496 6938 3449 6938 3515 6939 3450 6939 3469 6939 3515 6940 2681 6940 3497 6940 3515 6941 3497 6941 3450 6941 3516 6942 3451 6942 1038 6942 3516 6943 3498 6943 3451 6943 3517 6944 3499 6944 3452 6944 3517 6945 3452 6945 3471 6945 3518 6946 3500 6946 3453 6946 3518 6947 3453 6947 3472 6947 3519 6948 3501 6948 3454 6948 3519 6949 3454 6949 3473 6949 3520 6950 3502 6950 3455 6950 3520 6951 3455 6951 3474 6951 3521 6952 3503 6952 3456 6952 3521 6953 3456 6953 3475 6953 3522 6954 3504 6954 3457 6954 3522 6955 3457 6955 3476 6955 3523 6956 3458 6956 3477 6956 3523 6957 3505 6957 3458 6957 3524 6958 3506 6958 3459 6958 3524 6959 3459 6959 3478 6959 3525 6960 3507 6960 3461 6960 3525 6961 3461 6961 3480 6961 3526 6962 3462 6962 3481 6962 3526 6963 3508 6963 3462 6963 3527 6964 3463 6964 3482 6964 3527 6965 3509 6965 3463 6965 3528 6966 3510 6966 3464 6966 3528 6967 3464 6967 3483 6967 3529 6968 3465 6968 3484 6968 3529 6969 3511 6969 3465 6969 3530 6970 3466 6970 3485 6970 3530 6971 3512 6971 3466 6971 3531 6972 3513 6972 3467 6972 3531 6973 3467 6973 3486 6973 3532 6974 3468 6974 3487 6974 3532 6975 3514 6975 3468 6975 3533 6976 2681 6976 3515 6976 3533 6977 3515 6977 3469 6977 3533 6978 3469 6978 3488 6978 3534 6979 1038 6979 1105 6979 3534 6980 1105 6980 3516 6980 3534 6981 3516 6981 1038 6981 3535 6982 3517 6982 3471 6982 3535 6983 3471 6983 3489 6983 3536 6984 3472 6984 3490 6984 3536 6985 3518 6985 3472 6985 3537 6986 3519 6986 3473 6986 3537 6987 3473 6987 3491 6987 3538 6988 3520 6988 3474 6988 3538 6989 3474 6989 3492 6989 3539 6990 3521 6990 3475 6990 3539 6991 3475 6991 3493 6991 3540 6992 3476 6992 3494 6992 3540 6993 3522 6993 3476 6993 3541 6994 3477 6994 3495 6994 3541 6995 3523 6995 3477 6995 3542 6996 3478 6996 3496 6996 3542 6997 3524 6997 3478 6997 3543 6998 3525 6998 3480 6998 3543 6999 3480 6999 3498 6999 3544 7000 3481 7000 3499 7000 3544 7001 3526 7001 3481 7001 3545 7002 3482 7002 3500 7002 3545 7003 3527 7003 3482 7003 3546 7004 3528 7004 3483 7004 3546 7005 3483 7005 3501 7005 3547 7006 3484 7006 3502 7006 3547 7007 3529 7007 3484 7007 3548 7008 3485 7008 3503 7008 3548 7009 3530 7009 3485 7009 3549 7010 3486 7010 3504 7010 3549 7011 3531 7011 3486 7011 3550 7012 3487 7012 3505 7012 3550 7013 3532 7013 3487 7013 3551 7014 2681 7014 3533 7014 3551 7015 3488 7015 3506 7015 3551 7016 3533 7016 3488 7016 3552 7017 3535 7017 3489 7017 3552 7018 3489 7018 3507 7018 3553 7019 3536 7019 3490 7019 3553 7020 3490 7020 3508 7020 3554 7021 3537 7021 3491 7021 3554 7022 3491 7022 3509 7022 3555 7023 3538 7023 3492 7023 3555 7024 3492 7024 3510 7024 3556 7025 3493 7025 3511 7025 3556 7026 3539 7026 3493 7026 3557 7027 3494 7027 3512 7027 3557 7028 3540 7028 3494 7028 3558 7029 3495 7029 3513 7029 3558 7030 3541 7030 3495 7030 3559 7031 3496 7031 3514 7031 3559 7032 3542 7032 3496 7032 3560 7033 3498 7033 3516 7033 3560 7034 3543 7034 3498 7034 3561 7035 3499 7035 3517 7035 3561 7036 3544 7036 3499 7036 3562 7037 3500 7037 3518 7037 3562 7038 3545 7038 3500 7038 3563 7039 3501 7039 3519 7039 3563 7040 3546 7040 3501 7040 3564 7041 3502 7041 3520 7041 3564 7042 3547 7042 3502 7042 3565 7043 3548 7043 3503 7043 3565 7044 3503 7044 3521 7044 3566 7045 3504 7045 3522 7045 3566 7046 3549 7046 3504 7046 3567 7047 3505 7047 3523 7047 3567 7048 3550 7048 3505 7048 3568 7049 3506 7049 3524 7049 3568 7050 2681 7050 3551 7050 3568 7051 3551 7051 3506 7051 3569 7052 3552 7052 3507 7052 3569 7053 3507 7053 3525 7053 3570 7054 3508 7054 3526 7054 3570 7055 3553 7055 3508 7055 3571 7056 3554 7056 3509 7056 3571 7057 3509 7057 3527 7057 3572 7058 3555 7058 3510 7058 3572 7059 3510 7059 3528 7059 3573 7060 3511 7060 3529 7060 3573 7061 3556 7061 3511 7061 3574 7062 3557 7062 3512 7062 3574 7063 3512 7063 3530 7063 3575 7064 3558 7064 3513 7064 3575 7065 3513 7065 3531 7065 3576 7066 3514 7066 3532 7066 3576 7067 3559 7067 3514 7067 3577 7068 1105 7068 1201 7068 3577 7069 1201 7069 1202 7069 3577 7070 3516 7070 1105 7070 3577 7071 3560 7071 3516 7071 3577 7072 1202 7072 3560 7072 3578 7073 3561 7073 3517 7073 3578 7074 3517 7074 3535 7074 3579 7075 3562 7075 3518 7075 3579 7076 3518 7076 3536 7076 3580 7077 3563 7077 3519 7077 3580 7078 3519 7078 3537 7078 3581 7079 3564 7079 3520 7079 3581 7080 3520 7080 3538 7080 3582 7081 3565 7081 3521 7081 3582 7082 3521 7082 3539 7082 3583 7083 3522 7083 3540 7083 3583 7084 3566 7084 3522 7084 3584 7085 3567 7085 3523 7085 3584 7086 3523 7086 3541 7086 3585 7087 2681 7087 3568 7087 3585 7088 3568 7088 3524 7088 3585 7089 3524 7089 3542 7089 3586 7090 3569 7090 3525 7090 3586 7091 3525 7091 3543 7091 3587 7092 3526 7092 3544 7092 3587 7093 3570 7093 3526 7093 3588 7094 3571 7094 3527 7094 3588 7095 3527 7095 3545 7095 3589 7096 3528 7096 3546 7096 3589 7097 3572 7097 3528 7097 3590 7098 3573 7098 3529 7098 3590 7099 3529 7099 3547 7099 3591 7100 3530 7100 3548 7100 3591 7101 3574 7101 3530 7101 3592 7102 3531 7102 3549 7102 3592 7103 3575 7103 3531 7103 3593 7104 3532 7104 3550 7104 3593 7105 3576 7105 3532 7105 3594 7106 3535 7106 3552 7106 3594 7107 3578 7107 3535 7107 3595 7108 3579 7108 3536 7108 3595 7109 3536 7109 3553 7109 3596 7110 3537 7110 3554 7110 3596 7111 3580 7111 3537 7111 3597 7112 3581 7112 3538 7112 3597 7113 3538 7113 3555 7113 3598 7114 3539 7114 3556 7114 3598 7115 3582 7115 3539 7115 3599 7116 3583 7116 3540 7116 3599 7117 3540 7117 3557 7117 3600 7118 3584 7118 3541 7118 3600 7119 3541 7119 3558 7119 3601 7120 3542 7120 3559 7120 3601 7121 2681 7121 3585 7121 3601 7122 3585 7122 3542 7122 3602 7123 3586 7123 3543 7123 3602 7124 3543 7124 3560 7124 3603 7125 3587 7125 3544 7125 3603 7126 3544 7126 3561 7126 3604 7127 3588 7127 3545 7127 3604 7128 3545 7128 3562 7128 3605 7129 3589 7129 3546 7129 3605 7130 3546 7130 3563 7130 3606 7131 3547 7131 3564 7131 3606 7132 3590 7132 3547 7132 3607 7133 3548 7133 3565 7133 3607 7134 3591 7134 3548 7134 3608 7135 3592 7135 3549 7135 3608 7136 3549 7136 3566 7136 3609 7137 3593 7137 3550 7137 3609 7138 3550 7138 3567 7138 3610 7139 3552 7139 3569 7139 3610 7140 3594 7140 3552 7140 3611 7141 3595 7141 3553 7141 3611 7142 3553 7142 3570 7142 3612 7143 3554 7143 3571 7143 3612 7144 3596 7144 3554 7144 3613 7145 3597 7145 3555 7145 3613 7146 3555 7146 3572 7146 3614 7147 3598 7147 3556 7147 3614 7148 3556 7148 3573 7148 3615 7149 3599 7149 3557 7149 3615 7150 3557 7150 3574 7150 3616 7151 3600 7151 3558 7151 3616 7152 3558 7152 3575 7152 3617 7153 2681 7153 3601 7153 3617 7154 3601 7154 3559 7154 3617 7155 3559 7155 3576 7155 3618 7156 3602 7156 3560 7156 3618 7157 3560 7157 1202 7157 3619 7158 3603 7158 3561 7158 3619 7159 3561 7159 3578 7159 3620 7160 3604 7160 3562 7160 3620 7161 3562 7161 3579 7161 3621 7162 3605 7162 3563 7162 3621 7163 3563 7163 3580 7163 3622 7164 3564 7164 3581 7164 3622 7165 3606 7165 3564 7165 3623 7166 3565 7166 3582 7166 3623 7167 3607 7167 3565 7167 3624 7168 3566 7168 3583 7168 3624 7169 3608 7169 3566 7169 3625 7170 3567 7170 3584 7170 3625 7171 3609 7171 3567 7171 3626 7172 3569 7172 3586 7172 3626 7173 3610 7173 3569 7173 3627 7174 3570 7174 3587 7174 3627 7175 3611 7175 3570 7175 3628 7176 3571 7176 3588 7176 3628 7177 3612 7177 3571 7177 3629 7178 3572 7178 3589 7178 3629 7179 3613 7179 3572 7179 3630 7180 3573 7180 3590 7180 3630 7181 3614 7181 3573 7181 3631 7182 3574 7182 3591 7182 3631 7183 3615 7183 3574 7183 3632 7184 3575 7184 3592 7184 3632 7185 3616 7185 3575 7185 3633 7186 3617 7186 3576 7186 3633 7187 3576 7187 3593 7187 3633 7188 2681 7188 3617 7188 3634 7189 1202 7189 1274 7189 3634 7190 1274 7190 3618 7190 3634 7191 3618 7191 1202 7191 3635 7192 3619 7192 3578 7192 3635 7193 3578 7193 3594 7193 3636 7194 3620 7194 3579 7194 3636 7195 3579 7195 3595 7195 3637 7196 3580 7196 3596 7196 3637 7197 3621 7197 3580 7197 3638 7198 3581 7198 3597 7198 3638 7199 3622 7199 3581 7199 3639 7200 3623 7200 3582 7200 3639 7201 3582 7201 3598 7201 3640 7202 3583 7202 3599 7202 3640 7203 3624 7203 3583 7203 3641 7204 3625 7204 3584 7204 3641 7205 3584 7205 3600 7205 3642 7206 3586 7206 3602 7206 3642 7207 3626 7207 3586 7207 3643 7208 3627 7208 3587 7208 3643 7209 3587 7209 3603 7209 3644 7210 3628 7210 3588 7210 3644 7211 3588 7211 3604 7211 3645 7212 3629 7212 3589 7212 3645 7213 3589 7213 3605 7213 3646 7214 3630 7214 3590 7214 3646 7215 3590 7215 3606 7215 3647 7216 3631 7216 3591 7216 3647 7217 3591 7217 3607 7217 3648 7218 3592 7218 3608 7218 3648 7219 3632 7219 3592 7219 3649 7220 2681 7220 3633 7220 3649 7221 3633 7221 3593 7221 3649 7222 3593 7222 3609 7222 3650 7223 3635 7223 3594 7223 3650 7224 3594 7224 3610 7224 3651 7225 3636 7225 3595 7225 3651 7226 3595 7226 3611 7226 3652 7227 3637 7227 3596 7227 3652 7228 3596 7228 3612 7228 3653 7229 3638 7229 3597 7229 3653 7230 3597 7230 3613 7230 3654 7231 3639 7231 3598 7231 3654 7232 3598 7232 3614 7232 3655 7233 3640 7233 3599 7233 3655 7234 3599 7234 3615 7234 3656 7235 3600 7235 3616 7235 3656 7236 3641 7236 3600 7236 3657 7237 3602 7237 3618 7237 3657 7238 3642 7238 3602 7238 3658 7239 3643 7239 3603 7239 3658 7240 3603 7240 3619 7240 3659 7241 3644 7241 3604 7241 3659 7242 3604 7242 3620 7242 3660 7243 3605 7243 3621 7243 3660 7244 3645 7244 3605 7244 3661 7245 3606 7245 3622 7245 3661 7246 3646 7246 3606 7246 3662 7247 3607 7247 3623 7247 3662 7248 3647 7248 3607 7248 3663 7249 3608 7249 3624 7249 3663 7250 3648 7250 3608 7250 3664 7251 3649 7251 3609 7251 3664 7252 3609 7252 3625 7252 3664 7253 2681 7253 3649 7253 3665 7254 3610 7254 3626 7254 3665 7255 3650 7255 3610 7255 3666 7256 3611 7256 3627 7256 3666 7257 3651 7257 3611 7257 3667 7258 3652 7258 3612 7258 3667 7259 3612 7259 3628 7259 3668 7260 3653 7260 3613 7260 3668 7261 3613 7261 3629 7261 3669 7262 3654 7262 3614 7262 3669 7263 3614 7263 3630 7263 3670 7264 3655 7264 3615 7264 3670 7265 3615 7265 3631 7265 3671 7266 3616 7266 3632 7266 3671 7267 3656 7267 3616 7267 3672 7268 1274 7268 1377 7268 3672 7269 1377 7269 1378 7269 3672 7270 3618 7270 1274 7270 3672 7271 3657 7271 3618 7271 3673 7272 3658 7272 3619 7272 3673 7273 3619 7273 3635 7273 3674 7274 3659 7274 3620 7274 3674 7275 3620 7275 3636 7275 3675 7276 3660 7276 3621 7276 3675 7277 3621 7277 3637 7277 3676 7278 3622 7278 3638 7278 3676 7279 3661 7279 3622 7279 3677 7280 3623 7280 3639 7280 3677 7281 3662 7281 3623 7281 3678 7282 3624 7282 3640 7282 3678 7283 3663 7283 3624 7283 3679 7284 3625 7284 3641 7284 3679 7285 3664 7285 3625 7285 3679 7286 2681 7286 3664 7286 3680 7287 3665 7287 3626 7287 3680 7288 3626 7288 3642 7288 3681 7289 3666 7289 3627 7289 3681 7290 3627 7290 3643 7290 3682 7291 3628 7291 3644 7291 3682 7292 3667 7292 3628 7292 3683 7293 3629 7293 3645 7293 3683 7294 3668 7294 3629 7294 3684 7295 3669 7295 3630 7295 3684 7296 3630 7296 3646 7296 3685 7297 3670 7297 3631 7297 3685 7298 3631 7298 3647 7298 3686 7299 3671 7299 3632 7299 3686 7300 3632 7300 3648 7300 3687 7301 3635 7301 3650 7301 3687 7302 3673 7302 3635 7302 3688 7303 3636 7303 3651 7303 3688 7304 3674 7304 3636 7304 3689 7305 3637 7305 3652 7305 3689 7306 3675 7306 3637 7306 3690 7307 3638 7307 3653 7307 3690 7308 3676 7308 3638 7308 3691 7309 3677 7309 3639 7309 3691 7310 3639 7310 3654 7310 3692 7311 3640 7311 3655 7311 3692 7312 3678 7312 3640 7312 3693 7313 3679 7313 3641 7313 3693 7314 3641 7314 3656 7314 3693 7315 2681 7315 3679 7315 3694 7316 3680 7316 3642 7316 3694 7317 3642 7317 3657 7317 3695 7318 3643 7318 3658 7318 3695 7319 3681 7319 3643 7319 3696 7320 3682 7320 3644 7320 3696 7321 3644 7321 3659 7321 3697 7322 3645 7322 3660 7322 3697 7323 3683 7323 3645 7323 3698 7324 3646 7324 3661 7324 3698 7325 3684 7325 3646 7325 3699 7326 3647 7326 3662 7326 3699 7327 3685 7327 3647 7327 3700 7328 3648 7328 3663 7328 3700 7329 3686 7329 3648 7329 3701 7330 3650 7330 3665 7330 3701 7331 3687 7331 3650 7331 3702 7332 3688 7332 3651 7332 3702 7333 3651 7333 3666 7333 3703 7334 3652 7334 3667 7334 3703 7335 3689 7335 3652 7335 3704 7336 3653 7336 3668 7336 3704 7337 3690 7337 3653 7337 3705 7338 3691 7338 3654 7338 3705 7339 3654 7339 3669 7339 3706 7340 3692 7340 3655 7340 3706 7341 3655 7341 3670 7341 3707 7342 3656 7342 3671 7342 3707 7343 3693 7343 3656 7343 3707 7344 2681 7344 3693 7344 3708 7345 3694 7345 3657 7345 3708 7346 3672 7346 1378 7346 3708 7347 3657 7347 3672 7347 3709 7348 3695 7348 3658 7348 3709 7349 3658 7349 3673 7349 3710 7350 3696 7350 3659 7350 3710 7351 3659 7351 3674 7351 3711 7352 3697 7352 3660 7352 3711 7353 3660 7353 3675 7353 3712 7354 3698 7354 3661 7354 3712 7355 3661 7355 3676 7355 3713 7356 3699 7356 3662 7356 3713 7357 3662 7357 3677 7357 3714 7358 3700 7358 3663 7358 3714 7359 3663 7359 3678 7359 3715 7360 3701 7360 3665 7360 3715 7361 3665 7361 3680 7361 3716 7362 3666 7362 3681 7362 3716 7363 3702 7363 3666 7363 3717 7364 3703 7364 3667 7364 3717 7365 3667 7365 3682 7365 3718 7366 3668 7366 3683 7366 3718 7367 3704 7367 3668 7367 3719 7368 3669 7368 3684 7368 3719 7369 3705 7369 3669 7369 3720 7370 3670 7370 3685 7370 3720 7371 3706 7371 3670 7371 3721 7372 3671 7372 3686 7372 3721 7373 3707 7373 3671 7373 3721 7374 2681 7374 3707 7374 3722 7375 3708 7375 1378 7375 3722 7376 1378 7376 1454 7376 3722 7377 1454 7377 3708 7377 3723 7378 3709 7378 3673 7378 3723 7379 3673 7379 3687 7379 3724 7380 3674 7380 3688 7380 3724 7381 3710 7381 3674 7381 3725 7382 3675 7382 3689 7382 3725 7383 3711 7383 3675 7383 3726 7384 3676 7384 3690 7384 3726 7385 3712 7385 3676 7385 3727 7386 3677 7386 3691 7386 3727 7387 3713 7387 3677 7387 3728 7388 3678 7388 3692 7388 3728 7389 3714 7389 3678 7389 3729 7390 3680 7390 3694 7390 3729 7391 3715 7391 3680 7391 3730 7392 3681 7392 3695 7392 3730 7393 3716 7393 3681 7393 3731 7394 3717 7394 3682 7394 3731 7395 3682 7395 3696 7395 3732 7396 3683 7396 3697 7396 3732 7397 3718 7397 3683 7397 3733 7398 3719 7398 3684 7398 3733 7399 3684 7399 3698 7399 3734 7400 3685 7400 3699 7400 3734 7401 3720 7401 3685 7401 3735 7402 2681 7402 3721 7402 3735 7403 3686 7403 3700 7403 3735 7404 3721 7404 3686 7404 3736 7405 3723 7405 3687 7405 3736 7406 3687 7406 3701 7406 3737 7407 3724 7407 3688 7407 3737 7408 3688 7408 3702 7408 3738 7409 3689 7409 3703 7409 3738 7410 3725 7410 3689 7410 3739 7411 3726 7411 3690 7411 3739 7412 3690 7412 3704 7412 3740 7413 3727 7413 3691 7413 3740 7414 3691 7414 3705 7414 3741 7415 3728 7415 3692 7415 3741 7416 3692 7416 3706 7416 3742 7417 3708 7417 1454 7417 3742 7418 3729 7418 3694 7418 3742 7419 3694 7419 3708 7419 3743 7420 3730 7420 3695 7420 3743 7421 3695 7421 3709 7421 3744 7422 3731 7422 3696 7422 3744 7423 3696 7423 3710 7423 3745 7424 3732 7424 3697 7424 3745 7425 3697 7425 3711 7425 3746 7426 3698 7426 3712 7426 3746 7427 3733 7427 3698 7427 3747 7428 3699 7428 3713 7428 3747 7429 3734 7429 3699 7429 3748 7430 2681 7430 3735 7430 3748 7431 3700 7431 3714 7431 3748 7432 3735 7432 3700 7432 3749 7433 3736 7433 3701 7433 3749 7434 3701 7434 3715 7434 3750 7435 3702 7435 3716 7435 3750 7436 3737 7436 3702 7436 3751 7437 3703 7437 3717 7437 3751 7438 3738 7438 3703 7438 3752 7439 3704 7439 3718 7439 3752 7440 3739 7440 3704 7440 3753 7441 3740 7441 3705 7441 3753 7442 3705 7442 3719 7442 3754 7443 3706 7443 3720 7443 3754 7444 3741 7444 3706 7444 3755 7445 1454 7445 1559 7445 3755 7446 1559 7446 1560 7446 3755 7447 3742 7447 1454 7447 3756 7448 3709 7448 3723 7448 3756 7449 3743 7449 3709 7449 3757 7450 3710 7450 3724 7450 3757 7451 3744 7451 3710 7451 3758 7452 3711 7452 3725 7452 3758 7453 3745 7453 3711 7453 3759 7454 3746 7454 3712 7454 3759 7455 3712 7455 3726 7455 3760 7456 3713 7456 3727 7456 3760 7457 3747 7457 3713 7457 3761 7458 3714 7458 3728 7458 3761 7459 3748 7459 3714 7459 3761 7460 2681 7460 3748 7460 3762 7461 3715 7461 3729 7461 3762 7462 3749 7462 3715 7462 3763 7463 3716 7463 3730 7463 3763 7464 3750 7464 3716 7464 3764 7465 3751 7465 3717 7465 3764 7466 3717 7466 3731 7466 3765 7467 3752 7467 3718 7467 3765 7468 3718 7468 3732 7468 3766 7469 3753 7469 3719 7469 3766 7470 3719 7470 3733 7470 3767 7471 3720 7471 3734 7471 3767 7472 3754 7472 3720 7472 3768 7473 3756 7473 3723 7473 3768 7474 3723 7474 3736 7474 3769 7475 3757 7475 3724 7475 3769 7476 3724 7476 3737 7476 3770 7477 3725 7477 3738 7477 3770 7478 3758 7478 3725 7478 3771 7479 3726 7479 3739 7479 3771 7480 3759 7480 3726 7480 3772 7481 3760 7481 3727 7481 3772 7482 3727 7482 3740 7482 3773 7483 3761 7483 3728 7483 3773 7484 3728 7484 3741 7484 3773 7485 2681 7485 3761 7485 3774 7486 3762 7486 3729 7486 3774 7487 3729 7487 3742 7487 3775 7488 3763 7488 3730 7488 3775 7489 3730 7489 3743 7489 3776 7490 3764 7490 3731 7490 3776 7491 3731 7491 3744 7491 3777 7492 3765 7492 3732 7492 3777 7493 3732 7493 3745 7493 3778 7494 3766 7494 3733 7494 3778 7495 3733 7495 3746 7495 3779 7496 3767 7496 3734 7496 3779 7497 3734 7497 3747 7497 3780 7498 3736 7498 3749 7498 3780 7499 3768 7499 3736 7499 3781 7500 3737 7500 3750 7500 3781 7501 3769 7501 3737 7501 3782 7502 3770 7502 3738 7502 3782 7503 3738 7503 3751 7503 3783 7504 3771 7504 3739 7504 3783 7505 3739 7505 3752 7505 3784 7506 3772 7506 3740 7506 3784 7507 3740 7507 3753 7507 3785 7508 2681 7508 3773 7508 3785 7509 3773 7509 3741 7509 3785 7510 3741 7510 3754 7510 3786 7511 3755 7511 1560 7511 3786 7512 3742 7512 3755 7512 3786 7513 3774 7513 3742 7513 3787 7514 3775 7514 3743 7514 3787 7515 3743 7515 3756 7515 3788 7516 3744 7516 3757 7516 3788 7517 3776 7517 3744 7517 3789 7518 3745 7518 3758 7518 3789 7519 3777 7519 3745 7519 3790 7520 3746 7520 3759 7520 3790 7521 3778 7521 3746 7521 3791 7522 3747 7522 3760 7522 3791 7523 3779 7523 3747 7523 3792 7524 3780 7524 3749 7524 3792 7525 3749 7525 3762 7525 3793 7526 3750 7526 3763 7526 3793 7527 3781 7527 3750 7527 3794 7528 3751 7528 3764 7528 3794 7529 3782 7529 3751 7529 3795 7530 3752 7530 3765 7530 3795 7531 3783 7531 3752 7531 3796 7532 3753 7532 3766 7532 3796 7533 3784 7533 3753 7533 3797 7534 2681 7534 3785 7534 3797 7535 3754 7535 3767 7535 3797 7536 3785 7536 3754 7536 3798 7537 1560 7537 1636 7537 3798 7538 1636 7538 3786 7538 3798 7539 3786 7539 1560 7539 3799 7540 3787 7540 3756 7540 3799 7541 3756 7541 3768 7541 3800 7542 3757 7542 3769 7542 3800 7543 3788 7543 3757 7543 3801 7544 3789 7544 3758 7544 3801 7545 3758 7545 3770 7545 3802 7546 3759 7546 3771 7546 3802 7547 3790 7547 3759 7547 3803 7548 3760 7548 3772 7548 3803 7549 3791 7549 3760 7549 3804 7550 3792 7550 3762 7550 3804 7551 3762 7551 3774 7551 3805 7552 3763 7552 3775 7552 3805 7553 3793 7553 3763 7553 3806 7554 3764 7554 3776 7554 3806 7555 3794 7555 3764 7555 3807 7556 3795 7556 3765 7556 3807 7557 3765 7557 3777 7557 3808 7558 3796 7558 3766 7558 3808 7559 3766 7559 3778 7559 3809 7560 3797 7560 3767 7560 3809 7561 3767 7561 3779 7561 3809 7562 2681 7562 3797 7562 3810 7563 3799 7563 3768 7563 3810 7564 3768 7564 3780 7564 3811 7565 3800 7565 3769 7565 3811 7566 3769 7566 3781 7566 3812 7567 3801 7567 3770 7567 3812 7568 3770 7568 3782 7568 3813 7569 3802 7569 3771 7569 3813 7570 3771 7570 3783 7570 3814 7571 3772 7571 3784 7571 3814 7572 3803 7572 3772 7572 3815 7573 3774 7573 3786 7573 3815 7574 3786 7574 1636 7574 3815 7575 3804 7575 3774 7575 3816 7576 3805 7576 3775 7576 3816 7577 3775 7577 3787 7577 3817 7578 3806 7578 3776 7578 3817 7579 3776 7579 3788 7579 3818 7580 3777 7580 3789 7580 3818 7581 3807 7581 3777 7581 3819 7582 3778 7582 3790 7582 3819 7583 3808 7583 3778 7583 3820 7584 3779 7584 3791 7584 3820 7585 3809 7585 3779 7585 3820 7586 2681 7586 3809 7586 3821 7587 3780 7587 3792 7587 3821 7588 3810 7588 3780 7588 3822 7589 3811 7589 3781 7589 3822 7590 3781 7590 3793 7590 3823 7591 3782 7591 3794 7591 3823 7592 3812 7592 3782 7592 3824 7593 3783 7593 3795 7593 3824 7594 3813 7594 3783 7594 3825 7595 3784 7595 3796 7595 3825 7596 3814 7596 3784 7596 3826 7597 1636 7597 1741 7597 3826 7598 3815 7598 1636 7598 3827 7599 3787 7599 3799 7599 3827 7600 3816 7600 3787 7600 3828 7601 3788 7601 3800 7601 3828 7602 3817 7602 3788 7602 3829 7603 3789 7603 3801 7603 3829 7604 3818 7604 3789 7604 3830 7605 3790 7605 3802 7605 3830 7606 3819 7606 3790 7606 3831 7607 2681 7607 3820 7607 3831 7608 3791 7608 3803 7608 3831 7609 3820 7609 3791 7609 3832 7610 3821 7610 3792 7610 3832 7611 3792 7611 3804 7611 3833 7612 3822 7612 3793 7612 3833 7613 3793 7613 3805 7613 3834 7614 3823 7614 3794 7614 3834 7615 3794 7615 3806 7615 3835 7616 3795 7616 3807 7616 3835 7617 3824 7617 3795 7617 3836 7618 3825 7618 3796 7618 3836 7619 3796 7619 3808 7619 3837 7620 3827 7620 3799 7620 3837 7621 3799 7621 3810 7621 3838 7622 3828 7622 3800 7622 3838 7623 3800 7623 3811 7623 3839 7624 3829 7624 3801 7624 3839 7625 3801 7625 3812 7625 3840 7626 3830 7626 3802 7626 3840 7627 3802 7627 3813 7627 3841 7628 2681 7628 3831 7628 3841 7629 3831 7629 3803 7629 3841 7630 3803 7630 3814 7630 3842 7631 3832 7631 3804 7631 3842 7632 3804 7632 3815 7632 3843 7633 3805 7633 3816 7633 3843 7634 3833 7634 3805 7634 3844 7635 3806 7635 3817 7635 3844 7636 3834 7636 3806 7636 3845 7637 3807 7637 3818 7637 3845 7638 3835 7638 3807 7638 3846 7639 3808 7639 3819 7639 3846 7640 3836 7640 3808 7640 3847 7641 3810 7641 3821 7641 3847 7642 3837 7642 3810 7642 3848 7643 3838 7643 3811 7643 3848 7644 3811 7644 3822 7644 3849 7645 3812 7645 3823 7645 3849 7646 3839 7646 3812 7646 3850 7647 3813 7647 3824 7647 3850 7648 3840 7648 3813 7648 3851 7649 2681 7649 3841 7649 3851 7650 3841 7650 3814 7650 3851 7651 3814 7651 3825 7651 3852 7652 3826 7652 1741 7652 3852 7653 3815 7653 3826 7653 3852 7654 3842 7654 3815 7654 3853 7655 3816 7655 3827 7655 3853 7656 3843 7656 3816 7656 3854 7657 3817 7657 3828 7657 3854 7658 3844 7658 3817 7658 3855 7659 3845 7659 3818 7659 3855 7660 3818 7660 3829 7660 3856 7661 3819 7661 3830 7661 3856 7662 3846 7662 3819 7662 3857 7663 3821 7663 3832 7663 3857 7664 3847 7664 3821 7664 3858 7665 3822 7665 3833 7665 3858 7666 3848 7666 3822 7666 3859 7667 3849 7667 3823 7667 3859 7668 3823 7668 3834 7668 3860 7669 3824 7669 3835 7669 3860 7670 3850 7670 3824 7670 3861 7671 3851 7671 3825 7671 3861 7672 2681 7672 3851 7672 3861 7673 3825 7673 3836 7673 3862 7674 1741 7674 1817 7674 3862 7675 1817 7675 1818 7675 3862 7676 3852 7676 1741 7676 3862 7677 1818 7677 3852 7677 3863 7678 3853 7678 3827 7678 3863 7679 3827 7679 3837 7679 3864 7680 3854 7680 3828 7680 3864 7681 3828 7681 3838 7681 3865 7682 3829 7682 3839 7682 3865 7683 3855 7683 3829 7683 3866 7684 3856 7684 3830 7684 3866 7685 3830 7685 3840 7685 3867 7686 3857 7686 3832 7686 3867 7687 3832 7687 3842 7687 3868 7688 3833 7688 3843 7688 3868 7689 3858 7689 3833 7689 3869 7690 3859 7690 3834 7690 3869 7691 3834 7691 3844 7691 3870 7692 3860 7692 3835 7692 3870 7693 3835 7693 3845 7693 3871 7694 2681 7694 3861 7694 3871 7695 3861 7695 3836 7695 3871 7696 3836 7696 3846 7696 3872 7697 3863 7697 3837 7697 3872 7698 3837 7698 3847 7698 3873 7699 3864 7699 3838 7699 3873 7700 3838 7700 3848 7700 3874 7701 3865 7701 3839 7701 3874 7702 3839 7702 3849 7702 3875 7703 3866 7703 3840 7703 3875 7704 3840 7704 3850 7704 3876 7705 3842 7705 3852 7705 3876 7706 3867 7706 3842 7706 3877 7707 3843 7707 3853 7707 3877 7708 3868 7708 3843 7708 3878 7709 3844 7709 3854 7709 3878 7710 3869 7710 3844 7710 3879 7711 3870 7711 3845 7711 3879 7712 3845 7712 3855 7712 3880 7713 3846 7713 3856 7713 3880 7714 3871 7714 3846 7714 3880 7715 2681 7715 3871 7715 3881 7716 3872 7716 3847 7716 3881 7717 3847 7717 3857 7717 3882 7718 3848 7718 3858 7718 3882 7719 3873 7719 3848 7719 3883 7720 3874 7720 3849 7720 3883 7721 3849 7721 3859 7721 3884 7722 3875 7722 3850 7722 3884 7723 3850 7723 3860 7723 3885 7724 1818 7724 1923 7724 3885 7725 1923 7725 3876 7725 3885 7726 3852 7726 1818 7726 3885 7727 3876 7727 3852 7727 3886 7728 3853 7728 3863 7728 3886 7729 3877 7729 3853 7729 3887 7730 3854 7730 3864 7730 3887 7731 3878 7731 3854 7731 3888 7732 3855 7732 3865 7732 3888 7733 3879 7733 3855 7733 3889 7734 3880 7734 3856 7734 3889 7735 3856 7735 3866 7735 3889 7736 2681 7736 3880 7736 3890 7737 3881 7737 3857 7737 3890 7738 3857 7738 3867 7738 3891 7739 3882 7739 3858 7739 3891 7740 3858 7740 3868 7740 3892 7741 3859 7741 3869 7741 3892 7742 3883 7742 3859 7742 3893 7743 3860 7743 3870 7743 3893 7744 3884 7744 3860 7744 3894 7745 3863 7745 3872 7745 3894 7746 3886 7746 3863 7746 3895 7747 3887 7747 3864 7747 3895 7748 3864 7748 3873 7748 3896 7749 3865 7749 3874 7749 3896 7750 3888 7750 3865 7750 3897 7751 2681 7751 3889 7751 3897 7752 3889 7752 3866 7752 3897 7753 3866 7753 3875 7753 3898 7754 3890 7754 3867 7754 3898 7755 3867 7755 3876 7755 3899 7756 3891 7756 3868 7756 3899 7757 3868 7757 3877 7757 3900 7758 3892 7758 3869 7758 3900 7759 3869 7759 3878 7759 3901 7760 3893 7760 3870 7760 3901 7761 3870 7761 3879 7761 3902 7762 3894 7762 3872 7762 3902 7763 3872 7763 3881 7763 3903 7764 3895 7764 3873 7764 3903 7765 3873 7765 3882 7765 3904 7766 3896 7766 3874 7766 3904 7767 3874 7767 3883 7767 3905 7768 2681 7768 3897 7768 3905 7769 3897 7769 3875 7769 3905 7770 3875 7770 3884 7770 3906 7771 3898 7771 3876 7771 3906 7772 3876 7772 1923 7772 3907 7773 3877 7773 3886 7773 3907 7774 3899 7774 3877 7774 3908 7775 3878 7775 3887 7775 3908 7776 3900 7776 3878 7776 3909 7777 3879 7777 3888 7777 3909 7778 3901 7778 3879 7778 3910 7779 3881 7779 3890 7779 3910 7780 3902 7780 3881 7780 3911 7781 3882 7781 3891 7781 3911 7782 3903 7782 3882 7782 3912 7783 3904 7783 3883 7783 3912 7784 3883 7784 3892 7784 3913 7785 2681 7785 3905 7785 3913 7786 3884 7786 3893 7786 3913 7787 3905 7787 3884 7787 3914 7788 1923 7788 1999 7788 3914 7789 3906 7789 1923 7789 3914 7790 1999 7790 3906 7790 3915 7791 3886 7791 3894 7791 3915 7792 3907 7792 3886 7792 3916 7793 3908 7793 3887 7793 3916 7794 3887 7794 3895 7794 3917 7795 3909 7795 3888 7795 3917 7796 3888 7796 3896 7796 3918 7797 3910 7797 3890 7797 3918 7798 3890 7798 3898 7798 3919 7799 3891 7799 3899 7799 3919 7800 3911 7800 3891 7800 3920 7801 3892 7801 3900 7801 3920 7802 3912 7802 3892 7802 3921 7803 3893 7803 3901 7803 3921 7804 3913 7804 3893 7804 3921 7805 2681 7805 3913 7805 3922 7806 3894 7806 3902 7806 3922 7807 3915 7807 3894 7807 3923 7808 3895 7808 3903 7808 3923 7809 3916 7809 3895 7809 3924 7810 3896 7810 3904 7810 3924 7811 3917 7811 3896 7811 3925 7812 3898 7812 3906 7812 3925 7813 3918 7813 3898 7813 3926 7814 3919 7814 3899 7814 3926 7815 3899 7815 3907 7815 3927 7816 3920 7816 3900 7816 3927 7817 3900 7817 3908 7817 3928 7818 2681 7818 3921 7818 3928 7819 3901 7819 3909 7819 3928 7820 3921 7820 3901 7820 3929 7821 3922 7821 3902 7821 3929 7822 3902 7822 3910 7822 3930 7823 3903 7823 3911 7823 3930 7824 3923 7824 3903 7824 3931 7825 3924 7825 3904 7825 3931 7826 3904 7826 3912 7826 3932 7827 2105 7827 3925 7827 3932 7828 1999 7828 2104 7828 3932 7829 2104 7829 2105 7829 3932 7830 3925 7830 3906 7830 3932 7831 3906 7831 1999 7831 3933 7832 3926 7832 3907 7832 3933 7833 3907 7833 3915 7833 3934 7834 3927 7834 3908 7834 3934 7835 3908 7835 3916 7835 3935 7836 3928 7836 3909 7836 3935 7837 2681 7837 3928 7837 3935 7838 3909 7838 3917 7838 3936 7839 3929 7839 3910 7839 3936 7840 3910 7840 3918 7840 3937 7841 3911 7841 3919 7841 3937 7842 3930 7842 3911 7842 3938 7843 3912 7843 3920 7843 3938 7844 3931 7844 3912 7844 3939 7845 3933 7845 3915 7845 3939 7846 3915 7846 3922 7846 3940 7847 3916 7847 3923 7847 3940 7848 3934 7848 3916 7848 3941 7849 2681 7849 3935 7849 3941 7850 3935 7850 3917 7850 3941 7851 3917 7851 3924 7851 3942 7852 3918 7852 3925 7852 3942 7853 3936 7853 3918 7853 3943 7854 3919 7854 3926 7854 3943 7855 3937 7855 3919 7855 3944 7856 3920 7856 3927 7856 3944 7857 3938 7857 3920 7857 3945 7858 3939 7858 3922 7858 3945 7859 3922 7859 3929 7859 3946 7860 3940 7860 3923 7860 3946 7861 3923 7861 3930 7861 3947 7862 3924 7862 3931 7862 3947 7863 2681 7863 3941 7863 3947 7864 3941 7864 3924 7864 3948 7865 3925 7865 2105 7865 3948 7866 3942 7866 3925 7866 3949 7867 3943 7867 3926 7867 3949 7868 3926 7868 3933 7868 3950 7869 3927 7869 3934 7869 3950 7870 3944 7870 3927 7870 3951 7871 3929 7871 3936 7871 3951 7872 3945 7872 3929 7872 3952 7873 3930 7873 3937 7873 3952 7874 3946 7874 3930 7874 3953 7875 3931 7875 3938 7875 3953 7876 3947 7876 3931 7876 3953 7877 2681 7877 3947 7877 3954 7878 2105 7878 2181 7878 3954 7879 3948 7879 2105 7879 3954 7880 2181 7880 3948 7880 3955 7881 3933 7881 3939 7881 3955 7882 3949 7882 3933 7882 3956 7883 3950 7883 3934 7883 3956 7884 3934 7884 3940 7884 3957 7885 3951 7885 3936 7885 3957 7886 3936 7886 3942 7886 3958 7887 3952 7887 3937 7887 3958 7888 3937 7888 3943 7888 3959 7889 2681 7889 3953 7889 3959 7890 3938 7890 3944 7890 3959 7891 3953 7891 3938 7891 3960 7892 3955 7892 3939 7892 3960 7893 3939 7893 3945 7893 3961 7894 3956 7894 3940 7894 3961 7895 3940 7895 3946 7895 3962 7896 3957 7896 3942 7896 3962 7897 3942 7897 3948 7897 3963 7898 3958 7898 3943 7898 3963 7899 3943 7899 3949 7899 3964 7900 3959 7900 3944 7900 3964 7901 3944 7901 3950 7901 3964 7902 2681 7902 3959 7902 3965 7903 3960 7903 3945 7903 3965 7904 3945 7904 3951 7904 3966 7905 3946 7905 3952 7905 3966 7906 3961 7906 3946 7906 3967 7907 2181 7907 2286 7907 3967 7908 2286 7908 2287 7908 3967 7909 3962 7909 3948 7909 3967 7910 3948 7910 2181 7910 3968 7911 3949 7911 3955 7911 3968 7912 3963 7912 3949 7912 3969 7913 2681 7913 3964 7913 3969 7914 3964 7914 3950 7914 3969 7915 3950 7915 3956 7915 3970 7916 3965 7916 3951 7916 3970 7917 3951 7917 3957 7917 3971 7918 3952 7918 3958 7918 3971 7919 3966 7919 3952 7919 3972 7920 3968 7920 3955 7920 3972 7921 3955 7921 3960 7921 3973 7922 3956 7922 3961 7922 3973 7923 2681 7923 3969 7923 3973 7924 3969 7924 3956 7924 3974 7925 3970 7925 3957 7925 3974 7926 3957 7926 3962 7926 3975 7927 3958 7927 3963 7927 3975 7928 3971 7928 3958 7928 3976 7929 3972 7929 3960 7929 3976 7930 3960 7930 3965 7930 3977 7931 3973 7931 3961 7931 3977 7932 3961 7932 3966 7932 3977 7933 2681 7933 3973 7933 3978 7934 3967 7934 2287 7934 3978 7935 3962 7935 3967 7935 3978 7936 3974 7936 3962 7936 3979 7937 3963 7937 3968 7937 3979 7938 3975 7938 3963 7938 3980 7939 3976 7939 3965 7939 3980 7940 3965 7940 3970 7940 3981 7941 2681 7941 3977 7941 3981 7942 3966 7942 3971 7942 3981 7943 3977 7943 3966 7943 3982 7944 3978 7944 2287 7944 3982 7945 2287 7945 2363 7945 3982 7946 2363 7946 3978 7946 3983 7947 3968 7947 3972 7947 3983 7948 3979 7948 3968 7948 3984 7949 3970 7949 3974 7949 3984 7950 3980 7950 3970 7950 3985 7951 3971 7951 3975 7951 3985 7952 2681 7952 3981 7952 3985 7953 3981 7953 3971 7953 3986 7954 3972 7954 3976 7954 3986 7955 3983 7955 3972 7955 3987 7956 3974 7956 3978 7956 3987 7957 3978 7957 2363 7957 3987 7958 3984 7958 3974 7958 3988 7959 2681 7959 3985 7959 3988 7960 3975 7960 3979 7960 3988 7961 3985 7961 3975 7961 3989 7962 3976 7962 3980 7962 3989 7963 3986 7963 3976 7963 3990 7964 2363 7964 2468 7964 3990 7965 2468 7965 2469 7965 3990 7966 3987 7966 2363 7966 3991 7967 3988 7967 3979 7967 3991 7968 2681 7968 3988 7968 3991 7969 3979 7969 3983 7969 3992 7970 3989 7970 3980 7970 3992 7971 3980 7971 3984 7971 3993 7972 3983 7972 3986 7972 3993 7973 2681 7973 3991 7973 3993 7974 3991 7974 3983 7974 3994 7975 3992 7975 3984 7975 3994 7976 3984 7976 3987 7976 3995 7977 3986 7977 3989 7977 3995 7978 3993 7978 3986 7978 3995 7979 2681 7979 3993 7979 3996 7980 3990 7980 2469 7980 3996 7981 3987 7981 3990 7981 3996 7982 3994 7982 3987 7982 3997 7983 2681 7983 3995 7983 3997 7984 3989 7984 3992 7984 3997 7985 3995 7985 3989 7985 3998 7986 3996 7986 2469 7986 3998 7987 2469 7987 2545 7987 3998 7988 2545 7988 3996 7988 3999 7989 3992 7989 3994 7989 3999 7990 3997 7990 3992 7990 3999 7991 2681 7991 3997 7991 4000 7992 3999 7992 3994 7992 4000 7993 2650 7993 2681 7993 4000 7994 3996 7994 2545 7994 4000 7995 3994 7995 3996 7995 4000 7996 2681 7996 3999 7996 4001 7997 2545 7997 2650 7997 4001 7998 4000 7998 2545 7998 4001 7999 2650 7999 4000 7999</p>
        </triangles>
      </mesh>
    </geometry>
  </library_geometries>
  <library_materials>
    <material id="mat_Solid117" name="Solid117">
      <instance_effect url="#effect_Solid117"/>
    </material>
  </library_materials>
  <library_visual_scenes>
    <visual_scene id="scene">
      <node id="node0" name="node0">
        <instance_geometry url="#geometry0">
          <bind_material>
            <technique_common>
              <instance_material symbol="ref_Solid117" target="#mat_Solid117"/>
            </technique_common>
          </bind_material>
        </instance_geometry>
      </node>
    </visual_scene>
  </library_visual_scenes>
  <scene>
    <instance_visual_scene url="#scene"/>
  </scene>
</COLLADA>
