<COLLADA xmlns="http://www.collada.org/2005/11/COLLADASchema" version="1.4.1">
  <asset>
    <contributor/>
    <created>2026-05-13T12:24:49.917511</created>
    <modified>2026-05-13T12:24:49.917513</modified>
    <unit name="meter" meter="1.0"/>
    <up_axis>Z_UP</up_axis>
  </asset>
  <library_effects>
    <effect id="effect_Solid036" name="effect_Solid036">
      <profile_COMMON>
        <technique sid="common">
          <phong>
            <emission>
              <color>0.0 0.0 0.0 1.0</color>
            </emission>
            <ambient>
              <color>0.0 0.0 0.0 1.0</color>
            </ambient>
            <diffuse>
              <color>0.9607843160629272 0.9607843160629272 0.9647058844566345 1.0</color>
            </diffuse>
            <specular>
              <color>1 1 1 1.0</color>
            </specular>
            <shininess>
              <float>0.0</float>
            </shininess>
            <reflective>
              <color>0.0 0.0 0.0 1.0</color>
            </reflective>
            <reflectivity>
              <float>0.0</float>
            </reflectivity>
            <transparent>
              <color>0.0 0.0 0.0 1.0</color>
            </transparent>
            <transparency>
              <float>1.0</float>
            </transparency>
          </phong>
        </technique>
        <extra>
          <technique profile="GOOGLEEARTH">
            <double_sided>0</double_sided>
          </technique>
        </extra>
      </profile_COMMON>
    </effect>
  </library_effects>
  <library_geometries>
    <geometry id="geometry0" name="20021-022_motor v5:1">
      <mesh>
        <source id="cubeverts-array0">
          <float_array count="5970" id="cubeverts-array0-array">-0.01798837 0.002214161 -0.0062 -0.02287735 0.002815938 -0.0058 -0.01798837 0.002214161 -0.003202722 -0.02287735 0.002815938 -0.0062 -0.01387735 0.01840439 -0.0062 -0.01091171 0.01447131 -0.0062 -0.01387735 0.01840439 -0.0058 -0.01091171 0.01447131 -0.003202722 -0.01068906 0.01416021 -0.0062 -0.01066996 0.01413117 -0.002982723 -0.01048216 0.01383843 -0.0062 -0.01044168 0.01376911 -0.00275777 -0.01029153 0.01350675 -0.0062 -0.01022958 0.01338765 -0.002529971 -0.01011764 0.01316599 -0.0062 -0.0100548 0.01302984 -0.002324262 -0.009960917 0.01281701 -0.0062 -0.009912237 0.01269765 -0.002139885 -0.009821752 0.01246066 -0.0062 -0.009785147 0.01235723 -0.001957394 -0.009700487 0.01209783 -0.0062 -0.009674559 0.01201005 -0.00177794 -0.009597425 0.01172942 -0.0062 -0.009580635 0.01165792 -0.001602637 -0.00951282 0.01135633 -0.0062 -0.009503427 0.01130271 -0.001432574 -0.009446882 0.0109795 -0.0062 -0.009442986 0.01094626 -0.001268841 -0.009399775 0.01059985 -0.0062 -0.009399364 0.01059045 -0.001112526 -0.009371613 0.01021833 -0.0062 -0.009372611 0.01023713 -0.0009647209 -0.009362727 0.009884659 -0.0008251578 -0.009362468 0.009835881 -0.0062 -0.009369893 0.009521449 -0.0006899969 -0.009372363 0.00945345 -0.0062 -0.00939158 0.009186543 -0.0005734216 -0.009401272 0.009071985 -0.0062 -0.009423969 0.008880473 -0.0004739791 -0.009449124 0.008692431 -0.0062 -0.009469016 0.00857161 -0.0003809296 -0.009515801 0.008315728 -0.0062 -0.009527169 0.008261516 -0.0002954361 -0.009601137 0.007942809 -0.0062 -0.009591083 0.007982666 -0.0002259131 -0.009658019 0.007732777 -0.000169979 -0.009704922 0.007574597 -0.0062 -0.009733536 0.007484705 -0.0001206194 -0.009826897 0.007212005 -0.0062 -0.009817295 0.007239276 -7.806773e-05 -0.00990896 0.006997316 -4.255734e-05 -0.009966761 0.00685593 -0.0062 -0.009990245 0.006801015 -1.874059e-05 -0.01007649 0.006608096 0 -0.01012417 0.006507255 -0.0062 -0.01022762 0.006300527 0 -0.01029873 0.006166843 -0.0062 -0.0103923 0.006 0 -0.01049001 0.005835537 -0.0062 -0.01057022 0.005707112 0 -0.01069753 0.005514159 -0.0062 -0.01076102 0.005422444 0 -0.01092079 0.005203503 -0.0062 -0.01091911 0.005205874 -2.462869e-05 -0.01108576 0.004993655 -5.73613e-05 -0.01115923 0.00490434 -0.0062 -0.01126035 0.004786592 -9.793113e-05 -0.01141225 0.00461741 -0.0062 -0.01144225 0.004585491 -0.0001460715 -0.01163083 0.004391157 -0.0002015158 -0.01167924 0.004343424 -0.0062 -0.0118255 0.004204394 -0.0002639916 -0.01195953 0.004083061 -0.0062 -0.01202563 0.004025794 -0.0003330349 -0.01225243 0.003836966 -0.0062 -0.01223032 0.003855618 -0.000407953 -0.01243861 0.003694107 -0.00048804 -0.01255721 0.003605747 -0.0062 -0.01264953 0.003541498 -0.0005725897 -0.01287311 0.003389979 -0.0062 -0.01286214 0.003398028 -0.0006608961 -0.01307548 0.003263936 -0.0007522534 -0.01319936 0.003190195 -0.0062 -0.01328858 0.00313946 -0.0008459553 -0.01353514 0.00300689 -0.0062 -0.01350094 0.0030246 -0.0009414943 -0.01371745 0.002916503 -0.00104086 -0.01387963 0.002840518 -0.0062 -0.0139393 0.002814495 -0.001144473 -0.01416597 0.00271886 -0.001251981 -0.01423197 0.002691491 -0.0062 -0.01439694 0.002629886 -0.001363034 -0.01459128 0.002560178 -0.0062 -0.01463168 0.002547856 -0.00147728 -0.01486965 0.002473057 -0.001594366 -0.01495669 0.002446905 -0.0062 -0.01511034 0.002405775 -0.001713942 -0.0153532 0.002346294 -0.001835656 -0.01532727 0.002351952 -0.0062 -0.01559772 0.002294901 -0.001959157 -0.01570213 0.002275555 -0.0062 -0.01584337 0.002251853 -0.002084084 -0.01608032 0.002217902 -0.0062 -0.01608957 0.002217127 -0.002210059 -0.01633572 0.002190536 -0.002336719 -0.01646091 0.002179136 -0.0062 -0.0165812 0.002171891 -0.002463702 -0.01684295 0.002159354 -0.0062 -0.01682542 0.002161006 -0.002590647 -0.017148 0.002158235 -0.002759221 -0.01722551 0.002158604 -0.0062 -0.01750512 0.002170648 -0.002946949 -0.01760763 0.002176888 -0.0062 -0.01774906 0.002188675 -0.003075818 -0.02272916 0.003832438 -0.0062 -0.02253584 0.004841326 -0.0062 -0.02229776 0.005840599 -0.0062 -0.02201538 0.006828272 -0.0062 -0.02168929 0.007802383 -0.0062 -0.02132012 0.008760998 -0.0062 -0.0209086 0.009702212 -0.0062 -0.02045556 0.01062416 -0.0062 -0.01996189 0.011525 -0.0062 -0.01942857 0.01240295 -0.0062 -0.01885666 0.01325627 -0.0062 -0.0182473 0.01408326 -0.0062 -0.01760171 0.01488229 -0.0062 -0.01692115 0.01565175 -0.0062 -0.01620699 0.01639012 -0.0062 -0.01546063 0.01709595 -0.0062 -0.01468357 0.01776781 -0.0062 -0.01996189 0.011525 -0.0218 -0.0193626 0.01250569 -0.0218 -0.01871517 0.01345529 -0.0218 -0.01802122 0.01437144 -0.0218 -0.01728246 0.01525186 -0.0218 -0.01650073 0.01609436 -0.0218 -0.01567798 0.01689684 -0.0218 -0.01481625 0.01765732 -0.0218 -0.01297764 0.0190495 -0.0058 -0.01391769 0.01837391 -0.0218 -0.01298453 0.0190448 -0.0218 -0.012048 0.01965065 -0.0058 -0.01201908 0.01966835 -0.0218 -0.01109057 0.02020648 -0.0058 -0.01102375 0.02024301 -0.0218 -0.01010756 0.02071569 -0.0058 -0.01000102 0.02076733 -0.0218 -0.009101223 0.02117712 -0.0058 -0.008953422 0.02124003 -0.0218 -0.008073896 0.02158969 -0.0058 -0.007883564 0.02165991 -0.0218 -0.007027944 0.02195246 -0.0058 -0.006794107 0.02202595 -0.0218 -0.005965779 0.02226459 -0.0058 -0.005687758 0.02233723 -0.0218 -0.004889853 0.02252536 -0.0058 -0.004567268 0.02259298 -0.0218 -0.003802646 0.02273417 -0.0058 -0.003435424 0.02279255 -0.0218 -0.002706667 0.02289053 -0.0058 -0.002295039 0.02293546 -0.0218 -0.001604445 0.02299409 -0.0058 -0.001148948 0.02302135 -0.0218 -0.0004985212 0.02304461 -0.0058 5.149658e-15 0.02305 -0.0218 0.0006085524 0.02304197 -0.0058 0.002815938 0.02287735 -0.0062 0.001714222 0.02298617 -0.0058 0.002815938 0.02287735 -0.0058 0.001148948 0.02302135 -0.0218 0.002295039 0.02293546 -0.0218 0.003435424 0.02279255 -0.0218 0.003892014 0.02271904 -0.0062 0.004567268 0.02259298 -0.0218 0.004959425 0.02251015 -0.0062 0.005687758 0.02233723 -0.0218 0.006015793 0.02225113 -0.0062 0.006794107 0.02202595 -0.0218 0.007058767 0.02194257 -0.0062 0.007883564 0.02165991 -0.0218 0.008086023 0.02158515 -0.0062 0.008953422 0.02124003 -0.0218 0.009095275 0.02117967 -0.0062 0.01000102 0.02076733 -0.0218 0.01008428 0.02072703 -0.0062 0.01102375 0.02024301 -0.0218 0.01105082 0.02022824 -0.0062 0.01199276 0.01968441 -0.0062 0.01201908 0.01966835 -0.0218 0.012908 0.01909675 -0.0062 0.01298453 0.0190448 -0.0218 0.0137945 0.01846658 -0.0062 0.01391769 0.01837391 -0.0218 0.01465028 0.01779528 -0.0062 0.01481625 0.01765732 -0.0218 0.01547344 0.01708436 -0.0062 0.01567798 0.01689684 -0.0218 0.01626215 0.01633539 -0.0062 0.01650073 0.01609436 -0.0218 0.01701464 0.01555006 -0.0062 0.01728246 0.01525186 -0.0218 0.01772926 0.0147301 -0.0062 0.0190495 0.01297764 -0.0058 0.01840439 0.01387735 -0.0062 0.01840439 0.01387735 -0.0058 0.01802122 0.01437144 -0.0218 0.01871517 0.01345529 -0.0218 0.0193626 0.01250569 -0.0218 0.01965065 0.012048 -0.0058 0.01996189 0.011525 -0.0218 0.02020648 0.01109057 -0.0058 0.02051155 0.01051566 -0.0218 0.02071569 0.01010756 -0.0058 0.02101021 0.009480167 -0.0218 0.02117712 0.009101223 -0.0058 0.02145664 0.00842111 -0.0218 0.02158969 0.008073896 -0.0058 0.02184973 0.007341117 -0.0218 0.02195246 0.007027944 -0.0058 0.02218849 0.006242873 -0.0218 0.02226459 0.005965779 -0.0058 0.02247209 0.005129107 -0.0218 0.02252536 0.004889853 -0.0058 0.02269982 0.004002591 -0.0218 0.02273417 0.003802646 -0.0058 0.02287111 0.002866122 -0.0218 0.02289053 0.002706667 -0.0058 0.02298555 0.001722529 -0.0218 0.02299409 0.001604445 -0.0058 0.02304284 0.0005746524 -0.0218 0.02304461 0.0004985212 -0.0058 0.02304284 -0.0005746524 -0.0218 0.02304197 -0.0006085524 -0.0058 0.02287735 -0.002815938 -0.0062 0.02298617 -0.001714222 -0.0058 0.02287735 -0.002815938 -0.0058 0.02298555 -0.001722529 -0.0218 0.02287111 -0.002866122 -0.0218 0.02271904 -0.003892014 -0.0062 0.02269982 -0.004002591 -0.0218 0.02251015 -0.004959425 -0.0062 0.02247209 -0.005129107 -0.0218 0.02225113 -0.006015793 -0.0062 0.02218849 -0.006242873 -0.0218 0.02194257 -0.007058767 -0.0062 0.02184973 -0.007341117 -0.0218 0.02158515 -0.008086023 -0.0062 0.02145664 -0.00842111 -0.0218 0.02117967 -0.009095275 -0.0062 0.02101021 -0.009480167 -0.0218 0.02072703 -0.01008428 -0.0062 0.02051155 -0.01051566 -0.0218 0.02022824 -0.01105082 -0.0062 0.01996189 -0.011525 -0.0218 0.01968441 -0.01199276 -0.0062 0.0193626 -0.01250569 -0.0218 0.01909675 -0.012908 -0.0062 0.01871517 -0.01345529 -0.0218 0.01846658 -0.0137945 -0.0062 0.01802122 -0.01437144 -0.0218 0.01779528 -0.01465028 -0.0062 0.01728246 -0.01525186 -0.0218 0.01708436 -0.01547344 -0.0062 0.01650073 -0.01609436 -0.0218 0.01633539 -0.01626215 -0.0062 0.01567798 -0.01689684 -0.0218 0.01555006 -0.01701464 -0.0062 0.01481625 -0.01765732 -0.0218 0.0147301 -0.01772926 -0.0062 0.01297764 -0.0190495 -0.0058 0.01387735 -0.01840439 -0.0062 0.01387735 -0.01840439 -0.0058 0.01391769 -0.01837391 -0.0218 0.01298453 -0.0190448 -0.0218 0.012048 -0.01965065 -0.0058 0.01201908 -0.01966835 -0.0218 0.01109057 -0.02020648 -0.0058 0.01102375 -0.02024301 -0.0218 0.01010756 -0.02071569 -0.0058 0.01000102 -0.02076733 -0.0218 0.009101223 -0.02117712 -0.0058 0.008953422 -0.02124003 -0.0218 0.008073896 -0.02158969 -0.0058 0.007883564 -0.02165991 -0.0218 0.007027944 -0.02195246 -0.0058 0.006794107 -0.02202595 -0.0218 0.005965779 -0.02226459 -0.0058 0.005687758 -0.02233723 -0.0218 0.004889853 -0.02252536 -0.0058 0.004567268 -0.02259298 -0.0218 0.003802646 -0.02273417 -0.0058 0.003435424 -0.02279255 -0.0218 0.002706667 -0.02289053 -0.0058 0.002295039 -0.02293546 -0.0218 0.001604445 -0.02299409 -0.0058 0.001148948 -0.02302135 -0.0218 0.0004985212 -0.02304461 -0.0058 -5.433876e-15 -0.02305 -0.0218 -0.0006085524 -0.02304197 -0.0058 -0.002815938 -0.02287735 -0.0062 -0.001714222 -0.02298617 -0.0058 -0.002815938 -0.02287735 -0.0058 -0.001148948 -0.02302135 -0.0218 -0.002295039 -0.02293546 -0.0218 -0.003435424 -0.02279255 -0.0218 -0.003892014 -0.02271904 -0.0062 -0.004567268 -0.02259298 -0.0218 -0.004959425 -0.02251015 -0.0062 -0.005687758 -0.02233723 -0.0218 -0.006015793 -0.02225113 -0.0062 -0.006794107 -0.02202595 -0.0218 -0.007058767 -0.02194257 -0.0062 -0.007883564 -0.02165991 -0.0218 -0.008086023 -0.02158515 -0.0062 -0.008953422 -0.02124003 -0.0218 -0.009095275 -0.02117967 -0.0062 -0.01000102 -0.02076733 -0.0218 -0.01008428 -0.02072703 -0.0062 -0.01102375 -0.02024301 -0.0218 -0.01105082 -0.02022824 -0.0062 -0.01201908 -0.01966835 -0.0218 -0.01199276 -0.01968441 -0.0062 -0.012908 -0.01909675 -0.0062 -0.01298453 -0.0190448 -0.0218 -0.0137945 -0.01846658 -0.0062 -0.01391769 -0.01837391 -0.0218 -0.01465028 -0.01779528 -0.0062 -0.01481625 -0.01765732 -0.0218 -0.01547344 -0.01708436 -0.0062 -0.01567798 -0.01689684 -0.0218 -0.01626215 -0.01633539 -0.0062 -0.01650073 -0.01609436 -0.0218 -0.01701464 -0.01555006 -0.0062 -0.01728246 -0.01525186 -0.0218 -0.01772926 -0.0147301 -0.0062 -0.0190495 -0.01297764 -0.0058 -0.01840439 -0.01387735 -0.0062 -0.01840439 -0.01387735 -0.0058 -0.01802122 -0.01437144 -0.0218 -0.01871517 -0.01345529 -0.0218 -0.0193626 -0.01250569 -0.0218 -0.01965065 -0.012048 -0.0058 -0.01996189 -0.011525 -0.0218 -0.02020648 -0.01109057 -0.0058 -0.02051155 -0.01051566 -0.0218 -0.02071569 -0.01010756 -0.0058 -0.02101021 -0.009480167 -0.0218 -0.02117712 -0.009101223 -0.0058 -0.02145664 -0.00842111 -0.0218 -0.02158969 -0.008073896 -0.0058 -0.02184973 -0.007341117 -0.0218 -0.02195246 -0.007027944 -0.0058 -0.02218849 -0.006242873 -0.0218 -0.02226459 -0.005965779 -0.0058 -0.02247209 -0.005129107 -0.0218 -0.02252536 -0.004889853 -0.0058 -0.02269982 -0.004002591 -0.0218 -0.02273417 -0.003802646 -0.0058 -0.02287111 -0.002866122 -0.0218 -0.02289053 -0.002706667 -0.0058 -0.02298555 -0.001722529 -0.0218 -0.02299409 -0.001604445 -0.0058 -0.02304284 -0.0005746524 -0.0218 -0.02304461 -0.0004985212 -0.0058 -0.02304284 0.0005746524 -0.0218 -0.02304197 0.0006085524 -0.0058 -0.02298617 0.001714222 -0.0058 -0.02298555 0.001722529 -0.0218 -0.02287111 0.002866122 -0.0218 -0.02269982 0.004002591 -0.0218 -0.02247209 0.005129107 -0.0218 -0.02218849 0.006242873 -0.0218 -0.02184973 0.007341117 -0.0218 -0.02145664 0.00842111 -0.0218 -0.02101021 0.009480167 -0.0218 -0.02051155 0.01051566 -0.0218 -0.009743769 0.007089532 0 -0.00938807 0.007554246 0 -0.009010228 0.008001143 0 -0.008611135 0.008429167 0 -0.00819173 0.008837311 0 -0.007753005 0.009224609 0 -0.007295992 0.009590151 0 0.0030246 0.01350094 -0.0009414943 0.002101994 0.01186525 0 0.00313946 0.01328858 -0.0008459553 0.003263936 0.01307548 -0.0007522534 0.002675591 0.0117492 0 0.002916503 0.01371745 -0.00104086 0.001523439 0.01195331 0 0.003398028 0.01286214 -0.0006608961 0.002814495 0.0139393 -0.001144473 0.00271886 0.01416597 -0.001251981 0.003541498 0.01264953 -0.0005725897 0.003242878 0.01160544 0 0.003694107 0.01243861 -0.00048804 0.003855618 0.01223032 -0.000407953 0.003802515 0.01143431 0 0.004025794 0.01202563 -0.0003330349 0.004204394 0.0118255 -0.0002639916 0.004391157 0.01163083 -0.0002015158 0.004353184 0.0112362 0 0.004585491 0.01144225 -0.0001460715 0.004786592 0.01126035 -9.793113e-05 0.004893586 0.0110116 0 0.004993655 0.01108576 -5.73613e-05 0.005205874 0.01091911 -2.462869e-05 0.005422444 0.01076102 0 -0.008378607 0.01219996 -0.00145 -0.006821771 0.009933073 0 -0.00633146 0.01025257 0 -0.007155849 0.01295507 -0.00145 -0.005826215 0.01054788 0 -0.005307229 0.01081831 0 -0.009935443 0.01446684 -0.0029 -0.00586562 0.01358803 -0.00145 -0.004775724 0.01106323 0 -0.004232955 0.01128205 0 -0.008485484 0.01536226 -0.0029 -0.004520083 0.01409286 -0.00145 -0.003680202 0.01147426 0 -0.003118769 0.01163941 0 -0.01149228 0.01673372 -0.00435 -0.006955515 0.01611283 -0.0029 -0.003131926 0.01446482 -0.00145 -0.00254998 0.0117771 0 -0.001975177 0.01188702 0 -0.009815118 0.01776945 -0.00435 -0.005359963 0.01671147 -0.0029 -0.001714238 0.01470039 -0.00145 -0.001395714 0.0119689 0 -0.0008129599 0.01202254 0 -0.008045411 0.01863763 -0.00435 -0.003713872 0.01715254 -0.0029 -0.000280387 0.01479734 -0.00145 -0.000228288 0.01204784 0 0.0003569223 0.01204471 0 -0.006199843 0.01933008 -0.00435 -0.002032762 0.01743188 -0.0029 0.001156108 0.01475478 -0.00145 0.0009412907 0.01201318 0 0.002629886 0.01439694 -0.001363034 0.002547856 0.01463168 -0.00147728 0.002473057 0.01486965 -0.001594366 0.002405775 0.01511034 -0.001713942 0.002346294 0.0153532 -0.001835656 0.002294901 0.01559772 -0.001959157 0.002251853 0.01584337 -0.002084084 0.002217127 0.01608957 -0.002210059 0.002190536 0.01633572 -0.002336719 -0.004295817 0.01984026 -0.00435 -0.0003324859 0.01754685 -0.0029 -0.002351286 0.02016337 -0.00435 0.001370926 0.01749637 -0.0029 0.002171891 0.0165812 -0.002463702 0.002161006 0.01682542 -0.002590647 0.002158235 0.017148 -0.002759221 0.002170648 0.01750512 -0.002946949 0.002188675 0.01774906 -0.003075818 0.002214161 0.01798837 -0.003202722 -0.0003845848 0.02029636 -0.00435 0.01447131 0.01091171 -0.0062 0.01416021 0.01068906 -0.0062 0.01447131 0.01091171 -0.003202722 0.01413117 0.01066996 -0.002982723 0.01383843 0.01048216 -0.0062 0.01376911 0.01044168 -0.00275777 0.01350675 0.01029153 -0.0062 0.01338765 0.01022958 -0.002529971 0.01316599 0.01011764 -0.0062 0.01302984 0.0100548 -0.002324262 0.01281701 0.009960917 -0.0062 0.01269765 0.009912237 -0.002139885 0.01246066 0.009821752 -0.0062 0.01235723 0.009785147 -0.001957394 0.01209783 0.009700487 -0.0062 0.01201005 0.009674559 -0.00177794 0.01172942 0.009597425 -0.0062 0.01165792 0.009580635 -0.001602637 0.01135633 0.00951282 -0.0062 0.01130271 0.009503427 -0.001432574 0.0109795 0.009446882 -0.0062 0.01094626 0.009442986 -0.001268841 0.01059985 0.009399775 -0.0062 0.01059045 0.009399364 -0.001112526 0.01021833 0.009371613 -0.0062 0.01023713 0.009372611 -0.0009647209 0.009884659 0.009362727 -0.0008251578 0.009835881 0.009362468 -0.0062 0.009521449 0.009369893 -0.0006899969 0.00945345 0.009372363 -0.0062 0.009186543 0.00939158 -0.0005734216 0.009071985 0.009401272 -0.0062 0.008880473 0.009423969 -0.0004739791 0.008692431 0.009449124 -0.0062 0.00857161 0.009469016 -0.0003809296 0.008315728 0.009515801 -0.0062 0.008261516 0.009527169 -0.0002954361 0.007942809 0.009601137 -0.0062 0.007982666 0.009591083 -0.0002259131 0.007732777 0.009658019 -0.000169979 0.007574597 0.009704922 -0.0062 0.007484705 0.009733536 -0.0001206194 0.007212005 0.009826897 -0.0062 0.007239276 0.009817295 -7.806773e-05 0.006997316 0.00990896 -4.255734e-05 0.00685593 0.009966761 -0.0062 0.006801015 0.009990245 -1.874059e-05 0.006608096 0.01007649 0 0.006507255 0.01012417 -0.0062 0.006300527 0.01022762 0 0.006166843 0.01029873 -0.0062 0.006 0.0103923 0 0.005835537 0.01049001 -0.0062 0.005707112 0.01057022 0 0.005514159 0.01069753 -0.0062 0.005203503 0.01092079 -0.0062 0.00490434 0.01115923 -0.0062 0.00461741 0.01141225 -0.0062 0.004343424 0.01167924 -0.0062 0.004083061 0.01195953 -0.0062 0.003836966 0.01225243 -0.0062 0.003605747 0.01255721 -0.0062 0.003389979 0.01287311 -0.0062 0.003190195 0.01319936 -0.0062 0.00300689 0.01353514 -0.0062 0.002840518 0.01387963 -0.0062 0.002691491 0.01423197 -0.0062 0.002560178 0.01459128 -0.0062 0.002446905 0.01495669 -0.0062 0.002351952 0.01532727 -0.0062 0.002275555 0.01570213 -0.0062 0.002217902 0.01608032 -0.0062 0.002179136 0.01646091 -0.0062 0.002159354 0.01684295 -0.0062 0.002158604 0.01722551 -0.0062 0.002176888 0.01760763 -0.0062 0.002214161 0.01798837 -0.0062 0.007089532 0.009743769 0 0.007554246 0.00938807 0 0.008001143 0.009010228 0 0.008429167 0.008611135 0 0.008837311 0.00819173 0 0.009224609 0.007753005 0 0.009590151 0.007295992 0 0.01350094 -0.0030246 -0.0009414943 0.01186525 -0.002101994 0 0.01328858 -0.00313946 -0.0008459553 0.01307548 -0.003263936 -0.0007522534 0.0117492 -0.002675591 0 0.01371745 -0.002916503 -0.00104086 0.01195331 -0.001523439 0 0.01286214 -0.003398028 -0.0006608961 0.0139393 -0.002814495 -0.001144473 0.01416597 -0.00271886 -0.001251981 0.01264953 -0.003541498 -0.0005725897 0.01160544 -0.003242878 0 0.01243861 -0.003694107 -0.00048804 0.01223032 -0.003855618 -0.000407953 0.01143431 -0.003802515 0 0.01202563 -0.004025794 -0.0003330349 0.0118255 -0.004204394 -0.0002639916 0.01163083 -0.004391157 -0.0002015158 0.0112362 -0.004353184 0 0.01144225 -0.004585491 -0.0001460715 0.01126035 -0.004786592 -9.793113e-05 0.0110116 -0.004893586 0 0.01108576 -0.004993655 -5.73613e-05 0.01091911 -0.005205874 -2.462869e-05 0.01076102 -0.005422444 0 0.01219996 0.008378607 -0.00145 0.009933073 0.006821771 0 0.01025257 0.00633146 0 0.01295507 0.007155849 -0.00145 0.01054788 0.005826215 0 0.01081831 0.005307229 0 0.01446684 0.009935443 -0.0029 0.01358803 0.00586562 -0.00145 0.01106323 0.004775724 0 0.01128205 0.004232955 0 0.01536226 0.008485484 -0.0029 0.01409286 0.004520083 -0.00145 0.01147426 0.003680202 0 0.01163941 0.003118769 0 0.01673372 0.01149228 -0.00435 0.01611283 0.006955515 -0.0029 0.01446482 0.003131926 -0.00145 0.0117771 0.00254998 0 0.01188702 0.001975177 0 0.01776945 0.009815118 -0.00435 0.01671147 0.005359963 -0.0029 0.01470039 0.001714238 -0.00145 0.0119689 0.001395714 0 0.01202254 0.0008129599 0 0.01863763 0.008045411 -0.00435 0.01715254 0.003713872 -0.0029 0.01479734 0.000280387 -0.00145 0.01204784 0.000228288 0 0.01204471 -0.0003569223 0 0.01933008 0.006199843 -0.00435 0.01743188 0.002032762 -0.0029 0.01475478 -0.001156108 -0.00145 0.01201318 -0.0009412907 0 0.01439694 -0.002629886 -0.001363034 0.01463168 -0.002547856 -0.00147728 0.01486965 -0.002473057 -0.001594366 0.01511034 -0.002405775 -0.001713942 0.0153532 -0.002346294 -0.001835656 0.01559772 -0.002294901 -0.001959157 0.01584337 -0.002251853 -0.002084084 0.01608957 -0.002217127 -0.002210059 0.01633572 -0.002190536 -0.002336719 0.01984026 0.004295817 -0.00435 0.01754685 0.0003324859 -0.0029 0.02016337 0.002351286 -0.00435 0.01749637 -0.001370926 -0.0029 0.0165812 -0.002171891 -0.002463702 0.01682542 -0.002161006 -0.002590647 0.017148 -0.002158235 -0.002759221 0.01750512 -0.002170648 -0.002946949 0.01774906 -0.002188675 -0.003075818 0.01798837 -0.002214161 -0.003202722 0.02029636 0.0003845848 -0.00435 -0.007089532 -0.009743769 0 -0.006997316 -0.00990896 -4.255734e-05 -0.006801015 -0.009990245 -1.874059e-05 -0.006608096 -0.01007649 0 -0.007239276 -0.009817295 -7.806773e-05 -0.007484705 -0.009733536 -0.0001206194 -0.007554246 -0.00938807 0 -0.007732777 -0.009658019 -0.000169979 -0.007982666 -0.009591083 -0.0002259131 -0.008001143 -0.009010228 0 -0.008261516 -0.009527169 -0.0002954361 -0.00857161 -0.009469016 -0.0003809296 -0.008429167 -0.008611135 0 -0.008880473 -0.009423969 -0.0004739791 -0.009186543 -0.00939158 -0.0005734216 -0.008837311 -0.00819173 0 -0.009521449 -0.009369893 -0.0006899969 -0.009884659 -0.009362727 -0.0008251578 -0.009224609 -0.007753005 0 -0.01023713 -0.009372611 -0.0009647209 -0.009590151 -0.007295992 0 -0.01059045 -0.009399364 -0.001112526 -0.01094626 -0.009442986 -0.001268841 -0.01186525 0.002101994 0 -0.0117492 0.002675591 0 -0.01195331 0.001523439 0 -0.01160544 0.003242878 0 -0.01143431 0.003802515 0 -0.0112362 0.004353184 0 -0.0110116 0.004893586 0 -0.01219996 -0.008378607 -0.00145 -0.01302984 -0.0100548 -0.002324262 -0.01269765 -0.009912237 -0.002139885 -0.01235723 -0.009785147 -0.001957394 -0.01201005 -0.009674559 -0.00177794 -0.01165792 -0.009580635 -0.001602637 -0.01130271 -0.009503427 -0.001432574 -0.009933073 -0.006821771 0 -0.01025257 -0.00633146 0 -0.01295507 -0.007155849 -0.00145 -0.01054788 -0.005826215 0 -0.01081831 -0.005307229 0 -0.01446684 -0.009935443 -0.0029 -0.01447131 -0.01091171 -0.003202722 -0.01413117 -0.01066996 -0.002982723 -0.01376911 -0.01044168 -0.00275777 -0.01338765 -0.01022958 -0.002529971 -0.01358803 -0.00586562 -0.00145 -0.01106323 -0.004775724 0 -0.01128205 -0.004232955 0 -0.01536226 -0.008485484 -0.0029 -0.01409286 -0.004520083 -0.00145 -0.01147426 -0.003680202 0 -0.01163941 -0.003118769 0 -0.01673372 -0.01149228 -0.00435 -0.01611283 -0.006955515 -0.0029 -0.01446482 -0.003131926 -0.00145 -0.0117771 -0.00254998 0 -0.01188702 -0.001975177 0 -0.01776945 -0.009815118 -0.00435 -0.01671147 -0.005359963 -0.0029 -0.01470039 -0.001714238 -0.00145 -0.0119689 -0.001395714 0 -0.01202254 -0.0008129599 0 -0.01863763 -0.008045411 -0.00435 -0.01715254 -0.003713872 -0.0029 -0.01479734 -0.000280387 -0.00145 -0.01204784 -0.000228288 0 -0.01204471 0.0003569223 0 -0.01933008 -0.006199843 -0.00435 -0.01743188 -0.002032762 -0.0029 -0.01475478 0.001156108 -0.00145 -0.01201318 0.0009412907 0 -0.01984026 -0.004295817 -0.00435 -0.01754685 -0.0003324859 -0.0029 -0.02016337 -0.002351286 -0.00435 -0.01749637 0.001370926 -0.0029 -0.02029636 -0.0003845848 -0.00435 0.01798837 -0.002214161 -0.0062 0.01091171 -0.01447131 -0.0062 0.01091171 -0.01447131 -0.003202722 0.01068906 -0.01416021 -0.0062 0.01066996 -0.01413117 -0.002982723 0.01048216 -0.01383843 -0.0062 0.01044168 -0.01376911 -0.00275777 0.01029153 -0.01350675 -0.0062 0.01022958 -0.01338765 -0.002529971 0.01011764 -0.01316599 -0.0062 0.0100548 -0.01302984 -0.002324262 0.009960917 -0.01281701 -0.0062 0.009912237 -0.01269765 -0.002139885 0.009821752 -0.01246066 -0.0062 0.009785147 -0.01235723 -0.001957394 0.009700487 -0.01209783 -0.0062 0.009674559 -0.01201005 -0.00177794 0.009597425 -0.01172942 -0.0062 0.009580635 -0.01165792 -0.001602637 0.00951282 -0.01135633 -0.0062 0.009503427 -0.01130271 -0.001432574 0.009446882 -0.0109795 -0.0062 0.009442986 -0.01094626 -0.001268841 0.009399775 -0.01059985 -0.0062 0.009399364 -0.01059045 -0.001112526 0.009371613 -0.01021833 -0.0062 0.009372611 -0.01023713 -0.0009647209 0.009362727 -0.009884659 -0.0008251578 0.009362468 -0.009835881 -0.0062 0.009369893 -0.009521449 -0.0006899969 0.009372363 -0.00945345 -0.0062 0.00939158 -0.009186543 -0.0005734216 0.009401272 -0.009071985 -0.0062 0.009423969 -0.008880473 -0.0004739791 0.009449124 -0.008692431 -0.0062 0.009469016 -0.00857161 -0.0003809296 0.009515801 -0.008315728 -0.0062 0.009527169 -0.008261516 -0.0002954361 0.009601137 -0.007942809 -0.0062 0.009591083 -0.007982666 -0.0002259131 0.009658019 -0.007732777 -0.000169979 0.009704922 -0.007574597 -0.0062 0.009733536 -0.007484705 -0.0001206194 0.009826897 -0.007212005 -0.0062 0.009817295 -0.007239276 -7.806773e-05 0.00990896 -0.006997316 -4.255734e-05 0.009966761 -0.00685593 -0.0062 0.009990245 -0.006801015 -1.874059e-05 0.01007649 -0.006608096 0 0.01012417 -0.006507255 -0.0062 0.01022762 -0.006300527 0 0.01029873 -0.006166843 -0.0062 0.0103923 -0.006 0 0.01049001 -0.005835537 -0.0062 0.01057022 -0.005707112 0 0.01069753 -0.005514159 -0.0062 0.01092079 -0.005203503 -0.0062 0.01115923 -0.00490434 -0.0062 0.01141225 -0.00461741 -0.0062 0.01167924 -0.004343424 -0.0062 0.01195953 -0.004083061 -0.0062 0.01225243 -0.003836966 -0.0062 0.01255721 -0.003605747 -0.0062 0.01287311 -0.003389979 -0.0062 0.01319936 -0.003190195 -0.0062 0.01353514 -0.00300689 -0.0062 0.01387963 -0.002840518 -0.0062 0.01423197 -0.002691491 -0.0062 0.01459128 -0.002560178 -0.0062 0.01495669 -0.002446905 -0.0062 0.01532727 -0.002351952 -0.0062 0.01570213 -0.002275555 -0.0062 0.01608032 -0.002217902 -0.0062 0.01646091 -0.002179136 -0.0062 0.01684295 -0.002159354 -0.0062 0.01722551 -0.002158604 -0.0062 0.01760763 -0.002176888 -0.0062 0.009743769 -0.007089532 0 0.00938807 -0.007554246 0 0.009010228 -0.008001143 0 0.008611135 -0.008429167 0 0.00819173 -0.008837311 0 0.007753005 -0.009224609 0 0.007295992 -0.009590151 0 -0.0030246 -0.01350094 -0.0009414943 -0.002101994 -0.01186525 0 -0.00313946 -0.01328858 -0.0008459553 -0.003263936 -0.01307548 -0.0007522534 -0.002675591 -0.0117492 0 -0.002916503 -0.01371745 -0.00104086 -0.001523439 -0.01195331 0 -0.003398028 -0.01286214 -0.0006608961 -0.002814495 -0.0139393 -0.001144473 -0.00271886 -0.01416597 -0.001251981 -0.003541498 -0.01264953 -0.0005725897 -0.003242878 -0.01160544 0 -0.003694107 -0.01243861 -0.00048804 -0.003855618 -0.01223032 -0.000407953 -0.003802515 -0.01143431 0 -0.004025794 -0.01202563 -0.0003330349 -0.004204394 -0.0118255 -0.0002639916 -0.004391157 -0.01163083 -0.0002015158 -0.004353184 -0.0112362 0 -0.004585491 -0.01144225 -0.0001460715 -0.004786592 -0.01126035 -9.793113e-05 -0.004893586 -0.0110116 0 -0.004993655 -0.01108576 -5.73613e-05 -0.005205874 -0.01091911 -2.462869e-05 -0.005422444 -0.01076102 0 0.008378607 -0.01219996 -0.00145 0.006821771 -0.009933073 0 0.00633146 -0.01025257 0 0.007155849 -0.01295507 -0.00145 0.005826215 -0.01054788 0 0.005307229 -0.01081831 0 0.009935443 -0.01446684 -0.0029 0.00586562 -0.01358803 -0.00145 0.004775724 -0.01106323 0 0.004232955 -0.01128205 0 0.008485484 -0.01536226 -0.0029 0.004520083 -0.01409286 -0.00145 0.003680202 -0.01147426 0 0.003118769 -0.01163941 0 0.01149228 -0.01673372 -0.00435 0.006955515 -0.01611283 -0.0029 0.003131926 -0.01446482 -0.00145 0.00254998 -0.0117771 0 0.001975177 -0.01188702 0 0.009815118 -0.01776945 -0.00435 0.005359963 -0.01671147 -0.0029 0.001714238 -0.01470039 -0.00145 0.001395714 -0.0119689 0 0.0008129599 -0.01202254 0 0.008045411 -0.01863763 -0.00435 0.003713872 -0.01715254 -0.0029 0.000280387 -0.01479734 -0.00145 0.000228288 -0.01204784 0 -0.0003569223 -0.01204471 0 0.006199843 -0.01933008 -0.00435 0.002032762 -0.01743188 -0.0029 -0.001156108 -0.01475478 -0.00145 -0.0009412907 -0.01201318 0 -0.002629886 -0.01439694 -0.001363034 -0.002547856 -0.01463168 -0.00147728 -0.002473057 -0.01486965 -0.001594366 -0.002405775 -0.01511034 -0.001713942 -0.002346294 -0.0153532 -0.001835656 -0.002294901 -0.01559772 -0.001959157 -0.002251853 -0.01584337 -0.002084084 -0.002217127 -0.01608957 -0.002210059 -0.002190536 -0.01633572 -0.002336719 0.004295817 -0.01984026 -0.00435 0.0003324859 -0.01754685 -0.0029 0.002351286 -0.02016337 -0.00435 -0.001370926 -0.01749637 -0.0029 -0.002171891 -0.0165812 -0.002463702 -0.002161006 -0.01682542 -0.002590647 -0.002158235 -0.017148 -0.002759221 -0.002170648 -0.01750512 -0.002946949 -0.002188675 -0.01774906 -0.003075818 -0.002214161 -0.01798837 -0.003202722 0.0003845848 -0.02029636 -0.00435 -0.01447131 -0.01091171 -0.0062 -0.01416021 -0.01068906 -0.0062 -0.01383843 -0.01048216 -0.0062 -0.01350675 -0.01029153 -0.0062 -0.01316599 -0.01011764 -0.0062 -0.01281701 -0.009960917 -0.0062 -0.01246066 -0.009821752 -0.0062 -0.01209783 -0.009700487 -0.0062 -0.01172942 -0.009597425 -0.0062 -0.01135633 -0.00951282 -0.0062 -0.0109795 -0.009446882 -0.0062 -0.01059985 -0.009399775 -0.0062 -0.01021833 -0.009371613 -0.0062 -0.009835881 -0.009362468 -0.0062 -0.00945345 -0.009372363 -0.0062 -0.009071985 -0.009401272 -0.0062 -0.008692431 -0.009449124 -0.0062 -0.008315728 -0.009515801 -0.0062 -0.007942809 -0.009601137 -0.0062 -0.007574597 -0.009704922 -0.0062 -0.007212005 -0.009826897 -0.0062 -0.00685593 -0.009966761 -0.0062 -0.006507255 -0.01012417 -0.0062 -0.006300527 -0.01022762 0 -0.006166843 -0.01029873 -0.0062 -0.006 -0.0103923 0 -0.005835537 -0.01049001 -0.0062 -0.005707112 -0.01057022 0 -0.005514159 -0.01069753 -0.0062 -0.005203503 -0.01092079 -0.0062 -0.00490434 -0.01115923 -0.0062 -0.00461741 -0.01141225 -0.0062 -0.004343424 -0.01167924 -0.0062 -0.004083061 -0.01195953 -0.0062 -0.003836966 -0.01225243 -0.0062 -0.003605747 -0.01255721 -0.0062 -0.003389979 -0.01287311 -0.0062 -0.003190195 -0.01319936 -0.0062 -0.00300689 -0.01353514 -0.0062 -0.002840518 -0.01387963 -0.0062 -0.002691491 -0.01423197 -0.0062 -0.002560178 -0.01459128 -0.0062 -0.002446905 -0.01495669 -0.0062 -0.002351952 -0.01532727 -0.0062 -0.002275555 -0.01570213 -0.0062 -0.002217902 -0.01608032 -0.0062 -0.002179136 -0.01646091 -0.0062 -0.002159354 -0.01684295 -0.0062 -0.002158604 -0.01722551 -0.0062 -0.002176888 -0.01760763 -0.0062 -0.002214161 -0.01798837 -0.0062 0.004437314 0.002114653 -0.005 0.004490295 0.002198624 -0.005 0.004437314 0.002114653 0 0.004490295 0.002198624 0 0.004549702 0.002278178 -0.005 0.004549702 0.002278178 0 0.004615167 0.002352827 -0.005 0.004615167 0.002352827 0 0.004686287 0.00242211 -0.005 0.004686287 0.00242211 0 0.004762624 0.002485598 -0.005 0.004762624 0.002485598 0 0.004843707 0.002542902 0 0.004843707 0.002542902 -0.005 0.004929036 0.002593667 -0.005 0.004929036 0.002593667 0 0.005018085 0.002637581 0 0.005018085 0.002637581 -0.005 0.005110304 0.002674373 -0.005 0.005110304 0.002674373 0 0.005205126 0.002703816 0 0.005205126 0.002703816 -0.005 0.005301966 0.002725729 -0.005 0.005301966 0.002725729 0 0.005400227 0.002739976 -0.005 0.005400227 0.002739976 0 0.005499302 0.002746469 0 0.005499302 0.002746469 -0.005 0.005598582 0.00274517 -0.005 0.005598582 0.00274517 0 0.005697453 0.002736085 0 0.005697453 0.002736085 -0.005 0.005795307 0.00271927 -0.005 0.005795307 0.00271927 0 0.00589154 0.00269483 -0.005 0.00589154 0.00269483 0 0.005985559 0.002662915 0 0.005985559 0.002662915 -0.005 0.006076784 0.002623722 -0.005 0.006076784 0.002623722 0 0.006164653 0.002577492 0 0.006164653 0.002577492 -0.005 0.006248623 0.00252451 -0.005 0.006248623 0.00252451 0 0.006328178 0.002465104 -0.005 0.006328178 0.002465104 0 0.006402827 0.002399639 -0.005 0.006402827 0.002399639 0 0.006472109 0.002328519 0 0.006472109 0.002328519 -0.005 0.006535598 0.002252182 0 0.006535598 0.002252182 -0.005 0.006592902 0.002171099 -0.005 0.006592902 0.002171099 0 0.006643667 0.00208577 -0.005 0.006643667 0.00208577 0 0.006687581 0.001996721 0 0.006687581 0.001996721 -0.005 0.006724373 0.001904502 -0.005 0.006724373 0.001904502 0 0.006753816 0.00180968 -0.005 0.006753816 0.00180968 0 0.006775729 0.00171284 0 0.006775729 0.00171284 -0.005 0.006789976 0.001614579 -0.005 0.006789976 0.001614579 0 0.00679647 0.001515504 0 0.00679647 0.001515504 -0.005 0.00679517 0.001416224 0 0.00679517 0.001416224 -0.005 0.006786085 0.001317353 -0.005 0.006786085 0.001317353 0 0.00676927 0.001219499 0 0.00676927 0.001219499 -0.005 0.006744831 0.001123266 -0.005 0.006744831 0.001123266 0 0.006712915 0.001029247 0 0.006712915 0.001029247 -0.005 0.006673722 0.0009380216 0 0.006673722 0.0009380216 -0.005 0.006627492 0.0008501529 -0.005 0.006627492 0.0008501529 0 0.006574511 0.0007661822 -0.005 0.006574511 0.0007661822 0 0.006515104 0.0006866273 0 0.006515104 0.0006866273 -0.005 0.006449639 0.0006119785 -0.005 0.006449639 0.0006119785 0 0.006378519 0.0005426962 -0.005 0.006378519 0.0005426962 0 0.006302182 0.0004792076 -0.005 0.006302182 0.0004792076 0 0.006221099 0.0004219039 0 0.006221099 0.0004219039 -0.005 0.00613577 0.0003711386 -0.005 0.00613577 0.0003711386 0 0.006046721 0.0003272246 -0.005 0.006046721 0.0003272246 0 0.005954502 0.0002904327 -0.005 0.005954502 0.0002904327 0 0.00585968 0.0002609897 -0.005 0.00585968 0.0002609897 0 0.00576284 0.0002390771 -0.005 0.00576284 0.0002390771 0 0.005664579 0.0002248299 0 0.005664579 0.0002248299 -0.005 0.005565504 0.0002183362 0 0.005565504 0.0002183362 -0.005 0.005466224 0.0002196358 -0.005 0.005466224 0.0002196358 0 0.005367352 0.0002287209 0 0.005367352 0.0002287209 -0.005 0.005269498 0.0002455352 -0.005 0.005269498 0.0002455352 0 0.005173265 0.0002699753 -0.005 0.005173265 0.0002699753 0 0.005079247 0.0003018904 -0.005 0.005079247 0.0003018904 0 0.004988021 0.0003410838 -0.005 0.004988021 0.0003410838 0 0.004900153 0.0003873138 -0.005 0.004900153 0.0003873138 0 0.004816182 0.0004402953 -0.005 0.004816182 0.0004402953 0 0.004736627 0.0004997018 -0.005 0.004736627 0.0004997018 0 0.004661979 0.000565167 0 0.004661979 0.000565167 -0.005 0.004592696 0.0006362872 -0.005 0.004592696 0.0006362872 0 0.004529208 0.0007126241 -0.005 0.004529208 0.0007126241 0 0.004471904 0.0007937068 0 0.004471904 0.0007937068 -0.005 0.004421139 0.0008790357 -0.005 0.004421139 0.0008790357 0 0.004377224 0.0009680844 -0.005 0.004377224 0.0009680844 0 0.004340433 0.001060304 -0.005 0.004340433 0.001060304 0 0.00431099 0.001155126 0 0.00431099 0.001155126 -0.005 0.004289077 0.001251966 -0.005 0.004289077 0.001251966 0 0.00427483 0.001350227 0 0.00427483 0.001350227 -0.005 0.004268336 0.001449302 0 0.004268336 0.001449302 -0.005 0.004269636 0.001548582 0 0.004269636 0.001548582 -0.005 0.004278721 0.001647453 -0.005 0.004278721 0.001647453 0 0.004295535 0.001745307 -0.005 0.004295535 0.001745307 0 0.004319975 0.00184154 -0.005 0.004319975 0.00184154 0 0.004351891 0.001935559 0 0.004351891 0.001935559 -0.005 0.004391084 0.002026784 -0.005 0.004391084 0.002026784 0 -0.006627492 -0.0008501529 -0.005 -0.006574511 -0.0007661822 -0.005 -0.006627492 -0.0008501529 0 -0.006574511 -0.0007661822 0 -0.006515104 -0.0006866273 -0.005 -0.006515104 -0.0006866273 0 -0.006449639 -0.0006119785 -0.005 -0.006449639 -0.0006119785 0 -0.006378519 -0.0005426962 -0.005 -0.006378519 -0.0005426962 0 -0.006302182 -0.0004792076 -0.005 -0.006302182 -0.0004792076 0 -0.006221099 -0.0004219039 0 -0.006221099 -0.0004219039 -0.005 -0.00613577 -0.0003711386 -0.005 -0.00613577 -0.0003711386 0 -0.006046721 -0.0003272246 0 -0.006046721 -0.0003272246 -0.005 -0.005954502 -0.0002904327 -0.005 -0.005954502 -0.0002904327 0 -0.00585968 -0.0002609897 0 -0.00585968 -0.0002609897 -0.005 -0.00576284 -0.0002390771 -0.005 -0.00576284 -0.0002390771 0 -0.005664579 -0.0002248299 -0.005 -0.005664579 -0.0002248299 0 -0.005565504 -0.0002183362 0 -0.005565504 -0.0002183362 -0.005 -0.005466224 -0.0002196358 -0.005 -0.005466224 -0.0002196358 0 -0.005367352 -0.0002287209 0 -0.005367352 -0.0002287209 -0.005 -0.005269498 -0.0002455352 -0.005 -0.005269498 -0.0002455352 0 -0.005173265 -0.0002699753 -0.005 -0.005173265 -0.0002699753 0 -0.005079247 -0.0003018904 0 -0.005079247 -0.0003018904 -0.005 -0.004988021 -0.0003410838 -0.005 -0.004988021 -0.0003410838 0 -0.004900153 -0.0003873138 0 -0.004900153 -0.0003873138 -0.005 -0.004816182 -0.0004402953 -0.005 -0.004816182 -0.0004402953 0 -0.004736627 -0.0004997018 -0.005 -0.004736627 -0.0004997018 0 -0.004661979 -0.000565167 -0.005 -0.004661979 -0.000565167 0 -0.004592696 -0.0006362872 0 -0.004592696 -0.0006362872 -0.005 -0.004529208 -0.0007126241 0 -0.004529208 -0.0007126241 -0.005 -0.004471904 -0.0007937068 -0.005 -0.004471904 -0.0007937068 0 -0.004421139 -0.0008790357 -0.005 -0.004421139 -0.0008790357 0 -0.004377224 -0.0009680844 0 -0.004377224 -0.0009680844 -0.005 -0.004340433 -0.001060304 -0.005 -0.004340433 -0.001060304 0 -0.00431099 -0.001155126 -0.005 -0.00431099 -0.001155126 0 -0.004289077 -0.001251966 0 -0.004289077 -0.001251966 -0.005 -0.00427483 -0.001350227 -0.005 -0.00427483 -0.001350227 0 -0.004268336 -0.001449302 0 -0.004268336 -0.001449302 -0.005 -0.004269636 -0.001548582 0 -0.004269636 -0.001548582 -0.005 -0.004278721 -0.001647453 -0.005 -0.004278721 -0.001647453 0 -0.004295535 -0.001745307 0 -0.004295535 -0.001745307 -0.005 -0.004319975 -0.00184154 -0.005 -0.004319975 -0.00184154 0 -0.004351891 -0.001935559 0 -0.004351891 -0.001935559 -0.005 -0.004391084 -0.002026784 0 -0.004391084 -0.002026784 -0.005 -0.004437314 -0.002114653 -0.005 -0.004437314 -0.002114653 0 -0.004490295 -0.002198624 -0.005 -0.004490295 -0.002198624 0 -0.004549702 -0.002278178 0 -0.004549702 -0.002278178 -0.005 -0.004615167 -0.002352827 -0.005 -0.004615167 -0.002352827 0 -0.004686287 -0.00242211 -0.005 -0.004686287 -0.00242211 0 -0.004762624 -0.002485598 -0.005 -0.004762624 -0.002485598 0 -0.004843707 -0.002542902 0 -0.004843707 -0.002542902 -0.005 -0.004929036 -0.002593667 -0.005 -0.004929036 -0.002593667 0 -0.005018085 -0.002637581 -0.005 -0.005018085 -0.002637581 0 -0.005110304 -0.002674373 -0.005 -0.005110304 -0.002674373 0 -0.005205126 -0.002703816 -0.005 -0.005205126 -0.002703816 0 -0.005301966 -0.002725729 -0.005 -0.005301966 -0.002725729 0 -0.005400227 -0.002739976 0 -0.005400227 -0.002739976 -0.005 -0.005499302 -0.002746469 0 -0.005499302 -0.002746469 -0.005 -0.005598582 -0.00274517 -0.005 -0.005598582 -0.00274517 0 -0.005697453 -0.002736085 0 -0.005697453 -0.002736085 -0.005 -0.005795307 -0.00271927 -0.005 -0.005795307 -0.00271927 0 -0.00589154 -0.00269483 -0.005 -0.00589154 -0.00269483 0 -0.005985559 -0.002662915 -0.005 -0.005985559 -0.002662915 0 -0.006076784 -0.002623722 -0.005 -0.006076784 -0.002623722 0 -0.006164653 -0.002577492 -0.005 -0.006164653 -0.002577492 0 -0.006248623 -0.00252451 -0.005 -0.006248623 -0.00252451 0 -0.006328178 -0.002465104 -0.005 -0.006328178 -0.002465104 0 -0.006402827 -0.002399639 0 -0.006402827 -0.002399639 -0.005 -0.006472109 -0.002328519 -0.005 -0.006472109 -0.002328519 0 -0.006535598 -0.002252182 -0.005 -0.006535598 -0.002252182 0 -0.006592902 -0.002171099 0 -0.006592902 -0.002171099 -0.005 -0.006643667 -0.00208577 -0.005 -0.006643667 -0.00208577 0 -0.006687581 -0.001996721 -0.005 -0.006687581 -0.001996721 0 -0.006724373 -0.001904502 -0.005 -0.006724373 -0.001904502 0 -0.006753816 -0.00180968 0 -0.006753816 -0.00180968 -0.005 -0.006775729 -0.00171284 -0.005 -0.006775729 -0.00171284 0 -0.006789976 -0.001614579 0 -0.006789976 -0.001614579 -0.005 -0.00679647 -0.001515504 0 -0.00679647 -0.001515504 -0.005 -0.00679517 -0.001416224 0 -0.00679517 -0.001416224 -0.005 -0.006786085 -0.001317353 -0.005 -0.006786085 -0.001317353 0 -0.00676927 -0.001219499 -0.005 -0.00676927 -0.001219499 0 -0.006744831 -0.001123266 -0.005 -0.006744831 -0.001123266 0 -0.006712915 -0.001029247 0 -0.006712915 -0.001029247 -0.005 -0.006673722 -0.0009380216 -0.005 -0.006673722 -0.0009380216 0 -0.002577492 0.006164653 -0.005 -0.00252451 0.006248623 -0.005 -0.002577492 0.006164653 0 -0.00252451 0.006248623 0 -0.002465104 0.006328178 -0.005 -0.002465104 0.006328178 0 -0.002399639 0.006402827 -0.005 -0.002399639 0.006402827 0 -0.002328519 0.006472109 -0.005 -0.002328519 0.006472109 0 -0.002252182 0.006535598 -0.005 -0.002252182 0.006535598 0 -0.002171099 0.006592902 0 -0.002171099 0.006592902 -0.005 -0.00208577 0.006643667 -0.005 -0.00208577 0.006643667 0 -0.001996721 0.006687581 0 -0.001996721 0.006687581 -0.005 -0.001904502 0.006724373 -0.005 -0.001904502 0.006724373 0 -0.00180968 0.006753816 0 -0.00180968 0.006753816 -0.005 -0.00171284 0.006775729 -0.005 -0.00171284 0.006775729 0 -0.001614579 0.006789976 -0.005 -0.001614579 0.006789976 0 -0.001515504 0.00679647 0 -0.001515504 0.00679647 -0.005 -0.001416224 0.00679517 -0.005 -0.001416224 0.00679517 0 -0.001317353 0.006786085 0 -0.001317353 0.006786085 -0.005 -0.001219499 0.00676927 -0.005 -0.001219499 0.00676927 0 -0.001123266 0.006744831 -0.005 -0.001123266 0.006744831 0 -0.001029247 0.006712915 0 -0.001029247 0.006712915 -0.005 -0.0009380216 0.006673722 -0.005 -0.0009380216 0.006673722 0 -0.0008501529 0.006627492 0 -0.0008501529 0.006627492 -0.005 -0.0007661822 0.006574511 -0.005 -0.0007661822 0.006574511 0 -0.0006866273 0.006515104 -0.005 -0.0006866273 0.006515104 0 -0.0006119785 0.006449639 -0.005 -0.0006119785 0.006449639 0 -0.0005426962 0.006378519 0 -0.0005426962 0.006378519 -0.005 -0.0004792076 0.006302182 0 -0.0004792076 0.006302182 -0.005 -0.0004219039 0.006221099 -0.005 -0.0004219039 0.006221099 0 -0.0003711386 0.00613577 -0.005 -0.0003711386 0.00613577 0 -0.0003272246 0.006046721 0 -0.0003272246 0.006046721 -0.005 -0.0002904327 0.005954502 -0.005 -0.0002904327 0.005954502 0 -0.0002609897 0.00585968 -0.005 -0.0002609897 0.00585968 0 -0.0002390771 0.00576284 0 -0.0002390771 0.00576284 -0.005 -0.0002248299 0.005664579 -0.005 -0.0002248299 0.005664579 0 -0.0002183362 0.005565504 0 -0.0002183362 0.005565504 -0.005 -0.0002196358 0.005466224 0 -0.0002196358 0.005466224 -0.005 -0.0002287209 0.005367352 -0.005 -0.0002287209 0.005367352 0 -0.0002455352 0.005269498 0 -0.0002455352 0.005269498 -0.005 -0.0002699753 0.005173265 -0.005 -0.0002699753 0.005173265 0 -0.0003018904 0.005079247 0 -0.0003018904 0.005079247 -0.005 -0.0003410838 0.004988021 0 -0.0003410838 0.004988021 -0.005 -0.0003873138 0.004900153 -0.005 -0.0003873138 0.004900153 0 -0.0004402953 0.004816182 -0.005 -0.0004402953 0.004816182 0 -0.0004997018 0.004736627 0 -0.0004997018 0.004736627 -0.005 -0.000565167 0.004661979 -0.005 -0.000565167 0.004661979 0 -0.0006362872 0.004592696 -0.005 -0.0006362872 0.004592696 0 -0.0007126241 0.004529208 -0.005 -0.0007126241 0.004529208 0 -0.0007937068 0.004471904 0 -0.0007937068 0.004471904 -0.005 -0.0008790357 0.004421139 -0.005 -0.0008790357 0.004421139 0 -0.0009680844 0.004377224 -0.005 -0.0009680844 0.004377224 0 -0.001060304 0.004340433 -0.005 -0.001060304 0.004340433 0 -0.001155126 0.00431099 -0.005 -0.001155126 0.00431099 0 -0.001251966 0.004289077 -0.005 -0.001251966 0.004289077 0 -0.001350227 0.00427483 0 -0.001350227 0.00427483 -0.005 -0.001449302 0.004268336 0 -0.001449302 0.004268336 -0.005 -0.001548582 0.004269636 -0.005 -0.001548582 0.004269636 0 -0.001647453 0.004278721 0 -0.001647453 0.004278721 -0.005 -0.001745307 0.004295535 -0.005 -0.001745307 0.004295535 0 -0.00184154 0.004319975 -0.005 -0.00184154 0.004319975 0 -0.001935559 0.004351891 -0.005 -0.001935559 0.004351891 0 -0.002026784 0.004391084 -0.005 -0.002026784 0.004391084 0 -0.002114653 0.004437314 -0.005 -0.002114653 0.004437314 0 -0.002198624 0.004490295 -0.005 -0.002198624 0.004490295 0 -0.002278178 0.004549702 -0.005 -0.002278178 0.004549702 0 -0.002352827 0.004615167 0 -0.002352827 0.004615167 -0.005 -0.00242211 0.004686287 -0.005 -0.00242211 0.004686287 0 -0.002485598 0.004762624 -0.005 -0.002485598 0.004762624 0 -0.002542902 0.004843707 0 -0.002542902 0.004843707 -0.005 -0.002593667 0.004929036 -0.005 -0.002593667 0.004929036 0 -0.002637581 0.005018085 -0.005 -0.002637581 0.005018085 0 -0.002674373 0.005110304 -0.005 -0.002674373 0.005110304 0 -0.002703816 0.005205126 0 -0.002703816 0.005205126 -0.005 -0.002725729 0.005301966 -0.005 -0.002725729 0.005301966 0 -0.002739976 0.005400227 0 -0.002739976 0.005400227 -0.005 -0.002746469 0.005499302 0 -0.002746469 0.005499302 -0.005 -0.00274517 0.005598582 0 -0.00274517 0.005598582 -0.005 -0.002736085 0.005697453 -0.005 -0.002736085 0.005697453 0 -0.00271927 0.005795307 -0.005 -0.00271927 0.005795307 0 -0.00269483 0.00589154 -0.005 -0.00269483 0.00589154 0 -0.002662915 0.005985559 0 -0.002662915 0.005985559 -0.005 -0.002623722 0.006076784 -0.005 -0.002623722 0.006076784 0 0.0003873138 -0.004900153 -0.005 0.0004402953 -0.004816182 -0.005 0.0003873138 -0.004900153 0 0.0004402953 -0.004816182 0 0.0004997018 -0.004736627 -0.005 0.0004997018 -0.004736627 0 0.000565167 -0.004661979 -0.005 0.000565167 -0.004661979 0 0.0006362872 -0.004592696 -0.005 0.0006362872 -0.004592696 0 0.0007126241 -0.004529208 -0.005 0.0007126241 -0.004529208 0 0.0007937068 -0.004471904 0 0.0007937068 -0.004471904 -0.005 0.0008790357 -0.004421139 -0.005 0.0008790357 -0.004421139 0 0.0009680844 -0.004377224 0 0.0009680844 -0.004377224 -0.005 0.001060304 -0.004340433 -0.005 0.001060304 -0.004340433 0 0.001155126 -0.00431099 0 0.001155126 -0.00431099 -0.005 0.001251966 -0.004289077 -0.005 0.001251966 -0.004289077 0 0.001350227 -0.00427483 -0.005 0.001350227 -0.00427483 0 0.001449302 -0.004268336 0 0.001449302 -0.004268336 -0.005 0.001548582 -0.004269636 -0.005 0.001548582 -0.004269636 0 0.001647453 -0.004278721 0 0.001647453 -0.004278721 -0.005 0.001745307 -0.004295535 -0.005 0.001745307 -0.004295535 0 0.00184154 -0.004319975 -0.005 0.00184154 -0.004319975 0 0.001935559 -0.004351891 0 0.001935559 -0.004351891 -0.005 0.002026784 -0.004391084 -0.005 0.002026784 -0.004391084 0 0.002114653 -0.004437314 0 0.002114653 -0.004437314 -0.005 0.002198624 -0.004490295 -0.005 0.002198624 -0.004490295 0 0.002278178 -0.004549702 -0.005 0.002278178 -0.004549702 0 0.002352827 -0.004615167 -0.005 0.002352827 -0.004615167 0 0.00242211 -0.004686287 0 0.00242211 -0.004686287 -0.005 0.002485598 -0.004762624 0 0.002485598 -0.004762624 -0.005 0.002542902 -0.004843707 -0.005 0.002542902 -0.004843707 0 0.002593667 -0.004929036 -0.005 0.002593667 -0.004929036 0 0.002637581 -0.005018085 0 0.002637581 -0.005018085 -0.005 0.002674373 -0.005110304 -0.005 0.002674373 -0.005110304 0 0.002703816 -0.005205126 -0.005 0.002703816 -0.005205126 0 0.002725729 -0.005301966 0 0.002725729 -0.005301966 -0.005 0.002739976 -0.005400227 -0.005 0.002739976 -0.005400227 0 0.002746469 -0.005499302 0 0.002746469 -0.005499302 -0.005 0.00274517 -0.005598582 0 0.00274517 -0.005598582 -0.005 0.002736085 -0.005697453 -0.005 0.002736085 -0.005697453 0 0.00271927 -0.005795307 0 0.00271927 -0.005795307 -0.005 0.00269483 -0.00589154 -0.005 0.00269483 -0.00589154 0 0.002662915 -0.005985559 0 0.002662915 -0.005985559 -0.005 0.002623722 -0.006076784 0 0.002623722 -0.006076784 -0.005 0.002577492 -0.006164653 -0.005 0.002577492 -0.006164653 0 0.00252451 -0.006248623 -0.005 0.00252451 -0.006248623 0 0.002465104 -0.006328178 0 0.002465104 -0.006328178 -0.005 0.002399639 -0.006402827 -0.005 0.002399639 -0.006402827 0 0.002328519 -0.006472109 -0.005 0.002328519 -0.006472109 0 0.002252182 -0.006535598 -0.005 0.002252182 -0.006535598 0 0.002171099 -0.006592902 0 0.002171099 -0.006592902 -0.005 0.00208577 -0.006643667 -0.005 0.00208577 -0.006643667 0 0.001996721 -0.006687581 -0.005 0.001996721 -0.006687581 0 0.001904502 -0.006724373 -0.005 0.001904502 -0.006724373 0 0.00180968 -0.006753816 -0.005 0.00180968 -0.006753816 0 0.00171284 -0.006775729 -0.005 0.00171284 -0.006775729 0 0.001614579 -0.006789976 0 0.001614579 -0.006789976 -0.005 0.001515504 -0.00679647 0 0.001515504 -0.00679647 -0.005 0.001416224 -0.00679517 -0.005 0.001416224 -0.00679517 0 0.001317353 -0.006786085 0 0.001317353 -0.006786085 -0.005 0.001219499 -0.00676927 -0.005 0.001219499 -0.00676927 0 0.001123266 -0.006744831 -0.005 0.001123266 -0.006744831 0 0.001029247 -0.006712915 -0.005 0.001029247 -0.006712915 0 0.0009380216 -0.006673722 -0.005 0.0009380216 -0.006673722 0 0.0008501529 -0.006627492 -0.005 0.0008501529 -0.006627492 0 0.0007661822 -0.006574511 -0.005 0.0007661822 -0.006574511 0 0.0006866273 -0.006515104 -0.005 0.0006866273 -0.006515104 0 0.0006119785 -0.006449639 0 0.0006119785 -0.006449639 -0.005 0.0005426962 -0.006378519 -0.005 0.0005426962 -0.006378519 0 0.0004792076 -0.006302182 -0.005 0.0004792076 -0.006302182 0 0.0004219039 -0.006221099 0 0.0004219039 -0.006221099 -0.005 0.0003711386 -0.00613577 -0.005 0.0003711386 -0.00613577 0 0.0003272246 -0.006046721 -0.005 0.0003272246 -0.006046721 0 0.0002904327 -0.005954502 -0.005 0.0002904327 -0.005954502 0 0.0002609897 -0.00585968 0 0.0002609897 -0.00585968 -0.005 0.0002390771 -0.00576284 -0.005 0.0002390771 -0.00576284 0 0.0002248299 -0.005664579 0 0.0002248299 -0.005664579 -0.005 0.0002183362 -0.005565504 0 0.0002183362 -0.005565504 -0.005 0.0002196358 -0.005466224 0 0.0002196358 -0.005466224 -0.005 0.0002287209 -0.005367352 -0.005 0.0002287209 -0.005367352 0 0.0002455352 -0.005269498 -0.005 0.0002455352 -0.005269498 0 0.0002699753 -0.005173265 -0.005 0.0002699753 -0.005173265 0 0.0003018904 -0.005079247 0 0.0003018904 -0.005079247 -0.005 0.0003410838 -0.004988021 -0.005 0.0003410838 -0.004988021 0 -0.01909586 0.011025 -0.0228 -0.01822984 0.010525 -0.0238 -0.0187318 0.009603234 -0.0238 -0.01768255 0.0114206 -0.0238 -0.0200987 0.009068881 -0.0228 -0.0191872 0.008657594 -0.0238 -0.01959489 0.007690429 -0.0238 -0.0209018 0.007022631 -0.0228 -0.01995387 0.006704144 -0.0238 -0.02026324 0.005701192 -0.0238 -0.02149716 0.004906587 -0.0228 -0.02052223 0.004684066 -0.0238 -0.0207302 0.003655294 -0.0238 -0.02187887 0.002741779 -0.0228 -0.02088663 0.002617435 -0.0238 -0.02099114 0.001573068 -0.0238 -0.02204315 0.0005497218 -0.0228 -0.02104346 0.0005247911 -0.0238 -0.02104346 -0.0005247911 -0.0238 -0.02198834 -0.001647799 -0.0228 -0.02099114 -0.001573068 -0.0238 -0.02088663 -0.002617435 -0.0238 -0.02171501 -0.003828942 -0.0228 -0.0207302 -0.003655294 -0.0238 -0.02052223 -0.004684066 -0.0238 -0.02122586 -0.005972033 -0.0228 -0.02026324 -0.005701192 -0.0238 -0.01995387 -0.006704144 -0.0238 -0.02052577 -0.00805577 -0.0228 -0.01959489 -0.007690429 -0.0238 -0.0191872 -0.008657594 -0.0238 -0.01962167 -0.01005945 -0.0228 -0.0187318 -0.009603234 -0.0238 -0.01822984 -0.010525 -0.0238 -0.01852257 -0.01196315 -0.0228 -0.01768255 -0.0114206 -0.0238 -0.0170913 -0.0122878 -0.0238 -0.01723938 -0.01374795 -0.0228 -0.01645755 -0.01312446 -0.0238 -0.01578289 -0.01392849 -0.0238 -0.01578486 -0.01539612 -0.0228 -0.015069 -0.01469788 -0.0238 -0.01431764 -0.01543074 -0.0238 -0.01417347 -0.01689128 -0.0228 -0.01353068 -0.01612523 -0.0238 -0.01271008 -0.01677964 -0.0238 -0.01242121 -0.01821856 -0.0228 -0.01185789 -0.01739233 -0.0238 -0.01097621 -0.01796177 -0.0238 -0.0105455 -0.01936479 -0.0228 -0.01006725 -0.01848656 -0.0238 -0.009133253 -0.01896539 -0.0238 -0.008564987 -0.02031855 -0.0228 -0.008176553 -0.01939707 -0.0238 -0.007199524 -0.01978053 -0.0238 -0.006499352 -0.02107038 -0.0228 -0.006204597 -0.02011481 -0.0238 -0.005194243 -0.02039908 -0.0238 -0.004369123 -0.0216128 -0.0228 -0.004170976 -0.02063263 -0.0238 -0.00313734 -0.02081489 -0.0238 -0.002195471 -0.02194043 -0.0228 -0.002095903 -0.0209454 -0.0238 -0.001049256 -0.02102383 -0.0238 -4.861889e-15 -0.02205 -0.0228 -4.449774e-15 -0.02105 -0.0238 0.001049256 -0.02102383 -0.0238 0.002195471 -0.02194043 -0.0228 0.002095903 -0.0209454 -0.0238 0.00313734 -0.02081489 -0.0238 0.004369123 -0.0216128 -0.0228 0.004170976 -0.02063263 -0.0238 0.005194243 -0.02039908 -0.0238 0.006499352 -0.02107038 -0.0228 0.006204597 -0.02011481 -0.0238 0.007199524 -0.01978053 -0.0238 0.008564987 -0.02031855 -0.0228 0.008176553 -0.01939707 -0.0238 0.009133253 -0.01896539 -0.0238 0.0105455 -0.01936479 -0.0228 0.01006725 -0.01848656 -0.0238 0.01097621 -0.01796177 -0.0238 0.01242121 -0.01821856 -0.0228 0.01185789 -0.01739233 -0.0238 0.01271008 -0.01677964 -0.0238 0.01417347 -0.01689128 -0.0228 0.01353068 -0.01612523 -0.0238 0.01431764 -0.01543074 -0.0238 0.01578486 -0.01539612 -0.0228 0.015069 -0.01469788 -0.0238 0.01578289 -0.01392849 -0.0238 0.01723938 -0.01374795 -0.0228 0.01645755 -0.01312446 -0.0238 0.0170913 -0.0122878 -0.0238 0.01852257 -0.01196315 -0.0228 0.01768255 -0.0114206 -0.0238 0.01822984 -0.010525 -0.0238 0.01962167 -0.01005945 -0.0228 0.0187318 -0.009603234 -0.0238 0.0191872 -0.008657594 -0.0238 0.02052577 -0.00805577 -0.0228 0.01959489 -0.007690429 -0.0238 0.01995387 -0.006704144 -0.0238 0.02122586 -0.005972033 -0.0228 0.02026324 -0.005701192 -0.0238 0.02052223 -0.004684066 -0.0238 0.02171501 -0.003828942 -0.0228 0.0207302 -0.003655294 -0.0238 0.02088663 -0.002617435 -0.0238 0.02198834 -0.001647799 -0.0228 0.02099114 -0.001573068 -0.0238 0.02104346 -0.0005247911 -0.0238 0.02204315 0.0005497218 -0.0228 0.02104346 0.0005247911 -0.0238 0.02099114 0.001573068 -0.0238 0.02187887 0.002741779 -0.0228 0.02088663 0.002617435 -0.0238 0.0207302 0.003655294 -0.0238 0.02149716 0.004906587 -0.0228 0.02052223 0.004684066 -0.0238 0.02026324 0.005701192 -0.0238 0.0209018 0.007022631 -0.0228 0.01995387 0.006704144 -0.0238 0.01959489 0.007690429 -0.0238 0.0200987 0.009068881 -0.0228 0.0191872 0.008657594 -0.0238 0.0187318 0.009603234 -0.0238 0.01909586 0.011025 -0.0228 0.01822984 0.010525 -0.0238 0.01768255 0.0114206 -0.0238 0.01790323 0.01287155 -0.0228 0.0170913 0.0122878 -0.0238 0.01645755 0.01312446 -0.0238 0.01653267 0.01459017 -0.0228 0.01578289 0.01392849 -0.0238 0.015069 0.01469788 -0.0238 0.01499781 0.01616379 -0.0228 0.01431764 0.01543074 -0.0238 0.01353068 0.01612523 -0.0238 0.01331389 0.01757677 -0.0228 0.01271008 0.01677964 -0.0238 0.01185789 0.01739233 -0.0238 0.01149765 0.01881506 -0.0228 0.01097621 0.01796177 -0.0238 0.01006725 0.01848656 -0.0238 0.009567137 0.01986636 -0.0228 0.009133253 0.01896539 -0.0238 0.008176553 0.01939707 -0.0238 0.007541544 0.02072022 -0.0228 0.007199524 0.01978053 -0.0238 0.006204597 0.02011481 -0.0238 0.005441 0.02136815 -0.0228 0.005194243 0.02039908 -0.0238 0.004170976 0.02063263 -0.0238 0.003286382 0.02180372 -0.0228 0.00313734 0.02081489 -0.0238 0.002095903 0.0209454 -0.0238 0.001099102 0.02202259 -0.0228 0.001049256 0.02102383 -0.0238 4.192202e-15 0.02105 -0.0238 -0.001099102 0.02202259 -0.0228 -0.001049256 0.02102383 -0.0238 -0.002095903 0.0209454 -0.0238 -0.003286382 0.02180372 -0.0228 -0.00313734 0.02081489 -0.0238 -0.004170976 0.02063263 -0.0238 -0.005441 0.02136815 -0.0228 -0.005194243 0.02039908 -0.0238 -0.006204597 0.02011481 -0.0238 -0.007541544 0.02072022 -0.0228 -0.007199524 0.01978053 -0.0238 -0.008176553 0.01939707 -0.0238 -0.009567137 0.01986636 -0.0228 -0.009133253 0.01896539 -0.0238 -0.01006725 0.01848656 -0.0238 -0.01149765 0.01881506 -0.0228 -0.01097621 0.01796177 -0.0238 -0.01185789 0.01739233 -0.0238 -0.01331389 0.01757677 -0.0228 -0.01271008 0.01677964 -0.0238 -0.01353068 0.01612523 -0.0238 -0.01499781 0.01616379 -0.0228 -0.01431764 0.01543074 -0.0238 -0.015069 0.01469788 -0.0238 -0.01653267 0.01459017 -0.0228 -0.01578289 0.01392849 -0.0238 -0.01645755 0.01312446 -0.0238 -0.01790323 0.01287155 -0.0228 -0.0170913 0.0122878 -0.0238 -0.00168875 0.000975 0.0066 -0.00168875 0.000975 0 -0.001736331 0.0008874996 0 -0.001736331 0.0008874996 0.0066 -0.001779382 0.0007976838 0 -0.001779382 0.0007976838 0.0066 -0.001817791 0.000705787 0 -0.001817791 0.000705787 0.0066 -0.001851458 0.0006120489 0 -0.001851458 0.0006120489 0.0066 -0.001880294 0.0005167139 0 -0.001880294 0.0005167139 0.0066 -0.001904225 0.000420031 0 -0.001904225 0.000420031 0.0066 -0.001923188 0.0003222522 0 -0.001923188 0.0003222522 0.0066 -0.001937134 0.0002236327 0 -0.001937134 0.0002236327 0.0066 -0.001946026 0.0001244297 0 -0.001946026 0.0001244297 0.0066 -0.001949841 2.490219e-05 0 -0.001949841 2.490219e-05 0.0066 -0.001948569 -7.469033e-05 0 -0.001948569 -7.469033e-05 0.0066 -0.001942214 -0.000174088 0 -0.001942214 -0.000174088 0.0066 -0.001930791 -0.0002730315 0 -0.001930791 -0.0002730315 0.0066 -0.001914331 -0.0003712627 0 -0.001914331 -0.0003712627 0.0066 -0.001892877 -0.0004685253 0 -0.001892877 -0.0004685253 0.0066 -0.001866485 -0.0005645655 0 -0.001866485 -0.0005645655 0.0066 -0.001835223 -0.0006591329 0 -0.001835223 -0.0006591329 0.0066 -0.001799173 -0.0007519807 0 -0.001799173 -0.0007519807 0.0066 -0.00175843 -0.0008428667 0 -0.00175843 -0.0008428667 0.0066 -0.001713099 -0.0009315537 0 -0.001713099 -0.0009315537 0.0066 -0.001663299 -0.00101781 0 -0.001663299 -0.00101781 0.0066 -0.001609159 -0.001101412 0 -0.001609159 -0.001101412 0.0066 -0.001550821 -0.00118214 0 -0.001550821 -0.00118214 0.0066 -0.001488437 -0.001259783 0 -0.001488437 -0.001259783 0.0066 -0.001422171 -0.001334141 0 -0.001422171 -0.001334141 0.0066 -0.001352193 -0.001405017 0 -0.001352193 -0.001405017 0.0066 -0.001278689 -0.001472228 0 -0.001278689 -0.001472228 0.0066 -0.001201848 -0.001535598 0 -0.001201848 -0.001535598 0.0066 -0.001121871 -0.001594962 0 -0.001121871 -0.001594962 0.0066 -0.001038968 -0.001650165 0 -0.001038968 -0.001650165 0.0066 -0.0009533545 -0.001701063 0 -0.0009533545 -0.001701063 0.0066 -0.0008652537 -0.001747523 0 -0.0008652537 -0.001747523 0.0066 -0.0007748954 -0.001789424 0 -0.0007748954 -0.001789424 0.0066 -0.0006825156 -0.001826656 0 -0.0006825156 -0.001826656 0.0066 -0.0005883552 -0.001859123 0 -0.0005883552 -0.001859123 0.0066 -0.0004926598 -0.00188674 0 -0.0004926598 -0.00188674 0.0066 -0.0003956791 -0.001909434 0 -0.0003956791 -0.001909434 0.0066 -0.0002976661 -0.001927147 0 -0.0002976661 -0.001927147 0.0066 -0.0001988766 -0.001939832 0 -0.0001988766 -0.001939832 0.0066 -9.956816e-05 -0.001947456 0 -9.956816e-05 -0.001947456 0.0066 -4.457545e-16 -0.00195 0 -4.191092e-16 -0.00195 0.0066 9.956816e-05 -0.001947456 0.0066 9.956816e-05 -0.001947456 0 0.0001988766 -0.001939832 0 0.0001988766 -0.001939832 0.0066 0.0002976661 -0.001927147 0 0.0002976661 -0.001927147 0.0066 0.0003956791 -0.001909434 0 0.0003956791 -0.001909434 0.0066 0.0004926598 -0.00188674 0 0.0004926598 -0.00188674 0.0066 0.0005883552 -0.001859123 0 0.0005883552 -0.001859123 0.0066 0.0006825156 -0.001826656 0.0066 0.0006825156 -0.001826656 0 0.0007748954 -0.001789424 0 0.0007748954 -0.001789424 0.0066 0.0008652537 -0.001747523 0 0.0008652537 -0.001747523 0.0066 0.0009533545 -0.001701063 0 0.0009533545 -0.001701063 0.0066 0.001038968 -0.001650165 0.0066 0.001038968 -0.001650165 0 0.001121871 -0.001594962 0 0.001121871 -0.001594962 0.0066 0.001201848 -0.001535598 0 0.001201848 -0.001535598 0.0066 0.001278689 -0.001472228 0 0.001278689 -0.001472228 0.0066 0.001352193 -0.001405017 0 0.001352193 -0.001405017 0.0066 0.001422171 -0.001334141 0 0.001422171 -0.001334141 0.0066 0.001488437 -0.001259783 0 0.001488437 -0.001259783 0.0066 0.001550821 -0.00118214 0 0.001550821 -0.00118214 0.0066 0.001609159 -0.001101412 0 0.001609159 -0.001101412 0.0066 0.001663299 -0.00101781 0.0066 0.001663299 -0.00101781 0 0.001713099 -0.0009315537 0 0.001713099 -0.0009315537 0.0066 0.00175843 -0.0008428667 0 0.00175843 -0.0008428667 0.0066 0.001799173 -0.0007519807 0 0.001799173 -0.0007519807 0.0066 0.001835223 -0.0006591329 0 0.001835223 -0.0006591329 0.0066 0.001866485 -0.0005645655 0 0.001866485 -0.0005645655 0.0066 0.001892877 -0.0004685253 0 0.001892877 -0.0004685253 0.0066 0.001914331 -0.0003712627 0.0066 0.001914331 -0.0003712627 0 0.001930791 -0.0002730315 0 0.001930791 -0.0002730315 0.0066 0.001942214 -0.000174088 0 0.001942214 -0.000174088 0.0066 0.001948569 -7.469033e-05 0 0.001948569 -7.469033e-05 0.0066 0.001949841 2.490219e-05 0 0.001949841 2.490219e-05 0.0066 0.001946026 0.0001244297 0 0.001946026 0.0001244297 0.0066 0.001937134 0.0002236327 0 0.001937134 0.0002236327 0.0066 0.001923188 0.0003222522 0 0.001923188 0.0003222522 0.0066 0.001904225 0.000420031 0 0.001904225 0.000420031 0.0066 0.001880294 0.0005167139 0.0066 0.001880294 0.0005167139 0 0.001851458 0.0006120489 0 0.001851458 0.0006120489 0.0066 0.001817791 0.000705787 0 0.001817791 0.000705787 0.0066 0.001779382 0.0007976838 0.0066 0.001779382 0.0007976838 0 0.001736331 0.0008874996 0 0.001736331 0.0008874996 0.0066 0.00168875 0.000975 0 0.00168875 0.000975 0.0066 0.001636763 0.001059957 0 0.001636763 0.001059957 0.0066 0.001580505 0.001142148 0.0066 0.001580505 0.001142148 0 0.001520125 0.00122136 0 0.001520125 0.00122136 0.0066 0.001455779 0.001297385 0.0066 0.001455779 0.001297385 0 0.001387635 0.001370026 0 0.001387635 0.001370026 0.0066 0.00131587 0.001439092 0.0066 0.00131587 0.001439092 0 0.001240673 0.001504404 0 0.001240673 0.001504404 0.0066 0.001162239 0.001565791 0.0066 0.001162239 0.001565791 0 0.001080772 0.001623093 0.0066 0.001080772 0.001623093 0 0.0009964864 0.001676161 0.0066 0.0009964864 0.001676161 0 0.0009096008 0.001724855 0.0066 0.0009096008 0.001724855 0 0.0008203421 0.00176905 0.0066 0.0008203421 0.00176905 0 0.0007289433 0.00180863 0 0.0007289433 0.00180863 0.0066 0.0006356427 0.001843491 0.0066 0.0006356427 0.001843491 0 0.0005406838 0.001873542 0 0.0005406838 0.001873542 0.0066 0.0004443143 0.001898706 0.0066 0.0004443143 0.001898706 0 0.0003467857 0.001918916 0.0066 0.0003467857 0.001918916 0 0.0002483523 0.00193412 0.0066 0.0002483523 0.00193412 0 0.000149271 0.001944278 0.0066 0.000149271 0.001944278 0 4.980032e-05 0.001949364 0 4.980032e-05 0.001949364 0.0066 -4.980032e-05 0.001949364 0 -4.980032e-05 0.001949364 0.0066 -0.000149271 0.001944278 0 -0.000149271 0.001944278 0.0066 -0.0002483523 0.00193412 0.0066 -0.0002483523 0.00193412 0 -0.0003467857 0.001918916 0.0066 -0.0003467857 0.001918916 0 -0.0004443143 0.001898706 0 -0.0004443143 0.001898706 0.0066 -0.0005406838 0.001873542 0.0066 -0.0005406838 0.001873542 0 -0.0006356427 0.001843491 0 -0.0006356427 0.001843491 0.0066 -0.0007289433 0.00180863 0.0066 -0.0007289433 0.00180863 0 -0.0008203421 0.00176905 0 -0.0008203421 0.00176905 0.0066 -0.0009096008 0.001724855 0.0066 -0.0009096008 0.001724855 0 -0.0009964864 0.001676161 0.0066 -0.0009964864 0.001676161 0 -0.001080772 0.001623093 0 -0.001080772 0.001623093 0.0066 -0.001162239 0.001565791 0.0066 -0.001162239 0.001565791 0 -0.001240673 0.001504404 0 -0.001240673 0.001504404 0.0066 -0.00131587 0.001439092 0.0066 -0.00131587 0.001439092 0 -0.001387635 0.001370026 0.0066 -0.001387635 0.001370026 0 -0.001455779 0.001297385 0.0066 -0.001455779 0.001297385 0 -0.001520125 0.00122136 0 -0.001520125 0.00122136 0.0066 -0.001580505 0.001142148 0.0066 -0.001580505 0.001142148 0 -0.001636763 0.001059957 0 -0.001636763 0.001059957 0.0066</float_array>
          <technique_common>
            <accessor count="1990" source="#cubeverts-array0-array" stride="3">
              <param type="float" name="X"/>
              <param type="float" name="Y"/>
              <param type="float" name="Z"/>
            </accessor>
          </technique_common>
        </source>
        <source id="cubenormals-array0">
          <float_array count="11928" id="cubenormals-array0-array">0.1221665 0.9925096 -0 0.1221665 0.9925097 0 -0.7984552 -0.6020542 0 -0.7984552 -0.6020542 0 -0.8131902 -0.5819979 0 -0.8149809 -0.5794877 -0.0003935687 -0.841138 -0.5408206 0.0001107547 -0.8456714 -0.5337034 -0.0008014714 -0.8670041 -0.498301 0.0001623674 -0.8737282 -0.4864134 -0.001036972 -0.8907214 -0.4545495 0.0002839215 -0.898331 -0.4393187 -0.0008680574 -0.9122344 -0.4096685 0.0003990108 -0.9188325 -0.3946471 -0.000585671 -0.9314864 -0.3637758 0.0004736434 -0.9367626 -0.3499651 -0.0004500556 -0.9484311 -0.316983 0.0004547451 -0.9527625 -0.303716 -0.0004428312 -0.9630281 -0.2694009 0.0002985763 -0.966159 -0.2579467 -0.0004829331 -0.9752384 -0.2211562 0.0001223833 -0.9771368 -0.2126108 -0.0004661961 -0.9850339 -0.1723606 2.115216e-06 -0.9858999 -0.1673358 -0.000348812 -0.9923895 -0.1231385 -4.578085e-05 -0.9925609 -0.1217498 -0.0001448391 -0.9971483 -0.07546706 8.075118e-05 -0.9972867 -0.07361475 -5.548883e-05 -0.9996061 -0.02806658 -8.988858e-05 -0.9998071 0.0196413 -0.0002265005 -0.9997142 -0.02390428 0.0001686873 -0.9979177 0.06449804 -0.0003486244 -0.9996654 0.02586614 0.0001289149 -0.9944616 0.1050994 -0.0004268115 -0.9971408 0.07556676 0.0001790939 -0.9895477 0.1442059 -0.0003885032 -0.992146 0.1250855 0.0002508214 -0.9828762 0.1842669 -0.0002004473 -0.9846938 0.1742924 0.0002527744 -0.9747163 0.2234459 0.0001497133 -0.9659517 0.2587222 -0.0001003909 -0.9748034 0.2230657 0.0001713246 -0.9566671 0.2911839 -0.0001972305 -0.9624974 0.2712906 0.0003699619 -0.9464013 0.322993 4.549757e-05 -0.9351473 0.3542592 -0.0001114346 -0.9478085 0.3188399 0.0002533976 -0.9307715 0.3656012 0.0003423421 -0.9239275 0.3825674 -0.0001114753 -0.9129272 0.4081225 0.000157352 -0.9114288 0.4114576 0.0003171859 -0.8975033 0.4410076 -0.000270532 -0.8898295 0.4562929 0.0003671667 -0.8769563 0.48057 -0.0003039391 -0.8660252 0.5000001 0.0003839177 -0.854664 0.5191815 -0.0003039237 -0.8400761 0.5424684 0.0003671841 -0.8306759 0.5567561 -0.0002704853 -0.8120472 0.5835918 0.0003172499 -0.8076985 0.5895956 -6.821745e-06 -0.7864838 0.6176108 -2.334532e-05 -0.7820063 0.6232706 0.0002902623 -0.7644929 0.6446322 -0.0002297957 -0.7500274 0.6614066 0.000333606 -0.7416117 0.6708295 -0.0001371482 -0.7176601 0.6963936 0.0001162976 -0.7161927 0.6979024 0.0002266743 -0.6922821 0.721627 -0.0001550906 -0.6805832 0.7326708 0.000391814 -0.6657816 0.7461467 -0.0002178581 -0.6432879 0.7656243 0.0002256892 -0.6392912 0.7689647 -3.631848e-05 -0.6127355 0.790288 -0.0002063462 -0.6043999 0.796681 0.0002252435 -0.5860856 0.810249 -0.0003649081 -0.5640143 0.8257651 0.0001743605 -0.5593341 0.8289424 -9.712681e-05 -0.5321036 0.8466792 -0.0001768188 -0.5222315 0.8528038 0.0003316005 -0.5042949 0.8635314 -0.0002214773 -0.4791561 0.8777297 0.0003320165 -0.4757935 0.879557 0.0001319225 -0.4466629 0.8947024 -0.0001085262 -0.4348929 0.900482 0.0004086398 -0.4176589 0.9086038 -0.0002527472 -0.388782 0.9213298 0.0001535975 -0.3895523 0.9210044 0.0001010166 -0.359318 0.933215 -0.0003697661 -0.343248 0.9392448 0.0002551394 -0.3297374 0.9440727 -0.0003572643 -0.2998201 0.9539958 -7.54701e-05 -0.2960936 0.9551589 0.0001717619 -0.2690474 0.9631268 -0.000384586 -0.2057076 0.9786134 4.661672e-05 -0.2482041 0.9687077 0.0003804784 -0.2378071 0.9713124 -0.000153551 -0.172491 0.985011 -0.0002470255 -0.1997014 0.9798567 0.0004463706 -0.1396002 0.990208 -0.0001314936 -0.1507039 0.9885789 0.0005211711 -0.1073758 0.9942185 -5.597166e-05 -0.1013329 0.9948525 0.0003480159 -0.07547533 0.9971475 -0.0004966517 -0.04440515 0.9990136 -0.000241505 -0.008371379 0.9999649 -0.0004170117 -0.0517104 0.998662 0.0002714497 0.0350984 0.9993836 -0.0006834788 -0.001960658 0.9999981 0.0001513593 0.07391797 0.9972643 -0.0004165815 0.04779411 0.9988571 0.0004097062 0.1058956 0.9943773 0 0.09743106 0.9952421 0.000655444 0 0 1 0 0 1 0 0 1 0 0 1 0 0 1 0 0 1 0 0 1 0 0 1 0 0 1 0 0 1 0 0 1 0 0 1 0 0 1 0 0 1 0 0 1 0 0 1 0 0 1 0 0 1 0 0 1 0 0 1 0 0 1 0 0 1 0 0 1 0 0 1 0 0 1 0 0 1 0 0 1 0 0 1 0 0 1 0 0 1 0 0 1 0 0 1 0 0 1 0 0 1 0 0 1 0 0 1 0 0 1 0 0 1 0 0 1 0 0 1 0 0 1 0 0 1 0 0 1 0 0 1 0 0 1 0 0 1 0 0 1 0 0 1 0 0 1 0 0 1 0 0 1 0 0 1 0 0 1 0 0 1 0 0 1 0 0 1 0 0 1 0 0 1 0 0 1 0 0 1 0 0 1 0 0 1 0 0 1 0 0 1 0 0 1 -0.854669 0.5191733 0 -0.8306887 0.5567372 0.0001537306 -0.8532915 0.5214344 -0.0001743497 -0.8050577 0.5931965 0.0002659425 -0.8262386 0.5633201 -0.0003073183 -0.7778295 0.6284752 0.0003366764 -0.797132 0.6038049 -0.0003988012 -0.7490551 0.6625077 0.0003659881 -0.7660449 0.6427871 -0.0004488945 -0.718793 0.6952242 0.0003537786 -0.7330512 0.6801733 -0.0004575111 -0.6871039 0.7265591 0.0003001514 -0.6982365 0.715867 -0.0004246675 -0.654049 0.7564523 0.0002051698 -0.6616861 0.7497809 -0.0003503659 -0.5827065 0.8126827 0 -0.6234903 0.781831 -0.0002344933 -0.6196964 0.7848415 6.872896e-05 -0.5827102 0.8126801 1.23749e-05 -0.5837433 0.8119382 -7.72105e-05 -0.5430122 0.8397247 -1.263521e-05 -0.5425456 0.8400263 -5.136463e-05 -0.5020654 0.8648297 4.925321e-05 -0.5000009 0.866025 -0.000110752 -0.4599628 0.8879381 0.0001064847 -0.4562103 0.889872 -0.0001655304 -0.4167963 0.9089999 0.0001586448 -0.411287 0.9115059 -0.0002153672 -0.3726691 0.9279643 0.0002060808 -0.3653407 0.9308739 -0.0002603505 -0.3276828 0.9447877 0.0002486871 -0.3184874 0.9479271 -0.0003004452 -0.2819422 0.9594313 0.0002864986 -0.2708397 0.9626245 -0.00033591 -0.2355473 0.9718629 0.0003192826 -0.1886111 0.9820518 0.0003474364 -0.2225213 0.9749278 -0.0003663514 -0.1412408 0.9899752 0.0003707503 -0.1736488 0.9848075 -0.0003919131 -0.09354319 0.9956151 0.0003890987 -0.1243431 0.9922392 -0.0004127623 -0.04563192 0.9989582 0.0004026511 -0.0747303 0.9972036 -0.0004287271 0.002387896 0.9999971 0.0004112856 -0.02493001 0.999689 -0.0004399781 0.09829658 0.9951572 -0 0.05040082 0.9987289 0.0004152585 0.02493001 0.999689 -0.0004462479 0.09844754 0.9951422 0.0004198471 0.0747303 0.9972036 -0.0004476471 0.1455493 0.9893509 0.0004021697 0.1243431 0.9922392 -0.0004556429 0.1920572 0.9813837 0.0003828102 0.1736488 0.9848075 -0.0004416744 0.2381408 0.9712306 0.0003529383 0.2225213 0.9749277 -0.0004172844 0.2836929 0.9589151 0.0003126586 0.2708397 0.9626244 -0.0003821509 0.3286105 0.9444655 0.0002615612 0.3184874 0.9479271 -0.0003363797 0.3728017 0.9279111 0.0002001271 0.3653407 0.9308739 -0.0002802666 0.4161569 0.9092928 0.000127951 0.411287 0.9115059 -0.0002132985 0.4562103 0.889872 -0.0001359769 0.4585908 0.8886476 4.537996e-05 0.4999992 0.8660258 -4.787734e-05 0.5000008 0.8660249 -4.800993e-05 0.5402975 0.8414741 4.524866e-05 0.5425457 0.8400264 -0.0001358997 0.5793904 0.8150502 0.0001280212 0.5837433 0.8119382 -0.0002133354 0.6171955 0.7868097 0.0002001156 0.6234903 0.781831 -0.0002801563 0.6536243 0.7568191 0.0002616403 0.6616861 0.7497809 -0.0003364854 0.6885996 0.7251416 0.0003125608 0.6982365 0.715867 -0.0003821087 0.7220399 0.6918513 0.0003530039 0.7330512 0.6801733 -0.000417198 0.7538738 0.6570192 0.0003828744 0.8126827 0.5827065 0 0.7660449 0.6427871 -0.0004417236 0.7840286 0.6207246 0.0004020891 0.797132 0.6038049 -0.000455656 0.8125941 0.5828298 0.0004198568 0.8262386 0.56332 -0.0004476698 0.8397247 0.5430122 0.0004152611 0.8532913 0.5214343 -0.0004462275 0.8648295 0.5020653 0.0004113456 0.8782215 0.4782541 -0.0004398891 0.887938 0.4599628 0.0004026226 0.9009688 0.4338838 -0.0004288165 0.9089998 0.4167962 0.0003890469 0.9214761 0.3884349 -0.0004128124 0.9279643 0.3726691 0.0003706941 0.9396924 0.3420203 -0.0003919368 0.9447877 0.3276828 0.0003475123 0.9555731 0.2947541 -0.0003662636 0.9594313 0.2819422 0.0003192918 0.9690772 0.2467577 -0.0003359278 0.9718629 0.2355473 0.0002864097 0.9820518 0.1886111 0.0002487991 0.9801722 0.1981473 -0.0003005154 0.9899753 0.1412409 0.000206097 0.988831 0.1490408 -0.0002602466 0.9956152 0.09354319 0.0001587747 0.9950306 0.09956904 -0.0002153377 0.9989583 0.04563192 0.0001063768 0.998757 0.0498451 -0.0001654057 0.9999971 -0.002387897 4.929994e-05 1 0 -0.0001108646 0.9951572 -0.09829658 0 0.9951568 -0.09830108 1.247899e-05 0.9987291 -0.05040083 -1.252749e-05 0.998757 -0.0498451 -5.131734e-05 0.9950306 -0.09956903 -7.726742e-05 0.989351 -0.1455493 7.291976e-05 0.9888311 -0.1490408 -0.0001617567 0.9813838 -0.1920572 0.0001523285 0.9801722 -0.1981473 -0.0002359421 0.9712306 -0.2381408 0.000220883 0.9690772 -0.2467577 -0.0002993919 0.9589151 -0.2836929 0.0002790549 0.9555731 -0.2947541 -0.0003521432 0.9444655 -0.3286105 0.0003267422 0.9396925 -0.3420203 -0.000394533 0.927911 -0.3728016 0.0003637009 0.9214761 -0.3884349 -0.0004261508 0.9092928 -0.4161569 0.0003901686 0.9009688 -0.4338837 -0.0004474015 0.8886474 -0.4585908 0.0004060109 0.8782214 -0.4782541 -0.0004578903 0.8660257 -0.4999993 0.0004113079 0.8532913 -0.5214343 -0.0004579235 0.841474 -0.5402974 0.0004060802 0.8262386 -0.5633201 -0.0004472802 0.8150501 -0.5793904 0.0003901869 0.797132 -0.6038049 -0.000426218 0.7868097 -0.6171955 0.0003637021 0.7568191 -0.6536243 0.0003267233 0.7660449 -0.6427871 -0.0003944682 0.7251417 -0.6885996 0.0002791038 0.7330512 -0.6801733 -0.0003521974 0.6918513 -0.72204 0.0002209132 0.6982365 -0.715867 -0.0002993273 0.6570192 -0.7538738 0.0001522182 0.6616861 -0.7497809 -0.0002359232 0.5827065 -0.8126827 0 0.6207247 -0.7840286 7.297694e-05 0.6234903 -0.7818311 -0.0001618641 0.5430122 -0.8397247 -1.263521e-05 0.5827102 -0.8126801 1.23749e-05 0.5837433 -0.8119382 -7.72105e-05 0.5020654 -0.8648297 4.925321e-05 0.5425456 -0.8400263 -5.136463e-05 0.4599628 -0.8879381 0.0001064847 0.5000009 -0.866025 -0.000110752 0.4167963 -0.9089999 0.0001586448 0.4562103 -0.889872 -0.0001655304 0.3726691 -0.9279643 0.0002060808 0.411287 -0.9115059 -0.0002153672 0.3276828 -0.9447877 0.0002486871 0.3653407 -0.9308739 -0.0002603505 0.2819422 -0.9594313 0.0002864986 0.3184874 -0.9479271 -0.0003004452 0.2355473 -0.9718629 0.0003192826 0.2708397 -0.9626245 -0.00033591 0.2225213 -0.9749278 -0.0003663514 0.1886111 -0.9820518 0.0003474364 0.1412408 -0.9899752 0.0003707503 0.1736488 -0.9848075 -0.0003919131 0.09354319 -0.9956151 0.0003890987 0.1243431 -0.9922392 -0.0004127623 0.04563192 -0.9989582 0.0004026511 0.0747303 -0.9972036 -0.0004287271 -0.002387896 -0.9999971 0.0004112856 0.02493001 -0.999689 -0.0004399781 -0.09829658 -0.9951572 0 -0.05040082 -0.9987289 0.0004152585 -0.02493001 -0.999689 -0.0004462479 -0.0747303 -0.9972036 -0.0004476471 -0.09844754 -0.9951422 0.0004198471 -0.1455493 -0.9893509 0.0004021697 -0.1243431 -0.9922392 -0.0004556429 -0.1920572 -0.9813837 0.0003828102 -0.1736488 -0.9848075 -0.0004416744 -0.2381408 -0.9712306 0.0003529383 -0.2225213 -0.9749277 -0.0004172844 -0.2836929 -0.9589151 0.0003126586 -0.2708397 -0.9626244 -0.0003821509 -0.3286105 -0.9444655 0.0002615612 -0.3184874 -0.9479271 -0.0003363797 -0.3728017 -0.9279111 0.0002001271 -0.3653407 -0.9308739 -0.0002802666 -0.4161569 -0.9092928 0.000127951 -0.411287 -0.9115059 -0.0002132985 -0.4585908 -0.8886476 4.537996e-05 -0.4562103 -0.889872 -0.0001359769 -0.4999992 -0.8660258 -4.801357e-05 -0.5402975 -0.8414741 4.524866e-05 -0.5000008 -0.8660249 -4.788209e-05 -0.5793904 -0.8150502 0.0001280212 -0.5425457 -0.8400264 -0.0001358997 -0.6171955 -0.7868097 0.0002001156 -0.5837433 -0.8119382 -0.0002133354 -0.6536243 -0.7568191 0.0002616403 -0.6234903 -0.781831 -0.0002801563 -0.6885996 -0.7251416 0.0003125608 -0.6616861 -0.7497809 -0.0003364854 -0.7220399 -0.6918513 0.0003530039 -0.6982365 -0.715867 -0.0003821087 -0.7538738 -0.6570192 0.0003828744 -0.7330512 -0.6801733 -0.000417198 -0.8126827 -0.5827065 0 -0.7840286 -0.6207246 0.0004020891 -0.7660449 -0.6427871 -0.0004417236 -0.797132 -0.6038049 -0.000455656 -0.8125941 -0.5828298 0.0004198568 -0.8262386 -0.56332 -0.0004476698 -0.8397247 -0.5430122 0.0004152611 -0.8532913 -0.5214343 -0.0004462275 -0.8648295 -0.5020653 0.0004113456 -0.8782215 -0.4782541 -0.0004398891 -0.887938 -0.4599628 0.0004026226 -0.9009688 -0.4338838 -0.0004288165 -0.9089998 -0.4167962 0.0003890469 -0.9214761 -0.3884349 -0.0004128124 -0.9279643 -0.3726691 0.0003706941 -0.9396924 -0.3420203 -0.0003919368 -0.9447877 -0.3276828 0.0003475123 -0.9555731 -0.2947541 -0.0003662636 -0.9594313 -0.2819422 0.0003192918 -0.9690772 -0.2467577 -0.0003359278 -0.9718629 -0.2355473 0.0002864097 -0.9801722 -0.1981473 -0.0003005154 -0.9820518 -0.1886111 0.0002487991 -0.9899753 -0.1412409 0.000206097 -0.988831 -0.1490408 -0.0002602466 -0.9956152 -0.09354319 0.0001587747 -0.9950306 -0.09956904 -0.0002153377 -0.9989583 -0.04563192 0.0001063768 -0.998757 -0.0498451 -0.0001654057 -0.9999971 0.002387897 4.929994e-05 -1 -0 -0.0001108646 -0.9951572 0.09829658 0 -0.9987291 0.05040083 -1.252749e-05 -0.998757 0.0498451 -5.131734e-05 -0.9951568 0.09830108 1.247899e-05 -0.989541 0.1442519 6.867024e-05 -0.9950306 0.09956903 -7.726742e-05 -0.9821312 0.1881977 0.0002052709 -0.988831 0.1490408 -0.0002344266 -0.9727709 0.2317687 0.0003002137 -0.9801722 0.1981473 -0.0003502627 -0.9614777 0.2748825 0.0003537844 -0.9690772 0.2467577 -0.0004246914 -0.9482765 0.3174453 0.0003660194 -0.9555731 0.2947541 -0.0004574307 -0.9331906 0.3593819 0.0003366576 -0.9396925 0.3420203 -0.0004489036 -0.9162514 0.4006037 0.0002659261 -0.9214761 0.3884349 -0.0003988562 -0.8974934 0.4410281 0.0001536778 -0.9009688 0.4338838 -0.0003073124 -0.8769518 0.4805785 0 -0.8782215 0.4782541 -0.0001744025 -0.3759458 0.2634595 0.8883996 -0.3582914 0.2476127 0.9001752 -0.3804004 0.2737581 0.8833753 -0.370304 0.2799404 0.8857247 -0.3662277 0.2803155 0.8872995 -0.3668038 0.2876909 0.8846971 -0.3618449 0.2948796 0.8843722 -0.3541114 0.2993943 0.8859842 -0.3539007 0.3018248 0.8852435 -0.3403406 0.3173366 0.885136 -0.349587 0.3093757 0.8843504 -0.3405988 0.3164062 0.8853697 -0.336468 0.3230029 0.8845667 -0.325387 0.3343639 0.8844908 -0.3273467 0.3294625 0.8856063 -0.3094146 0.3505001 0.8839752 -0.3232822 0.3356314 0.8847826 -0.2947659 0.3685261 0.8816471 -0.3138479 0.3419288 0.8857676 -0.3036096 0.3480495 0.8869514 -0.3011084 0.3523626 0.8861006 0.1007685 0.453016 0.885789 0.1044164 0.4507829 0.8865055 0.09300186 0.4596863 0.8831983 0.07075484 0.4648478 0.8825589 0.0971054 0.4547933 0.8852873 0.1147112 0.4511139 0.8850636 0.08726542 0.4542028 0.8866142 0.08430085 0.4558176 0.886072 0.1194138 0.4484851 0.8857773 0.1146151 0.4522768 0.8844824 0.1292938 0.448127 0.8845707 0.1352623 0.4452289 0.8851414 0.1359713 0.444652 0.8853228 0.1442671 0.4436764 0.8844989 0.1520038 0.4408275 0.8846275 0.157241 0.4370846 0.8855689 0.1578427 0.4358145 0.8860877 0.1700092 0.4351398 0.8841664 0.1762398 0.4292798 0.8858094 0.1768389 0.4254767 0.8875233 0.1885414 0.428908 0.8834535 0.1948052 0.4219828 0.8854273 0.1887947 0.3984617 0.8975437 -0.2775104 0.3724401 0.8855938 -0.2781054 0.3711173 0.8859622 -0.2784814 0.3695233 0.8865104 -0.2784042 0.3675105 0.8873709 -0.2774919 0.3651305 0.8886383 -0.2752558 0.3623628 0.8904648 -0.2733661 0.378033 0.8845124 -0.2546893 0.3908598 0.8845124 -0.2872007 0.3714153 0.8829306 -0.2354121 0.4027643 0.8845124 -0.2155798 0.4137187 0.8845124 -0.2462888 0.3988166 0.8833386 -0.2725651 0.3784275 0.8845907 -0.2723972 0.3780029 0.884824 -0.2716927 0.3775732 0.885224 -0.2700773 0.3773369 0.885819 -0.2745904 0.3771819 0.8844964 -0.2064469 0.4208237 0.8833387 -0.1952389 0.4236977 0.8845123 -0.1744372 0.4326773 0.8845123 -0.2452927 0.3972039 0.8843418 -0.2452929 0.3972039 0.8843418 -0.1646586 0.4388627 0.8833386 -0.1532244 0.4406362 0.8845124 -0.1316503 0.4475558 0.8845124 -0.2725432 0.3786043 0.8845218 -0.2531808 0.3915237 0.8846517 -0.2719716 0.3793104 0.8843954 -0.272543 0.3786045 0.8845219 -0.1639927 0.4370879 0.884342 -0.205612 0.4191219 0.884342 -0.2056123 0.4191219 0.8843418 -0.1213177 0.4527636 0.8833386 -0.1097653 0.4534198 0.8845124 -0.08762192 0.4582143 0.8845124 -0.214495 0.4140733 0.8846102 -0.2343032 0.4035974 0.884427 -0.2434151 0.3941633 0.8862191 -0.2452928 0.3972039 0.8843418 -0.2452928 0.3972039 0.8843419 -0.1639925 0.4370881 0.8843418 -0.07683267 0.4623956 0.8833386 -0.06527162 0.4619282 0.8845122 -0.04276652 0.4645526 0.8845123 -0.1944835 0.4241531 0.8844604 -0.205612 0.4191219 0.8843419 -0.2040342 0.4159058 0.8862237 -0.2056123 0.4191219 0.8843418 -0.1738153 0.4328088 0.8845704 -0.120827 0.4509327 0.8843418 -0.1208272 0.4509328 0.8843418 -0.07652197 0.4605258 0.8843418 -0.02016214 0.4660808 0.8845124 0.002490564 0.4665101 0.8845124 -0.03162372 0.4676673 0.8833386 -0.1639928 0.437088 0.8843418 -0.1639925 0.437088 0.8843418 -0.120827 0.4509327 0.8843419 -0.1627325 0.4337291 0.8862264 -0.1315203 0.447555 0.884532 -0.15288 0.4407897 0.8844954 -0.07652247 0.4605255 0.8843419 0.01388412 0.4685297 0.8833386 0.02513803 0.465839 0.8845124 0.04772455 0.4640692 0.8845124 0.05675164 0.4503 0.8910719 0.05751077 0.4530729 0.8896164 0.05768341 0.4552766 0.8884795 0.0574338 0.4570279 0.8875961 0.05689464 0.4584169 0.8869143 0.05618121 0.4595029 0.8863976 0.0554152 0.4603129 0.8860255 0.05464886 0.4609262 0.8857542 0.05379349 0.4614739 0.8855214 0.06343561 0.4652865 0.8828841 -0.1198983 0.4474657 0.8862273 -0.1208273 0.4509325 0.884342 -0.07652244 0.4605254 0.884342 -0.08799636 0.4581752 0.8844954 -0.109878 0.4533541 0.884532 -0.03149536 0.4657761 0.8843419 -0.03149587 0.4657763 0.8843418 -0.07593375 0.4569868 0.8862264 -0.07652181 0.4605259 0.8843418 -0.04364866 0.4645692 0.8844604 -0.06587574 0.4617312 0.8845703 0.01382801 0.4666351 0.8843418 0.04912885 0.4639514 0.8844973 0.01382799 0.4666352 0.8843418 0.04492785 0.4616716 0.8859124 0.04591541 0.4623444 0.8855108 0.04657273 0.4629554 0.8851572 0.04687697 0.4635176 0.8848469 0.04686166 0.463886 0.8846547 0.04677995 0.4640818 0.8845562 -0.03149571 0.4657764 0.8843418 -0.03149538 0.4657763 0.8843418 0.03653749 0.4775176 0.8778622 0.01382797 0.466635 0.8843418 0.02417928 0.4666968 0.8840868 0.0441655 0.4471323 0.8933768 0.02322818 0.4602839 0.8874679 0.001114407 0.466677 0.8844271 -0.0212796 0.4658453 0.8846102 -0.03125402 0.4622022 0.8862236 -0.5819979 0.8131902 0 -0.5794877 0.8149809 -0.0003935687 -0.5408206 0.841138 0.0001107547 -0.5337034 0.8456714 -0.0008014714 -0.498301 0.8670041 0.0001623674 -0.4864134 0.8737282 -0.001036972 -0.4545495 0.8907214 0.0002839215 -0.4393187 0.898331 -0.0008680574 -0.4096685 0.9122344 0.0003990108 -0.3946471 0.9188325 -0.000585671 -0.3637758 0.9314864 0.0004736434 -0.3499651 0.9367626 -0.0004500556 -0.316983 0.9484311 0.0004547451 -0.303716 0.9527625 -0.0004428312 -0.2694009 0.9630281 0.0002985763 -0.2579467 0.966159 -0.0004829331 -0.2211562 0.9752384 0.0001223833 -0.2126108 0.9771368 -0.0004661961 -0.1723606 0.9850339 2.115216e-06 -0.1673358 0.9858999 -0.000348812 -0.1231385 0.9923895 -4.578085e-05 -0.1217498 0.9925609 -0.0001448391 -0.07546706 0.9971483 8.075118e-05 -0.07361475 0.9972867 -5.548883e-05 -0.02806658 0.9996061 -8.988858e-05 0.0196413 0.9998071 -0.0002265005 -0.02390428 0.9997142 0.0001686873 0.06449804 0.9979177 -0.0003486244 0.02586614 0.9996654 0.0001289149 0.1050994 0.9944616 -0.0004268115 0.07556676 0.9971408 0.0001790939 0.1442059 0.9895477 -0.0003885032 0.1250855 0.992146 0.0002508214 0.1842669 0.9828762 -0.0002004473 0.1742924 0.9846938 0.0002527744 0.2234459 0.9747163 0.0001497133 0.2587222 0.9659517 -0.0001003909 0.2230657 0.9748034 0.0001713246 0.2911839 0.9566671 -0.0001972305 0.2712906 0.9624974 0.0003699619 0.322993 0.9464013 4.549757e-05 0.3542592 0.9351473 -0.0001114346 0.3188399 0.9478085 0.0002533976 0.3656012 0.9307715 0.0003423421 0.3825674 0.9239275 -0.0001114753 0.4081225 0.9129272 0.000157352 0.4114576 0.9114288 0.0003171859 0.4410076 0.8975033 -0.000270532 0.4562929 0.8898295 0.0003671667 0.48057 0.8769563 -0.0003039391 0.5000001 0.8660252 0.0003839177 0.5191815 0.854664 -0.0003039237 0.5424684 0.8400761 0.0003671841 0.5567561 0.8306759 -0.0002704853 0.5835918 0.8120472 0.0003172499 0.5895956 0.8076985 -6.821745e-06 0.6176108 0.7864838 -2.334532e-05 0.6232706 0.7820063 0.0002902623 0.6446322 0.7644929 -0.0002297957 0.6614066 0.7500274 0.000333606 0.6708295 0.7416117 -0.0001371482 0.6963936 0.7176601 0.0001162976 0.6979024 0.7161927 0.0002266743 0.721627 0.6922821 -0.0001550906 0.7326708 0.6805832 0.000391814 0.7461467 0.6657816 -0.0002178581 0.7656243 0.6432879 0.0002256892 0.7689647 0.6392912 -3.631848e-05 0.790288 0.6127355 -0.0002063462 0.796681 0.6043999 0.0002252435 0.810249 0.5860856 -0.0003649081 0.8257651 0.5640143 0.0001743605 0.8289424 0.5593341 -9.712681e-05 0.8466792 0.5321036 -0.0001768188 0.8528038 0.5222315 0.0003316005 0.8635314 0.5042949 -0.0002214773 0.8777297 0.4791561 0.0003320165 0.879557 0.4757935 0.0001319225 0.8947024 0.4466629 -0.0001085262 0.900482 0.4348929 0.0004086398 0.9086038 0.4176589 -0.0002527472 0.9213298 0.388782 0.0001535975 0.9210044 0.3895523 0.0001010166 0.933215 0.359318 -0.0003697661 0.9392448 0.343248 0.0002551394 0.9440727 0.3297374 -0.0003572643 0.9539958 0.2998201 -7.54701e-05 0.9551589 0.2960936 0.0001717619 0.9631268 0.2690474 -0.000384586 0.9786134 0.2057076 4.661672e-05 0.9687077 0.2482041 0.0003804784 0.9713124 0.2378071 -0.000153551 0.985011 0.172491 -0.0002470255 0.9798567 0.1997014 0.0004463706 0.990208 0.1396002 -0.0001314936 0.9885789 0.1507039 0.0005211711 0.9942185 0.1073758 -5.597166e-05 0.9948525 0.1013329 0.0003480159 0.9971475 0.07547533 -0.0004966517 0.9990136 0.04440515 -0.000241505 0.9999649 0.008371379 -0.0004170117 0.998662 0.0517104 0.0002714497 0.9993836 -0.0350984 -0.0006834788 0.9999981 0.001960658 0.0001513593 0.9972643 -0.07391797 -0.0004165815 0.9988571 -0.04779411 0.0004097062 0.9943773 -0.1058956 0 0.9952421 -0.09743106 0.000655444 0.9925096 -0.1221665 0 0.9925097 -0.1221665 0 -0.6020542 0.7984552 0 -0.6020542 0.7984552 0 0 0 1 0 0 1 0 0 1 0 0 1 0 -0 1 0 -0 1 0 0 1 0 0 1 0 -0 1 0 -0 1 0 -0 1 0 -0 1 0 -0 1 0 -0 1 0 0 1 0 -0 1 0 -0 1 0 -0 1 0 -0 1 0 -0 1 0 -0 1 0 -0 1 0 0 1 0 -0 1 0 -0 1 0 -0 1 0 -0 1 0 -0 1 0 -0 1 0 -0 1 0 0 1 0 -0 1 0 -0 1 0 0 1 0 -0 1 0 -0 1 0 -0 1 0 -0 1 0 -0 1 0 -0 1 0 -0 1 0 -0 1 0 -0 1 0 -0 1 0 -0 1 0 -0 1 0 -0 1 0 0 1 0 0 1 0 -0 1 0 -0 1 0 -0 1 0 -0 1 0 -0 1 0 -0 1 0 -0 1 0 0 1 0 0 1 0 0 1 0 0 1 0 0 1 0 0 1 0 0 1 0 0 1 0.2634595 0.3759458 0.8883996 0.2476127 0.3582914 0.9001752 0.2737581 0.3804004 0.8833753 0.2799404 0.370304 0.8857247 0.2803155 0.3662277 0.8872995 0.2876909 0.3668038 0.8846971 0.2948796 0.3618449 0.8843722 0.2993943 0.3541114 0.8859842 0.3018248 0.3539007 0.8852435 0.3173366 0.3403406 0.885136 0.3093757 0.349587 0.8843504 0.3164062 0.3405988 0.8853697 0.3230029 0.336468 0.8845667 0.3343639 0.325387 0.8844908 0.3294625 0.3273467 0.8856063 0.3505001 0.3094146 0.8839752 0.3356314 0.3232822 0.8847826 0.3685261 0.2947659 0.8816471 0.3419288 0.3138479 0.8857676 0.3480495 0.3036096 0.8869514 0.3523626 0.3011084 0.8861006 0.453016 -0.1007685 0.885789 0.4507829 -0.1044164 0.8865055 0.4596863 -0.09300186 0.8831983 0.4648478 -0.07075484 0.8825589 0.4547933 -0.0971054 0.8852873 0.4511139 -0.1147112 0.8850636 0.4542028 -0.08726542 0.8866142 0.4558176 -0.08430085 0.886072 0.4484851 -0.1194138 0.8857773 0.4522768 -0.1146151 0.8844824 0.448127 -0.1292938 0.8845707 0.4452289 -0.1352623 0.8851414 0.444652 -0.1359713 0.8853228 0.4436764 -0.1442671 0.8844989 0.4408275 -0.1520038 0.8846275 0.4370846 -0.157241 0.8855689 0.4358145 -0.1578427 0.8860877 0.4351398 -0.1700092 0.8841664 0.4292798 -0.1762398 0.8858094 0.4254767 -0.1768389 0.8875233 0.428908 -0.1885414 0.8834535 0.4219828 -0.1948052 0.8854273 0.3984617 -0.1887947 0.8975437 0.3724401 0.2775104 0.8855938 0.3711173 0.2781054 0.8859622 0.3695233 0.2784814 0.8865104 0.3675105 0.2784042 0.8873709 0.3651305 0.2774919 0.8886383 0.3623628 0.2752558 0.8904648 0.378033 0.2733661 0.8845124 0.3908598 0.2546893 0.8845124 0.3714153 0.2872007 0.8829306 0.3988166 0.2462888 0.8833386 0.4027643 0.2354121 0.8845124 0.4137187 0.2155798 0.8845124 0.3784275 0.2725651 0.8845907 0.3780029 0.2723972 0.884824 0.3775732 0.2716927 0.885224 0.3773369 0.2700773 0.885819 0.3972039 0.2452928 0.8843419 0.3771819 0.2745904 0.8844964 0.4208237 0.2064469 0.8833387 0.4236977 0.1952389 0.8845123 0.4326773 0.1744372 0.8845123 0.397204 0.2452928 0.8843418 0.4388627 0.1646586 0.8833386 0.4406362 0.1532244 0.8845124 0.4475558 0.1316503 0.8845124 0.3915237 0.2531808 0.8846517 0.3793104 0.2719716 0.8843954 0.3786043 0.2725432 0.8845218 0.3786045 0.272543 0.8845219 0.4191219 0.205612 0.884342 0.4191219 0.2056123 0.8843418 0.4527636 0.1213177 0.8833386 0.4534198 0.1097653 0.8845124 0.4582143 0.08762192 0.8845124 0.4140733 0.214495 0.8846102 0.4035974 0.2343032 0.884427 0.3941633 0.2434151 0.8862191 0.3972039 0.2452928 0.8843418 0.3972039 0.2452928 0.8843419 0.437088 0.1639927 0.8843418 0.437088 0.1639924 0.8843419 0.4619282 0.06527162 0.8845122 0.4645526 0.04276652 0.8845123 0.4623956 0.07683267 0.8833386 0.4191219 0.205612 0.8843419 0.4191219 0.2056123 0.8843418 0.4159058 0.2040342 0.8862237 0.4328088 0.1738153 0.8845704 0.4241531 0.1944835 0.8844604 0.4509328 0.1208272 0.8843418 0.4509327 0.120827 0.8843418 0.4660808 0.02016214 0.8845124 0.4665101 -0.002490564 0.8845124 0.4676673 0.03162372 0.8833386 0.437088 0.1639928 0.8843418 0.437088 0.1639925 0.8843418 0.4337291 0.1627325 0.8862264 0.447555 0.1315203 0.884532 0.4407897 0.15288 0.8844954 0.4605255 0.07652198 0.8843419 0.4605257 0.07652251 0.8843418 0.465839 -0.02513803 0.8845124 0.4640692 -0.04772455 0.8845124 0.4503 -0.05675164 0.8910719 0.4685297 -0.01388412 0.8833386 0.4530729 -0.05751077 0.8896164 0.4552766 -0.05768341 0.8884795 0.4570279 -0.0574338 0.8875961 0.4584169 -0.05689464 0.8869143 0.4595029 -0.05618121 0.8863976 0.4603129 -0.0554152 0.8860255 0.4609262 -0.05464886 0.8857542 0.4614739 -0.05379349 0.8855214 0.4652865 -0.06343561 0.8828841 0.4509325 0.1208269 0.884342 0.4605254 0.07652244 0.884342 0.4474657 0.1198983 0.8862273 0.4509326 0.1208273 0.8843419 0.4581752 0.08799636 0.8844954 0.4533541 0.109878 0.884532 0.4657761 0.03149536 0.8843419 0.4657763 0.03149587 0.8843418 0.4605259 0.07652181 0.8843418 0.4569868 0.07593375 0.8862264 0.4645692 0.04364866 0.8844604 0.4617312 0.06587574 0.8845703 0.4639514 -0.04912885 0.8844973 0.4666352 -0.01382799 0.8843418 0.4616716 -0.04492785 0.8859124 0.4623444 -0.04591541 0.8855108 0.4629554 -0.04657273 0.8851572 0.4635176 -0.04687697 0.8848469 0.463886 -0.04686166 0.8846547 0.4640818 -0.04677995 0.8845562 0.4666351 -0.01382801 0.8843418 0.4657763 0.03149538 0.8843418 0.4657764 0.03149571 0.8843418 0.4622022 0.03125402 0.8862236 0.466635 -0.01382797 0.8843418 0.4666968 -0.02417928 0.8840868 0.4471323 -0.0441655 0.8933768 0.4602839 -0.02322818 0.8874679 0.466677 -0.001114407 0.8844271 0.4658453 0.0212796 0.8846102 0.4775176 -0.03653749 0.8778622 -0.2634595 -0.3759458 0.8883996 -0.2476127 -0.3582914 0.9001752 -0.2737581 -0.3804004 0.8833753 -0.2799404 -0.370304 0.8857247 -0.2803155 -0.3662277 0.8872995 -0.2876909 -0.3668038 0.8846971 -0.2948796 -0.3618449 0.8843722 -0.2993943 -0.3541114 0.8859842 -0.3018248 -0.3539007 0.8852435 -0.3093757 -0.349587 0.8843504 -0.3173366 -0.3403406 0.885136 -0.3164062 -0.3405988 0.8853697 -0.3230029 -0.336468 0.8845667 -0.3343639 -0.325387 0.8844908 -0.3294625 -0.3273467 0.8856063 -0.3356314 -0.3232822 0.8847826 -0.3505001 -0.3094146 0.8839752 -0.3419288 -0.3138479 0.8857676 -0.3685261 -0.2947659 0.8816471 -0.3480495 -0.3036096 0.8869514 -0.3523626 -0.3011084 0.8861006 -0.453016 0.1007685 0.885789 -0.4507829 0.1044164 0.8865055 -0.4596863 0.09300186 0.8831983 -0.4648478 0.07075484 0.8825589 -0.4547933 0.0971054 0.8852873 -0.4511139 0.1147112 0.8850636 -0.4542028 0.08726542 0.8866142 -0.4558176 0.08430085 0.886072 -0.4484851 0.1194138 0.8857773 -0.4522768 0.1146151 0.8844824 -0.448127 0.1292938 0.8845707 -0.4452289 0.1352623 0.8851414 -0.444652 0.1359713 0.8853228 -0.4436764 0.1442671 0.8844989 -0.4408275 0.1520038 0.8846275 -0.4358145 0.1578427 0.8860877 -0.4370846 0.157241 0.8855689 -0.4351398 0.1700092 0.8841664 -0.4292798 0.1762398 0.8858094 -0.4254767 0.1768389 0.8875233 -0.428908 0.1885414 0.8834535 -0.4219828 0.1948052 0.8854273 -0.3984617 0.1887947 0.8975437 -0.3724401 -0.2775104 0.8855938 -0.3711173 -0.2781054 0.8859622 -0.3695233 -0.2784814 0.8865104 -0.3675105 -0.2784042 0.8873709 -0.3651305 -0.2774919 0.8886383 -0.3623628 -0.2752558 0.8904648 -0.378033 -0.2733661 0.8845124 -0.3908598 -0.2546893 0.8845124 -0.3714153 -0.2872007 0.8829306 -0.3988166 -0.2462888 0.8833386 -0.4027643 -0.2354121 0.8845124 -0.4137187 -0.2155798 0.8845124 -0.3771819 -0.2745904 0.8844964 -0.3784275 -0.2725651 0.8845907 -0.3780029 -0.2723972 0.884824 -0.3775732 -0.2716927 0.885224 -0.3773369 -0.2700773 0.885819 -0.4208237 -0.2064469 0.8833387 -0.4236977 -0.1952389 0.8845123 -0.4326773 -0.1744372 0.8845123 -0.3972039 -0.2452927 0.8843418 -0.3972039 -0.2452929 0.8843418 -0.4388627 -0.1646586 0.8833386 -0.4406362 -0.1532244 0.8845124 -0.4475558 -0.1316503 0.8845124 -0.3915237 -0.2531808 0.8846517 -0.3793104 -0.2719716 0.8843954 -0.3786043 -0.2725432 0.8845218 -0.3786045 -0.272543 0.8845219 -0.4191219 -0.2056123 0.8843418 -0.4191219 -0.205612 0.884342 -0.4534198 -0.1097653 0.8845124 -0.4582143 -0.08762192 0.8845124 -0.4527636 -0.1213177 0.8833386 -0.3941633 -0.2434151 0.8862191 -0.4140733 -0.214495 0.8846102 -0.4035974 -0.2343032 0.884427 -0.3972039 -0.2452928 0.8843419 -0.3972039 -0.2452928 0.8843418 -0.4191218 -0.2056123 0.8843419 -0.437088 -0.1639924 0.8843419 -0.4509327 -0.1208272 0.8843418 -0.437088 -0.1639927 0.8843418 -0.4619282 -0.06527162 0.8845122 -0.4645526 -0.04276652 0.8845123 -0.4623956 -0.07683267 0.8833386 -0.4328088 -0.1738153 0.8845704 -0.4241531 -0.1944835 0.8844604 -0.419122 -0.2056121 0.8843418 -0.4159058 -0.2040342 0.8862237 -0.4509328 -0.120827 0.8843418 -0.4676673 -0.03162372 0.8833386 -0.4660808 -0.02016214 0.8845124 -0.4665101 0.002490564 0.8845124 -0.447555 -0.1315203 0.884532 -0.4407897 -0.15288 0.8844954 -0.437088 -0.1639928 0.8843418 -0.437088 -0.1639925 0.8843418 -0.4509327 -0.120827 0.8843419 -0.4337291 -0.1627325 0.8862264 -0.4657761 -0.03149581 0.884342 -0.4605255 -0.07652198 0.8843419 -0.4605257 -0.07652251 0.8843418 -0.465839 0.02513803 0.8845124 -0.4640692 0.04772455 0.8845124 -0.4685297 0.01388412 0.8833386 -0.4503 0.05675164 0.8910719 -0.4652865 0.06343561 0.8828841 -0.4530729 0.05751077 0.8896164 -0.4552766 0.05768341 0.8884795 -0.4570279 0.0574338 0.8875961 -0.4584169 0.05689464 0.8869143 -0.4595029 0.05618121 0.8863976 -0.4603129 0.0554152 0.8860255 -0.4609262 0.05464886 0.8857542 -0.4614739 0.05379349 0.8855214 -0.4509325 -0.1208273 0.884342 -0.4581752 -0.08799636 0.8844954 -0.4533541 -0.109878 0.884532 -0.4474657 -0.1198983 0.8862273 -0.4657764 -0.03149538 0.8843418 -0.4605255 -0.07652175 0.884342 -0.4645692 -0.04364866 0.8844604 -0.4617312 -0.06587574 0.8845703 -0.4569868 -0.07593375 0.8862264 -0.4605257 -0.07652256 0.8843417 -0.4623444 0.04591541 0.8855108 -0.4629554 0.04657273 0.8851572 -0.4635176 0.04687697 0.8848469 -0.463886 0.04686166 0.8846547 -0.4640818 0.04677995 0.8845562 -0.4666352 0.01382799 0.8843418 -0.4666351 0.01382801 0.8843418 -0.4639514 0.04912885 0.8844973 -0.4616716 0.04492785 0.8859124 -0.4657764 -0.03149571 0.8843418 -0.4666968 0.02417928 0.8840868 -0.4471323 0.0441655 0.8933768 -0.4602839 0.02322818 0.8874679 -0.466677 0.001114407 0.8844271 -0.4658453 -0.0212796 0.8846102 -0.4775176 0.03653749 0.8778622 -0.466635 0.01382797 0.8843418 -0.4622022 -0.03125402 0.8862236 -0.4657763 -0.03149538 0.8843418 -0.1221665 -0.9925096 0 -0.1221665 -0.9925097 0 0.7984552 0.6020542 -0 0.7984552 0.6020542 0 0.8131902 0.5819979 -0 0.8149809 0.5794877 -0.0003935687 0.841138 0.5408206 0.0001107547 0.8456714 0.5337034 -0.0008014714 0.8670041 0.498301 0.0001623674 0.8737282 0.4864134 -0.001036972 0.8907214 0.4545495 0.0002839215 0.898331 0.4393187 -0.0008680574 0.9122344 0.4096685 0.0003990108 0.9188325 0.3946471 -0.000585671 0.9314864 0.3637758 0.0004736434 0.9367626 0.3499651 -0.0004500556 0.9484311 0.316983 0.0004547451 0.9527625 0.303716 -0.0004428312 0.9630281 0.2694009 0.0002985763 0.966159 0.2579467 -0.0004829331 0.9752384 0.2211562 0.0001223833 0.9771368 0.2126108 -0.0004661961 0.9850339 0.1723606 2.115216e-06 0.9858999 0.1673358 -0.000348812 0.9923895 0.1231385 -4.578085e-05 0.9925609 0.1217498 -0.0001448391 0.9971483 0.07546706 8.075118e-05 0.9972867 0.07361475 -5.548883e-05 0.9996061 0.02806658 -8.988858e-05 0.9998071 -0.0196413 -0.0002265005 0.9997142 0.02390428 0.0001686873 0.9979177 -0.06449804 -0.0003486244 0.9996654 -0.02586614 0.0001289149 0.9944616 -0.1050994 -0.0004268115 0.9971408 -0.07556676 0.0001790939 0.9895477 -0.1442059 -0.0003885032 0.992146 -0.1250855 0.0002508214 0.9828762 -0.1842669 -0.0002004473 0.9846938 -0.1742924 0.0002527744 0.9747163 -0.2234459 0.0001497133 0.9659517 -0.2587222 -0.0001003909 0.9748034 -0.2230657 0.0001713246 0.9566671 -0.2911839 -0.0001972305 0.9624974 -0.2712906 0.0003699619 0.9464013 -0.322993 4.549757e-05 0.9351473 -0.3542592 -0.0001114346 0.9478085 -0.3188399 0.0002533976 0.9307715 -0.3656012 0.0003423421 0.9239275 -0.3825674 -0.0001114753 0.9129272 -0.4081225 0.000157352 0.9114288 -0.4114576 0.0003171859 0.8975033 -0.4410076 -0.000270532 0.8898295 -0.4562929 0.0003671667 0.8769563 -0.48057 -0.0003039391 0.8660252 -0.5000001 0.0003839177 0.854664 -0.5191815 -0.0003039237 0.8400761 -0.5424684 0.0003671841 0.8306759 -0.5567561 -0.0002704853 0.8120472 -0.5835918 0.0003172499 0.8076985 -0.5895956 -6.821745e-06 0.7864838 -0.6176108 -2.334532e-05 0.7820063 -0.6232706 0.0002902623 0.7644929 -0.6446322 -0.0002297957 0.7500274 -0.6614066 0.000333606 0.7416117 -0.6708295 -0.0001371482 0.7176601 -0.6963936 0.0001162976 0.7161927 -0.6979024 0.0002266743 0.6922821 -0.721627 -0.0001550906 0.6805832 -0.7326708 0.000391814 0.6657816 -0.7461467 -0.0002178581 0.6432879 -0.7656243 0.0002256892 0.6392912 -0.7689647 -3.631848e-05 0.6127355 -0.790288 -0.0002063462 0.6043999 -0.796681 0.0002252435 0.5860856 -0.810249 -0.0003649081 0.5640143 -0.8257651 0.0001743605 0.5593341 -0.8289424 -9.712681e-05 0.5321036 -0.8466792 -0.0001768188 0.5222315 -0.8528038 0.0003316005 0.5042949 -0.8635314 -0.0002214773 0.4791561 -0.8777297 0.0003320165 0.4757935 -0.879557 0.0001319225 0.4466629 -0.8947024 -0.0001085262 0.4348929 -0.900482 0.0004086398 0.4176589 -0.9086038 -0.0002527472 0.388782 -0.9213298 0.0001535975 0.3895523 -0.9210044 0.0001010166 0.359318 -0.933215 -0.0003697661 0.343248 -0.9392448 0.0002551394 0.3297374 -0.9440727 -0.0003572643 0.2998201 -0.9539958 -7.54701e-05 0.2960936 -0.9551589 0.0001717619 0.2690474 -0.9631268 -0.000384586 0.2057076 -0.9786134 4.661672e-05 0.2482041 -0.9687077 0.0003804784 0.2378071 -0.9713124 -0.000153551 0.172491 -0.985011 -0.0002470255 0.1997014 -0.9798567 0.0004463706 0.1396002 -0.990208 -0.0001314936 0.1507039 -0.9885789 0.0005211711 0.1073758 -0.9942185 -5.597166e-05 0.1013329 -0.9948525 0.0003480159 0.07547533 -0.9971475 -0.0004966517 0.04440515 -0.9990136 -0.000241505 0.008371379 -0.9999649 -0.0004170117 0.0517104 -0.998662 0.0002714497 -0.0350984 -0.9993836 -0.0006834788 0.001960658 -0.9999981 0.0001513593 -0.07391797 -0.9972643 -0.0004165815 -0.04779411 -0.9988571 0.0004097062 -0.1058956 -0.9943773 0 -0.09743106 -0.9952421 0.000655444 0 0 1 0 0 1 0 0 1 0 0 1 0 0 1 0 0 1 0 0 1 0 0 1 0 0 1 0 0 1 0 0 1 0 0 1 0 0 1 0 0 1 0 0 1 0 0 1 0 0 1 0 0 1 0 0 1 0 0 1 0 0 1 0 0 1 0 0 1 0 0 1 0 0 1 0 0 1 0 0 1 0 0 1 0 0 1 0 0 1 0 0 1 0 0 1 0 0 1 0 0 1 0 0 1 0 0 1 0 0 1 0 0 1 0 0 1 0 0 1 0 0 1 0 0 1 0 0 1 0 0 1 0 0 1 0 0 1 0 0 1 0 0 1 0 0 1 0 0 1 0 0 1 0 0 1 0 0 1 0 0 1 0 0 1 0 0 1 0 0 1 0 0 1 0 0 1 0 0 1 0 0 1 0 0 1 0 0 1 0 0 1 0.3759458 -0.2634595 0.8883996 0.3582914 -0.2476127 0.9001752 0.3804004 -0.2737581 0.8833753 0.370304 -0.2799404 0.8857247 0.3662277 -0.2803155 0.8872995 0.3668038 -0.2876909 0.8846971 0.3618449 -0.2948796 0.8843722 0.3541114 -0.2993943 0.8859842 0.3539007 -0.3018248 0.8852435 0.3403406 -0.3173366 0.885136 0.349587 -0.3093757 0.8843504 0.3405988 -0.3164062 0.8853697 0.336468 -0.3230029 0.8845667 0.325387 -0.3343639 0.8844908 0.3273467 -0.3294625 0.8856063 0.3094146 -0.3505001 0.8839752 0.3232822 -0.3356314 0.8847826 0.2947659 -0.3685261 0.8816471 0.3138479 -0.3419288 0.8857676 0.3036096 -0.3480495 0.8869514 0.3011084 -0.3523626 0.8861006 -0.1007685 -0.453016 0.885789 -0.1044164 -0.4507829 0.8865055 -0.09300186 -0.4596863 0.8831983 -0.07075484 -0.4648478 0.8825589 -0.0971054 -0.4547933 0.8852873 -0.1147112 -0.4511139 0.8850636 -0.08726542 -0.4542028 0.8866142 -0.08430085 -0.4558176 0.886072 -0.1194138 -0.4484851 0.8857773 -0.1146151 -0.4522768 0.8844824 -0.1292938 -0.448127 0.8845707 -0.1352623 -0.4452289 0.8851414 -0.1359713 -0.444652 0.8853228 -0.1442671 -0.4436764 0.8844989 -0.1520038 -0.4408275 0.8846275 -0.157241 -0.4370846 0.8855689 -0.1578427 -0.4358145 0.8860877 -0.1700092 -0.4351398 0.8841664 -0.1762398 -0.4292798 0.8858094 -0.1768389 -0.4254767 0.8875233 -0.1885414 -0.428908 0.8834535 -0.1948052 -0.4219828 0.8854273 -0.1887947 -0.3984617 0.8975437 0.2775104 -0.3724401 0.8855938 0.2781054 -0.3711173 0.8859622 0.2784814 -0.3695233 0.8865104 0.2784042 -0.3675105 0.8873709 0.2774919 -0.3651305 0.8886383 0.2752558 -0.3623628 0.8904648 0.2733661 -0.378033 0.8845124 0.2546893 -0.3908598 0.8845124 0.2872007 -0.3714153 0.8829306 0.2354121 -0.4027643 0.8845124 0.2155798 -0.4137187 0.8845124 0.2462888 -0.3988166 0.8833386 0.2725651 -0.3784275 0.8845907 0.2723972 -0.3780029 0.884824 0.2716927 -0.3775732 0.885224 0.2700773 -0.3773369 0.885819 0.2745904 -0.3771819 0.8844964 0.2064469 -0.4208237 0.8833387 0.1952389 -0.4236977 0.8845123 0.1744372 -0.4326773 0.8845123 0.2452927 -0.3972039 0.8843418 0.2452929 -0.3972039 0.8843418 0.1646586 -0.4388627 0.8833386 0.1532244 -0.4406362 0.8845124 0.1316503 -0.4475558 0.8845124 0.2725432 -0.3786043 0.8845218 0.2531808 -0.3915237 0.8846517 0.2719716 -0.3793104 0.8843954 0.272543 -0.3786045 0.8845219 0.205612 -0.4191219 0.884342 0.2056123 -0.4191219 0.8843418 0.1213177 -0.4527636 0.8833386 0.1097653 -0.4534198 0.8845124 0.08762192 -0.4582143 0.8845124 0.214495 -0.4140733 0.8846102 0.2343032 -0.4035974 0.884427 0.2434151 -0.3941633 0.8862191 0.2452928 -0.3972039 0.8843418 0.2452928 -0.3972039 0.8843419 0.1639927 -0.437088 0.8843418 0.1639924 -0.437088 0.8843419 0.07683267 -0.4623956 0.8833386 0.06527162 -0.4619282 0.8845122 0.04276652 -0.4645526 0.8845123 0.1944835 -0.4241531 0.8844604 0.205612 -0.4191219 0.8843419 0.2040342 -0.4159058 0.8862237 0.1639925 -0.4370882 0.8843418 0.2056123 -0.4191219 0.8843418 0.1738153 -0.4328088 0.8845704 0.1208272 -0.4509328 0.8843418 0.120827 -0.4509327 0.8843418 0.07652197 -0.4605258 0.8843418 0.02016214 -0.4660808 0.8845124 -0.002490564 -0.4665101 0.8845124 0.03162372 -0.4676673 0.8833386 0.1627325 -0.4337291 0.8862264 0.1639927 -0.4370879 0.8843418 0.1315203 -0.447555 0.884532 0.15288 -0.4407897 0.8844954 0.07652247 -0.4605255 0.8843419 -0.01388412 -0.4685297 0.8833386 -0.02513803 -0.465839 0.8845124 -0.04772455 -0.4640692 0.8845124 -0.05675164 -0.4503 0.8910719 -0.05751077 -0.4530729 0.8896164 -0.05768341 -0.4552766 0.8884795 -0.0574338 -0.4570279 0.8875961 -0.05689464 -0.4584169 0.8869143 -0.05618121 -0.4595029 0.8863976 -0.0554152 -0.4603129 0.8860255 -0.05464886 -0.4609262 0.8857542 -0.05379349 -0.4614739 0.8855214 -0.06343561 -0.4652865 0.8828841 0.1208269 -0.4509325 0.884342 0.07652244 -0.4605254 0.884342 0.1198983 -0.4474657 0.8862273 0.1208273 -0.4509326 0.8843419 0.08799636 -0.4581752 0.8844954 0.109878 -0.4533541 0.884532 0.03149587 -0.4657763 0.8843418 0.03149536 -0.4657761 0.8843419 0.07652181 -0.4605259 0.8843418 0.07593375 -0.4569868 0.8862264 0.04364866 -0.4645692 0.8844604 0.06587574 -0.4617312 0.8845703 -0.04912885 -0.4639514 0.8844973 -0.01382799 -0.4666352 0.8843418 -0.04492785 -0.4616716 0.8859124 -0.04591541 -0.4623444 0.8855108 -0.04657273 -0.4629554 0.8851572 -0.04687697 -0.4635176 0.8848469 -0.01382801 -0.4666351 0.8843418 -0.04686166 -0.463886 0.8846547 -0.04677995 -0.4640818 0.8845562 0.03149571 -0.4657764 0.8843418 -0.01382797 -0.466635 0.8843418 0.03125402 -0.4622022 0.8862236 -0.03653749 -0.4775176 0.8778622 -0.02417928 -0.4666968 0.8840868 -0.0441655 -0.4471323 0.8933768 0.03149538 -0.4657763 0.8843418 -0.02322818 -0.4602839 0.8874679 -0.001114407 -0.466677 0.8844271 0.0212796 -0.4658453 0.8846102 0.5819979 -0.8131902 0 0.5794877 -0.8149809 -0.0003935687 0.5408206 -0.841138 0.0001107547 0.5337034 -0.8456714 -0.0008014714 0.498301 -0.8670041 0.0001623674 0.4864134 -0.8737282 -0.001036972 0.4545495 -0.8907214 0.0002839215 0.4393187 -0.898331 -0.0008680574 0.4096685 -0.9122344 0.0003990108 0.3946471 -0.9188325 -0.000585671 0.3637758 -0.9314864 0.0004736434 0.3499651 -0.9367626 -0.0004500556 0.316983 -0.9484311 0.0004547451 0.303716 -0.9527625 -0.0004428312 0.2694009 -0.9630281 0.0002985763 0.2579467 -0.966159 -0.0004829331 0.2211562 -0.9752384 0.0001223833 0.2126108 -0.9771368 -0.0004661961 0.1723606 -0.9850339 2.115216e-06 0.1673358 -0.9858999 -0.000348812 0.1231385 -0.9923895 -4.578085e-05 0.1217498 -0.9925609 -0.0001448391 0.07546706 -0.9971483 8.075118e-05 0.07361475 -0.9972867 -5.548883e-05 0.02806658 -0.9996061 -8.988858e-05 -0.0196413 -0.9998071 -0.0002265005 0.02390428 -0.9997142 0.0001686873 -0.06449804 -0.9979177 -0.0003486244 -0.02586614 -0.9996654 0.0001289149 -0.1050994 -0.9944616 -0.0004268115 -0.07556676 -0.9971408 0.0001790939 -0.1442059 -0.9895477 -0.0003885032 -0.1250855 -0.992146 0.0002508214 -0.1842669 -0.9828762 -0.0002004473 -0.1742924 -0.9846938 0.0002527744 -0.2234459 -0.9747163 0.0001497133 -0.2587222 -0.9659517 -0.0001003909 -0.2230657 -0.9748034 0.0001713246 -0.2911839 -0.9566671 -0.0001972305 -0.2712906 -0.9624974 0.0003699619 -0.322993 -0.9464013 4.549757e-05 -0.3542592 -0.9351473 -0.0001114346 -0.3188399 -0.9478085 0.0002533976 -0.3656012 -0.9307715 0.0003423421 -0.3825674 -0.9239275 -0.0001114753 -0.4081225 -0.9129272 0.000157352 -0.4114576 -0.9114288 0.0003171859 -0.4410076 -0.8975033 -0.000270532 -0.4562929 -0.8898295 0.0003671667 -0.48057 -0.8769563 -0.0003039391 -0.5000001 -0.8660252 0.0003839177 -0.5191815 -0.854664 -0.0003039237 -0.5424684 -0.8400761 0.0003671841 -0.5567561 -0.8306759 -0.0002704853 -0.5835918 -0.8120472 0.0003172499 -0.5895956 -0.8076985 -6.821745e-06 -0.6176108 -0.7864838 -2.334532e-05 -0.6232706 -0.7820063 0.0002902623 -0.6446322 -0.7644929 -0.0002297957 -0.6614066 -0.7500274 0.000333606 -0.6708295 -0.7416117 -0.0001371482 -0.6963936 -0.7176601 0.0001162976 -0.6979024 -0.7161927 0.0002266743 -0.721627 -0.6922821 -0.0001550906 -0.7326708 -0.6805832 0.000391814 -0.7461467 -0.6657816 -0.0002178581 -0.7656243 -0.6432879 0.0002256892 -0.7689647 -0.6392912 -3.631848e-05 -0.790288 -0.6127355 -0.0002063462 -0.796681 -0.6043999 0.0002252435 -0.810249 -0.5860856 -0.0003649081 -0.8257651 -0.5640143 0.0001743605 -0.8289424 -0.5593341 -9.712681e-05 -0.8466792 -0.5321036 -0.0001768188 -0.8528038 -0.5222315 0.0003316005 -0.8635314 -0.5042949 -0.0002214773 -0.8777297 -0.4791561 0.0003320165 -0.879557 -0.4757935 0.0001319225 -0.8947024 -0.4466629 -0.0001085262 -0.900482 -0.4348929 0.0004086398 -0.9086038 -0.4176589 -0.0002527472 -0.9213298 -0.388782 0.0001535975 -0.9210044 -0.3895523 0.0001010166 -0.933215 -0.359318 -0.0003697661 -0.9392448 -0.343248 0.0002551394 -0.9440727 -0.3297374 -0.0003572643 -0.9539958 -0.2998201 -7.54701e-05 -0.9551589 -0.2960936 0.0001717619 -0.9631268 -0.2690474 -0.000384586 -0.9786134 -0.2057076 4.661672e-05 -0.9687077 -0.2482041 0.0003804784 -0.9713124 -0.2378071 -0.000153551 -0.985011 -0.172491 -0.0002470255 -0.9798567 -0.1997014 0.0004463706 -0.990208 -0.1396002 -0.0001314936 -0.9885789 -0.1507039 0.0005211711 -0.9942185 -0.1073758 -5.597166e-05 -0.9948525 -0.1013329 0.0003480159 -0.9971475 -0.07547533 -0.0004966517 -0.9990136 -0.04440515 -0.000241505 -0.9999649 -0.008371379 -0.0004170117 -0.998662 -0.0517104 0.0002714497 -0.9993836 0.0350984 -0.0006834788 -0.9999981 -0.001960658 0.0001513593 -0.9972643 0.07391797 -0.0004165815 -0.9988571 0.04779411 0.0004097062 -0.9943773 0.1058956 0 -0.9952421 0.09743106 0.000655444 -0.9925096 0.1221665 0 -0.9925097 0.1221665 0 0.6020542 -0.7984552 0 0.6020542 -0.7984552 0 0 -0 1 0 -0 1 0 -0 1 0 -0 1 0 -0 1 0 -0 1 0 -0 1 0 -0 1 0 0 1 0 0 1 0 0 1 0 0 1 0 0 1 0 0 1 0 0 1 0 -0 1 0 0 1 0 0 1 0 0 1 0 0 1 0 0 1 0 0 1 0 0 1 0 -0 1 0 0 1 0 0 1 0 0 1 0 0 1 0 0 1 0 0 1 0 0 1 0 0 1 0 -0 1 0 0 1 0 0 1 0 0 1 0 0 1 0 0 1 0 0 1 0 -0 1 0 0 1 0 -0 1 0 -0 1 0 -0 1 0 -0 1 0 -0 1 0 0 1 0 0 1 0 0 1 0 0 1 0 0 1 0 0 1 0 -0 1 0 0 1 0 0 1 0 0 1 0 0 1 0 0 1 0 0 1 0 -0 1 0 0 1 0 0 1 0 0 1 0 0 1 0.8457268 -0.5336162 0 0.8457268 -0.5336162 0 0.8012543 -0.5983239 0 0.8012543 -0.5983239 0 0.751839 -0.6593468 0 0.751839 -0.6593468 0 0.6977904 -0.7163019 0 0.6977904 -0.7163019 0 0.6394377 -0.7688429 0 0.6394377 -0.7688429 0 0.5771474 -0.81664 0 0.5771474 -0.81664 0 0.5112917 -0.8594072 0 0.442289 -0.8968726 0 0.5112917 -0.8594072 0 0.442289 -0.8968726 0 0.3705596 -0.9288087 0 0.3705596 -0.9288087 0 0.2965405 -0.9550203 0 0.2965405 -0.9550203 0 0.2206969 -0.9753425 0 0.2206969 -0.9753425 0 0.1434936 -0.9896513 0 0.1434936 -0.9896513 0 0.06540141 -0.997859 0 0.06540141 -0.997859 0 -0.01308934 -0.9999143 0 -0.01308934 -0.9999143 0 -0.09150112 -0.995805 -0 -0.09150112 -0.995805 0 -0.16935 -0.9855559 0 -0.16935 -0.9855559 0 -0.2461534 -0.9692309 0 -0.2461534 -0.9692309 0 -0.32144 -0.94693 -0 -0.32144 -0.94693 0 -0.3947416 -0.9187922 0 -0.4656155 -0.8849871 -0 -0.3947416 -0.9187922 0 -0.4656155 -0.8849871 0 -0.5336156 -0.8457271 0 -0.5336156 -0.8457271 0 -0.5983244 -0.801254 0 -0.5983244 -0.801254 0 -0.659344 -0.7518414 0 -0.7163031 -0.6977893 -0 -0.659344 -0.7518414 0 -0.7688405 -0.6394405 -0 -0.7163031 -0.6977893 0 -0.7688405 -0.6394405 0 -0.8166427 -0.5771435 0 -0.8166427 -0.5771435 0 -0.8594055 -0.5112946 0 -0.8968733 -0.4422876 -0 -0.8594055 -0.5112946 0 -0.8968733 -0.4422876 0 -0.92881 -0.3705563 0 -0.92881 -0.3705563 0 -0.9550193 -0.2965437 0 -0.9753425 -0.2206969 -0 -0.9550193 -0.2965437 0 -0.9753425 -0.2206969 0 -0.9896516 -0.1434909 0 -0.9978587 -0.06540612 -0 -0.9896516 -0.1434909 0 -0.9999143 0.01309179 0 -0.9978587 -0.06540612 0 -0.9999143 0.01309179 0 -0.9958053 0.09149841 0 -0.9855555 0.1693526 0 -0.9958053 0.09149841 0 -0.9855555 0.1693526 0 -0.9692315 0.2461508 0 -0.9692315 0.2461508 0 -0.94693 0.32144 0 -0.94693 0.32144 0 -0.9187902 0.3947463 0 -0.9187902 0.3947463 0 -0.8849881 0.4656136 0 -0.8849881 0.4656136 0 -0.8457288 0.533613 0 -0.8457288 0.533613 0 -0.8012525 0.5983264 0 -0.8012525 0.5983264 0 -0.7518408 0.6593446 0 -0.7518408 0.6593446 0 -0.6977904 0.7163019 0 -0.6977904 0.7163019 0 -0.6394388 0.768842 0 -0.577145 0.8166417 0 -0.6394388 0.768842 0 -0.577145 0.8166417 0 -0.5112941 0.8594058 0 -0.5112941 0.8594058 0 -0.4422883 0.8968729 0 -0.4422883 0.8968729 0 -0.3705569 0.9288098 0 -0.3705569 0.9288098 0 -0.2965421 0.9550197 0 -0.2965421 0.9550197 0 -0.2206972 0.9753424 0 -0.1434923 0.9896514 0 -0.2206972 0.9753424 0 -0.06540321 0.9978589 0 -0.1434923 0.9896514 0 -0.06540321 0.9978589 0 0.01308971 0.9999143 0 0.09150142 0.9958049 0 0.01308971 0.9999143 -0 0.09150142 0.9958049 0 0.1693492 0.9855561 0 0.1693492 0.9855561 -0 0.2461538 0.9692308 0 0.2461538 0.9692308 -0 0.3214392 0.9469302 0 0.3214392 0.9469302 -0 0.3947434 0.9187914 0 0.3947434 0.9187914 -0 0.4656146 0.8849876 -0 0.4656146 0.8849876 0 0.5336151 0.8457274 -0 0.5336151 0.8457274 0 0.5983244 0.801254 -0 0.5983244 0.801254 0 0.6593475 0.7518383 0 0.6593475 0.7518383 0 0.7163004 0.697792 -0 0.7163004 0.697792 0 0.7688429 0.6394377 -0 0.7688429 0.6394377 0 0.8166403 0.5771471 0 0.8166403 0.5771471 0 0.8594076 0.511291 -0 0.8594076 0.511291 0 0.8968714 0.4422914 -0 0.8968714 0.4422914 0 0.9288101 0.3705561 -0 0.9288101 0.3705561 0 0.9550206 0.2965393 0 0.9550206 0.2965393 0 0.9753425 0.2206969 -0 0.9753425 0.2206969 0 0.989651 0.1434958 0 0.989651 0.1434958 0 0.997859 0.06540134 0 0.9999143 -0.01308697 0 0.997859 0.06540134 0 0.9999143 -0.01308697 0 0.9958048 -0.09150317 0 0.9958048 -0.09150317 0 0.9855563 -0.1693481 0 0.9855563 -0.1693481 0 0.9692304 -0.2461551 0 0.9469298 -0.3214404 0 0.9692304 -0.2461551 0 0.9469298 -0.3214404 0 0.918792 -0.394742 0 0.918792 -0.394742 0 0.8849881 -0.4656136 0 0.8849881 -0.4656136 0 -0 0 1 -0 0 1 -0 0 1 -0 0 1 0 0 1 -0 0 1 0 0 1 -0 0 1 0 0 1 0 0 1 0 0 1 0 0 1 -0 0 1 -0 0 1 0 0 1 0 0 1 -0 -0 1 0 0 1 -0 -0 1 0 0 1 0 0 1 0 0 1 0 0 1 0 0 1 -0 0 1 -0 0 1 -0 0 1 -0 0 1 -0 0 1 -0 -0 1 -0 -0 1 -0 -0 1 -0 0 1 -0 0 1 -0 0 1 0 0 1 0 0 1 0 0 1 0 0 1 0 0 1 -0 -0 1 0 0 1 0 0 1 -0 -0 1 0 0 1 0 0 1 -0 -0 1 -0 -0 1 0 0 1 0 0 1 0 0 1 0 0 1 -0 0 1 -0 -0 1 -0 0 1 -0 0 1 -0 -0 1 -0 0 1 -0 -0 1 -0 -0 1 -0 -0 1 -0 -0 1 -0 0 1 -0 0 1 -0 -0 1 0 0 1 0 0 1 0 -0 1 0 -0 1 0 0 1 0 0 1 0 0 1 0 0 1 0 -0 1 0 0 1 0 0 1 0 0 1 0 0 1 0.8457288 -0.533613 0 0.8457288 -0.533613 0 0.8012525 -0.5983264 0 0.8012525 -0.5983264 0 0.7518408 -0.6593446 0 0.7518408 -0.6593446 0 0.6977904 -0.7163019 0 0.6977904 -0.7163019 0 0.6394388 -0.768842 0 0.6394388 -0.768842 0 0.577145 -0.8166417 0 0.577145 -0.8166417 0 0.5112941 -0.8594058 0 0.4422883 -0.8968729 0 0.5112941 -0.8594058 0 0.4422883 -0.8968729 0 0.3705569 -0.9288098 0 0.3705569 -0.9288098 0 0.2965421 -0.9550197 0 0.2965421 -0.9550197 0 0.2206972 -0.9753424 0 0.2206972 -0.9753424 0 0.1434923 -0.9896514 0 0.1434923 -0.9896514 0 0.06540321 -0.9978589 0 0.06540321 -0.9978589 0 -0.01308971 -0.9999143 0 -0.01308971 -0.9999143 0 -0.09150142 -0.9958049 -0 -0.09150142 -0.9958049 0 -0.1693492 -0.9855561 0 -0.1693492 -0.9855561 0 -0.2461538 -0.9692308 0 -0.2461538 -0.9692308 0 -0.3214392 -0.9469302 -0 -0.3214392 -0.9469302 0 -0.3947434 -0.9187914 0 -0.4656146 -0.8849876 -0 -0.3947434 -0.9187914 0 -0.4656146 -0.8849876 0 -0.5336151 -0.8457274 0 -0.5336151 -0.8457274 0 -0.5983244 -0.801254 0 -0.5983244 -0.801254 0 -0.6593475 -0.7518383 0 -0.7163004 -0.697792 -0 -0.6593475 -0.7518383 0 -0.7688429 -0.6394377 -0 -0.7163004 -0.697792 0 -0.7688429 -0.6394377 0 -0.8166403 -0.5771471 0 -0.8166403 -0.5771471 0 -0.8594076 -0.511291 0 -0.8968714 -0.4422914 -0 -0.8594076 -0.511291 0 -0.8968714 -0.4422914 0 -0.9288101 -0.3705561 0 -0.9288101 -0.3705561 0 -0.9550206 -0.2965393 0 -0.9753425 -0.2206969 -0 -0.9550206 -0.2965393 0 -0.9753425 -0.2206969 0 -0.989651 -0.1434958 0 -0.997859 -0.06540134 -0 -0.989651 -0.1434958 0 -0.9999143 0.01308697 0 -0.997859 -0.06540134 0 -0.9999143 0.01308697 0 -0.9958048 0.09150317 0 -0.9855563 0.1693481 0 -0.9958048 0.09150317 0 -0.9855563 0.1693481 0 -0.9692304 0.2461551 0 -0.9692304 0.2461551 0 -0.9469298 0.3214404 0 -0.9469298 0.3214404 0 -0.918792 0.394742 0 -0.918792 0.394742 0 -0.8849881 0.4656136 0 -0.8849881 0.4656136 0 -0.8457268 0.5336162 0 -0.8457268 0.5336162 0 -0.8012543 0.5983239 0 -0.8012543 0.5983239 0 -0.751839 0.6593468 0 -0.751839 0.6593468 0 -0.6977904 0.7163019 0 -0.6977904 0.7163019 0 -0.6394377 0.7688429 0 -0.5771474 0.81664 0 -0.6394377 0.7688429 0 -0.5771474 0.81664 0 -0.5112917 0.8594072 0 -0.5112917 0.8594072 0 -0.442289 0.8968726 0 -0.442289 0.8968726 0 -0.3705596 0.9288087 0 -0.3705596 0.9288087 0 -0.2965405 0.9550203 0 -0.2965405 0.9550203 0 -0.2206969 0.9753425 0 -0.1434936 0.9896513 0 -0.2206969 0.9753425 0 -0.06540141 0.997859 0 -0.1434936 0.9896513 0 -0.06540141 0.997859 0 0.01308934 0.9999143 0 0.09150112 0.995805 0 0.01308934 0.9999143 -0 0.09150112 0.995805 0 0.16935 0.9855559 0 0.16935 0.9855559 -0 0.2461534 0.9692309 0 0.2461534 0.9692309 -0 0.32144 0.94693 0 0.32144 0.94693 -0 0.3947416 0.9187922 0 0.3947416 0.9187922 -0 0.4656155 0.8849871 -0 0.4656155 0.8849871 0 0.5336156 0.8457271 -0 0.5336156 0.8457271 0 0.5983244 0.801254 -0 0.5983244 0.801254 0 0.659344 0.7518414 0 0.659344 0.7518414 0 0.7163031 0.6977893 -0 0.7163031 0.6977893 0 0.7688405 0.6394405 -0 0.7688405 0.6394405 0 0.8166427 0.5771435 0 0.8166427 0.5771435 0 0.8594055 0.5112946 -0 0.8594055 0.5112946 0 0.8968733 0.4422876 -0 0.8968733 0.4422876 0 0.92881 0.3705563 -0 0.92881 0.3705563 0 0.9550193 0.2965437 0 0.9550193 0.2965437 0 0.9753425 0.2206969 -0 0.9753425 0.2206969 0 0.9896516 0.1434909 0 0.9896516 0.1434909 0 0.9978587 0.06540612 0 0.9999143 -0.01309179 0 0.9978587 0.06540612 0 0.9999143 -0.01309179 0 0.9958053 -0.09149841 0 0.9958053 -0.09149841 0 0.9855555 -0.1693526 0 0.9855555 -0.1693526 0 0.9692315 -0.2461508 0 0.94693 -0.32144 0 0.9692315 -0.2461508 0 0.94693 -0.32144 0 0.9187902 -0.3947463 0 0.9187902 -0.3947463 0 0.8849881 -0.4656136 0 0.8849881 -0.4656136 0 0 0 1 -0 0 1 0 0 1 0 0 1 -0 0 1 0 0 1 0 0 1 0 0 1 -0 0 1 -0 0 1 -0 0 1 -0 0 1 0 0 1 0 0 1 0 0 1 0 0 1 0 0 1 0 0 1 0 0 1 -0 -0 1 0 0 1 -0 -0 1 0 0 1 -0 -0 1 -0 0 1 -0 0 1 -0 0 1 -0 0 1 -0 -0 1 -0 0 1 -0 0 1 0 0 1 0 0 1 0 0 1 0 0 1 0 0 1 0 0 1 -0 -0 1 -0 -0 1 -0 -0 1 -0 -0 1 -0 -0 1 0 0 1 -0 -0 1 -0 -0 1 0 0 1 0 0 1 0 0 1 0 0 1 -0 -0 1 -0 -0 1 -0 -0 1 -0 -0 1 -0 0 1 -0 -0 1 -0 0 1 -0 0 1 -0 0 1 -0 0 1 0 0 1 -0 0 1 -0 0 1 -0 0 1 -0 0 1 0 -0 1 -0 0 1 0 0 1 0 0 1 0 0 1 0 0 1 0 -0 1 0 -0 1 -0 -0 1 0 0 1 0 0 1 0 0 1 0 0 1 0 0 1 0.8457271 -0.5336156 0 0.8457271 -0.5336156 0 0.801254 -0.5983244 0 0.801254 -0.5983244 0 0.7518414 -0.659344 0 0.7518414 -0.659344 0 0.6977893 -0.7163031 0 0.6977893 -0.7163031 0 0.6394405 -0.7688405 0 0.6394405 -0.7688405 0 0.5771435 -0.8166427 0 0.5771435 -0.8166427 0 0.5112946 -0.8594055 0 0.4422876 -0.8968733 0 0.5112946 -0.8594055 0 0.4422876 -0.8968733 0 0.3705563 -0.92881 0 0.3705563 -0.92881 0 0.2965437 -0.9550193 0 0.2965437 -0.9550193 0 0.2206969 -0.9753425 0 0.2206969 -0.9753425 0 0.1434909 -0.9896516 0 0.1434909 -0.9896516 0 0.06540612 -0.9978587 0 0.06540612 -0.9978587 0 -0.01309179 -0.9999143 0 -0.01309179 -0.9999143 0 -0.09149841 -0.9958053 -0 -0.09149841 -0.9958053 0 -0.1693526 -0.9855555 0 -0.1693526 -0.9855555 0 -0.2461508 -0.9692315 0 -0.2461508 -0.9692315 0 -0.32144 -0.94693 -0 -0.32144 -0.94693 0 -0.3947463 -0.9187902 0 -0.4656136 -0.8849881 -0 -0.3947463 -0.9187902 0 -0.4656136 -0.8849881 0 -0.533613 -0.8457288 0 -0.533613 -0.8457288 0 -0.5983264 -0.8012525 0 -0.5983264 -0.8012525 0 -0.6593446 -0.7518408 0 -0.7163019 -0.6977904 -0 -0.6593446 -0.7518408 0 -0.768842 -0.6394388 -0 -0.7163019 -0.6977904 0 -0.768842 -0.6394388 0 -0.8166417 -0.577145 0 -0.8166417 -0.577145 0 -0.8594058 -0.5112941 0 -0.8968729 -0.4422883 -0 -0.8594058 -0.5112941 0 -0.8968729 -0.4422883 0 -0.9288098 -0.3705569 0 -0.9288098 -0.3705569 0 -0.9550197 -0.2965421 0 -0.9753424 -0.2206972 -0 -0.9550197 -0.2965421 0 -0.9753424 -0.2206972 0 -0.9896514 -0.1434923 0 -0.9978589 -0.06540321 -0 -0.9896514 -0.1434923 0 -0.9999143 0.01308971 0 -0.9978589 -0.06540321 0 -0.9999143 0.01308971 0 -0.9958049 0.09150142 0 -0.9855561 0.1693492 0 -0.9958049 0.09150142 0 -0.9855561 0.1693492 0 -0.9692308 0.2461538 0 -0.9692308 0.2461538 0 -0.9469302 0.3214392 0 -0.9469302 0.3214392 0 -0.9187914 0.3947434 0 -0.9187914 0.3947434 0 -0.8849876 0.4656146 0 -0.8849876 0.4656146 0 -0.8457274 0.5336151 0 -0.8457274 0.5336151 0 -0.801254 0.5983244 0 -0.801254 0.5983244 0 -0.7518383 0.6593475 0 -0.7518383 0.6593475 0 -0.697792 0.7163004 0 -0.697792 0.7163004 0 -0.6394377 0.7688429 0 -0.5771471 0.8166403 0 -0.6394377 0.7688429 0 -0.5771471 0.8166403 0 -0.511291 0.8594076 0 -0.511291 0.8594076 0 -0.4422914 0.8968714 0 -0.4422914 0.8968714 0 -0.3705561 0.9288101 0 -0.3705561 0.9288101 0 -0.2965393 0.9550206 0 -0.2965393 0.9550206 0 -0.2206969 0.9753425 0 -0.1434958 0.989651 0 -0.2206969 0.9753425 0 -0.06540134 0.997859 0 -0.1434958 0.989651 0 -0.06540134 0.997859 0 0.01308697 0.9999143 0 0.09150317 0.9958048 0 0.01308697 0.9999143 -0 0.09150317 0.9958048 0 0.1693481 0.9855563 0 0.1693481 0.9855563 -0 0.2461551 0.9692304 0 0.2461551 0.9692304 -0 0.3214404 0.9469298 0 0.3214404 0.9469298 -0 0.394742 0.918792 0 0.394742 0.918792 -0 0.4656136 0.8849881 -0 0.4656136 0.8849881 0 0.5336162 0.8457268 -0 0.5336162 0.8457268 0 0.5983239 0.8012543 -0 0.5983239 0.8012543 0 0.6593468 0.751839 0 0.6593468 0.751839 0 0.7163019 0.6977904 -0 0.7163019 0.6977904 0 0.7688429 0.6394377 -0 0.7688429 0.6394377 0 0.81664 0.5771474 0 0.81664 0.5771474 0 0.8594072 0.5112917 -0 0.8594072 0.5112917 0 0.8968726 0.442289 -0 0.8968726 0.442289 0 0.9288087 0.3705596 -0 0.9288087 0.3705596 0 0.9550203 0.2965405 0 0.9550203 0.2965405 0 0.9753425 0.2206969 -0 0.9753425 0.2206969 0 0.9896513 0.1434936 0 0.9896513 0.1434936 0 0.997859 0.06540141 0 0.9999143 -0.01308934 0 0.997859 0.06540141 0 0.9999143 -0.01308934 0 0.995805 -0.09150112 0 0.995805 -0.09150112 0 0.9855559 -0.16935 0 0.9855559 -0.16935 0 0.9692309 -0.2461534 0 0.94693 -0.32144 0 0.9692309 -0.2461534 0 0.94693 -0.32144 0 0.9187922 -0.3947416 0 0.9187922 -0.3947416 0 0.8849871 -0.4656155 0 0.8849871 -0.4656155 0 0 0 1 -0 0 1 0 0 1 0 0 1 -0 0 1 0 0 1 0 0 1 0 0 1 -0 0 1 -0 0 1 -0 0 1 -0 0 1 0 0 1 0 0 1 0 0 1 0 0 1 0 0 1 0 0 1 0 0 1 -0 -0 1 0 0 1 -0 -0 1 0 0 1 -0 -0 1 -0 0 1 -0 0 1 -0 0 1 -0 0 1 -0 -0 1 -0 0 1 -0 0 1 0 0 1 0 0 1 0 0 1 0 0 1 0 0 1 0 0 1 -0 -0 1 -0 -0 1 -0 -0 1 -0 -0 1 -0 -0 1 0 0 1 -0 -0 1 -0 -0 1 0 0 1 0 0 1 0 0 1 0 0 1 -0 -0 1 -0 -0 1 -0 -0 1 -0 -0 1 -0 0 1 -0 -0 1 -0 0 1 -0 0 1 -0 0 1 -0 0 1 0 0 1 -0 0 1 -0 0 1 -0 0 1 -0 0 1 0 -0 1 -0 0 1 0 0 1 0 0 1 0 0 1 0 0 1 0 -0 1 0 -0 1 -0 -0 1 0 0 1 0 0 1 0 0 1 0 0 1 0 0 1 0.8457274 -0.5336151 0 0.8457274 -0.5336151 0 0.801254 -0.5983244 0 0.801254 -0.5983244 0 0.7518383 -0.6593475 0 0.7518383 -0.6593475 0 0.697792 -0.7163004 0 0.697792 -0.7163004 0 0.6394377 -0.7688429 0 0.6394377 -0.7688429 0 0.5771471 -0.8166403 0 0.5771471 -0.8166403 0 0.511291 -0.8594076 0 0.4422914 -0.8968714 0 0.511291 -0.8594076 0 0.4422914 -0.8968714 0 0.3705561 -0.9288101 0 0.3705561 -0.9288101 0 0.2965393 -0.9550206 0 0.2965393 -0.9550206 0 0.2206969 -0.9753425 0 0.2206969 -0.9753425 0 0.1434958 -0.989651 0 0.1434958 -0.989651 0 0.06540134 -0.997859 0 0.06540134 -0.997859 0 -0.01308697 -0.9999143 0 -0.01308697 -0.9999143 0 -0.09150317 -0.9958048 -0 -0.09150317 -0.9958048 0 -0.1693481 -0.9855563 0 -0.1693481 -0.9855563 0 -0.2461551 -0.9692304 0 -0.2461551 -0.9692304 0 -0.3214404 -0.9469298 -0 -0.3214404 -0.9469298 0 -0.394742 -0.918792 0 -0.4656136 -0.8849881 -0 -0.394742 -0.918792 0 -0.4656136 -0.8849881 0 -0.5336162 -0.8457268 0 -0.5336162 -0.8457268 0 -0.5983239 -0.8012543 0 -0.5983239 -0.8012543 0 -0.6593468 -0.751839 0 -0.7163019 -0.6977904 -0 -0.6593468 -0.751839 0 -0.7688429 -0.6394377 -0 -0.7163019 -0.6977904 0 -0.7688429 -0.6394377 0 -0.81664 -0.5771474 0 -0.81664 -0.5771474 0 -0.8594072 -0.5112917 0 -0.8968726 -0.442289 -0 -0.8594072 -0.5112917 0 -0.8968726 -0.442289 0 -0.9288087 -0.3705596 0 -0.9288087 -0.3705596 0 -0.9550203 -0.2965405 0 -0.9753425 -0.2206969 -0 -0.9550203 -0.2965405 0 -0.9753425 -0.2206969 0 -0.9896513 -0.1434936 0 -0.997859 -0.06540141 -0 -0.9896513 -0.1434936 0 -0.9999143 0.01308934 0 -0.997859 -0.06540141 0 -0.9999143 0.01308934 0 -0.995805 0.09150112 0 -0.9855559 0.16935 0 -0.995805 0.09150112 0 -0.9855559 0.16935 0 -0.9692309 0.2461534 0 -0.9692309 0.2461534 0 -0.94693 0.32144 0 -0.94693 0.32144 0 -0.9187922 0.3947416 0 -0.9187922 0.3947416 0 -0.8849871 0.4656155 0 -0.8849871 0.4656155 0 -0.8457271 0.5336156 0 -0.8457271 0.5336156 0 -0.801254 0.5983244 0 -0.801254 0.5983244 0 -0.7518414 0.659344 0 -0.7518414 0.659344 0 -0.6977893 0.7163031 0 -0.6977893 0.7163031 0 -0.6394405 0.7688405 0 -0.5771435 0.8166427 0 -0.6394405 0.7688405 0 -0.5771435 0.8166427 0 -0.5112946 0.8594055 0 -0.5112946 0.8594055 0 -0.4422876 0.8968733 0 -0.4422876 0.8968733 0 -0.3705563 0.92881 0 -0.3705563 0.92881 0 -0.2965437 0.9550193 0 -0.2965437 0.9550193 0 -0.2206969 0.9753425 0 -0.1434909 0.9896516 0 -0.2206969 0.9753425 0 -0.06540612 0.9978587 0 -0.1434909 0.9896516 0 -0.06540612 0.9978587 0 0.01309179 0.9999143 0 0.09149841 0.9958053 0 0.01309179 0.9999143 -0 0.09149841 0.9958053 0 0.1693526 0.9855555 0 0.1693526 0.9855555 -0 0.2461508 0.9692315 0 0.2461508 0.9692315 -0 0.32144 0.94693 0 0.32144 0.94693 -0 0.3947463 0.9187902 0 0.3947463 0.9187902 -0 0.4656136 0.8849881 -0 0.4656136 0.8849881 0 0.533613 0.8457288 -0 0.533613 0.8457288 0 0.5983264 0.8012525 -0 0.5983264 0.8012525 0 0.6593446 0.7518408 0 0.6593446 0.7518408 0 0.7163019 0.6977904 -0 0.7163019 0.6977904 0 0.768842 0.6394388 -0 0.768842 0.6394388 0 0.8166417 0.577145 0 0.8166417 0.577145 0 0.8594058 0.5112941 -0 0.8594058 0.5112941 0 0.8968729 0.4422883 -0 0.8968729 0.4422883 0 0.9288098 0.3705569 -0 0.9288098 0.3705569 0 0.9550197 0.2965421 0 0.9550197 0.2965421 0 0.9753424 0.2206972 -0 0.9753424 0.2206972 0 0.9896514 0.1434923 0 0.9896514 0.1434923 0 0.9978589 0.06540321 0 0.9999143 -0.01308971 0 0.9978589 0.06540321 0 0.9999143 -0.01308971 0 0.9958049 -0.09150142 0 0.9958049 -0.09150142 0 0.9855561 -0.1693492 0 0.9855561 -0.1693492 0 0.9692308 -0.2461538 0 0.9469302 -0.3214392 0 0.9692308 -0.2461538 0 0.9469302 -0.3214392 0 0.9187914 -0.3947434 0 0.9187914 -0.3947434 0 0.8849876 -0.4656146 0 0.8849876 -0.4656146 0 0 0 1 -0 0 1 0 0 1 -0 0 1 0 0 1 0 0 1 0 0 1 -0 0 1 -0 0 1 -0 0 1 0 0 1 0 0 1 0 0 1 0 0 1 0 0 1 0 0 1 -0 -0 1 0 0 1 -0 -0 1 -0 -0 1 0 0 1 0 0 1 -0 -0 1 -0 0 1 -0 0 1 -0 0 1 -0 0 1 -0 0 1 -0 -0 1 -0 -0 1 -0 0 1 -0 0 1 -0 -0 1 0 0 1 0 0 1 0 0 1 -0 -0 1 -0 -0 1 0 0 1 0 0 1 0 0 1 0 0 1 -0 -0 1 -0 -0 1 0 0 1 -0 -0 1 -0 -0 1 -0 -0 1 -0 -0 1 0 0 1 0 0 1 0 0 1 0 0 1 0 -0 1 -0 0 1 -0 0 1 0 0 1 -0 -0 1 -0 0 1 -0 0 1 -0 0 1 -0 0 1 0 -0 1 -0 0 1 -0 0 1 0 -0 1 -0 0 1 0 0 1 0 0 1 0 0 1 0 0 1 0 0 1 -0 0 1 0 -0 1 0 0 1 0 0 1 0 0 1 0 0 1 -0.6210933 0.3382293 -0.7069964 -0.6210928 0.3382292 -0.706997 -0.603462 0.3687676 -0.7069964 -0.6034617 0.368767 -0.706997 -0.6371804 0.30685 -0.7069966 -0.6516837 0.2747075 -0.7069965 -0.6516832 0.2747076 -0.706997 -0.6371801 0.3068498 -0.706997 -0.6379166 0.3270409 -0.6972136 -0.6206704 0.3181993 -0.7166013 -0.6645663 0.2418823 -0.706997 -0.6757969 0.208456 -0.7069969 -0.6757972 0.208455 -0.7069969 -0.6645662 0.2418825 -0.7069969 -0.667309 0.2618998 -0.6972139 -0.6492686 0.2548194 -0.7166012 -0.6853478 0.1745104 -0.7069968 -0.6931942 0.1401328 -0.7069969 -0.6931942 0.1401331 -0.7069969 -0.6853476 0.1745112 -0.7069968 -0.69007 0.1941554 -0.6972137 -0.6714146 0.1889065 -0.7166009 -0.6993178 0.1054046 -0.7069968 -0.7037023 0.07041665 -0.7069967 -0.7059727 0.124482 -0.6972136 -0.6868864 0.1211165 -0.7166017 -0.7037023 0.07041688 -0.7069968 -0.6993179 0.1054041 -0.7069968 -0.7063376 0.03525139 -0.7069969 -0.7072167 0 -0.7069969 -0.7072167 0 -0.7069969 -0.7063376 0.03525129 -0.7069969 -0.7148589 0.05357138 -0.6972136 -0.6955326 0.05212307 -0.7166014 -0.7063376 -0.03525138 -0.7069969 -0.7037023 -0.07041664 -0.7069969 -0.7037023 -0.07041688 -0.7069969 -0.7063376 -0.03525129 -0.7069969 -0.7166402 -0.01787163 -0.6972141 -0.6972665 -0.01738849 -0.716601 -0.6920707 -0.08672765 -0.7166007 -0.6993176 -0.1054046 -0.7069969 -0.6931942 -0.1401328 -0.7069969 -0.6931942 -0.1401331 -0.706997 -0.6993178 -0.1054041 -0.7069969 -0.7112994 -0.08913732 -0.6972144 -0.685348 -0.1745104 -0.7069966 -0.6757972 -0.208456 -0.7069967 -0.6757975 -0.2084551 -0.7069967 -0.6853479 -0.1745112 -0.7069966 -0.6988895 -0.1595172 -0.6972142 -0.6799961 -0.1552049 -0.7166009 -0.6645663 -0.2418823 -0.706997 -0.6516834 -0.2747073 -0.7069969 -0.6516833 -0.2747076 -0.7069968 -0.6645663 -0.2418825 -0.7069968 -0.6795341 -0.2283112 -0.6972139 -0.6611634 -0.2221389 -0.7166013 -0.6371801 -0.3068499 -0.7069969 -0.621093 -0.3382291 -0.7069969 -0.621093 -0.3382294 -0.7069967 -0.6371803 -0.3068499 -0.7069967 -0.653425 -0.2948366 -0.6972139 -0.6357601 -0.2868659 -0.7166011 -0.6034619 -0.3687676 -0.7069966 -0.6208217 -0.3584317 -0.6972139 -0.5843298 -0.3983898 -0.7069966 -0.6040382 -0.3487417 -0.716601 -0.5843296 -0.3983893 -0.7069972 -0.6034617 -0.3687669 -0.7069971 -0.5637448 -0.427021 -0.706997 -0.5417594 -0.4545898 -0.706997 -0.5417597 -0.4545898 -0.7069969 -0.5637451 -0.427021 -0.7069969 -0.5663129 -0.4071513 -0.7166014 -0.5820485 -0.4184645 -0.6972138 -0.5184264 -0.4810294 -0.7069971 -0.4938048 -0.5062733 -0.7069966 -0.5184263 -0.4810301 -0.7069966 -0.4938049 -0.5062725 -0.706997 -0.5374905 -0.474338 -0.6972141 -0.5229598 -0.4615145 -0.7166013 -0.474409 -0.5112917 -0.7166009 -0.4875907 -0.5254983 -0.6972137 -0.4409427 -0.5529239 -0.706997 -0.4679554 -0.5302575 -0.706997 -0.4679544 -0.5302583 -0.706997 -0.4409433 -0.5529234 -0.7069971 -0.3836973 -0.5940806 -0.7069968 -0.4128331 -0.5742163 -0.7069969 -0.4128329 -0.5742164 -0.7069968 -0.3836975 -0.5940806 -0.7069968 -0.4211435 -0.5559862 -0.7166014 -0.4328456 -0.571435 -0.6972135 -0.3226395 -0.6293323 -0.7069969 -0.3536089 -0.6124672 -0.7069969 -0.3536089 -0.6124675 -0.7069967 -0.3226397 -0.6293322 -0.7069967 -0.3636925 -0.5951563 -0.7166008 -0.3737976 -0.6116925 -0.6972141 -0.3110352 -0.6458716 -0.6972138 -0.258375 -0.6583295 -0.7069969 -0.290869 -0.6446322 -0.7069969 -0.2908686 -0.6446323 -0.7069969 -0.2583751 -0.6583295 -0.7069969 -0.3026265 -0.6284108 -0.7166011 -0.1915424 -0.6807842 -0.7069966 -0.2385537 -0.65542 -0.7166008 -0.2252397 -0.6703901 -0.7069966 -0.2451818 -0.6736305 -0.6972142 -0.2252391 -0.6703896 -0.7069972 -0.1915428 -0.6807835 -0.7069973 -0.1228073 -0.6964722 -0.7069971 -0.1573708 -0.689485 -0.7069971 -0.1768908 -0.6946958 -0.6972141 -0.1573711 -0.6894856 -0.7069964 -0.1228061 -0.6964731 -0.7069964 -0.1721087 -0.6759155 -0.7166008 -0.0528505 -0.7052389 -0.706997 -0.08793747 -0.7017279 -0.7069971 -0.08793893 -0.7017285 -0.7069963 -0.05284948 -0.7052397 -0.7069964 -0.1068429 -0.7088563 -0.697214 -0.1039544 -0.6896924 -0.7166016 0.01763092 -0.7069969 -0.7069969 -0.01763092 -0.7069969 -0.7069969 -0.03573269 -0.715972 -0.697214 -0.03476667 -0.6966159 -0.7166014 -0.01763147 -0.7069969 -0.7069969 0.01763147 -0.7069969 -0.7069969 0.03476667 -0.6966159 -0.7166014 0.08793747 -0.7017279 -0.7069971 0.0528505 -0.7052389 -0.706997 0.05284948 -0.7052397 -0.7069964 0.08793893 -0.7017285 -0.7069963 0.03573269 -0.7159719 -0.697214 0.1573708 -0.689485 -0.7069971 0.1228073 -0.6964722 -0.7069971 0.1228061 -0.6964731 -0.7069964 0.1573711 -0.6894856 -0.7069964 0.1068429 -0.7088563 -0.697214 0.1039544 -0.6896924 -0.7166016 0.2252397 -0.6703901 -0.7069966 0.1915424 -0.6807842 -0.7069966 0.1768908 -0.6946958 -0.6972141 0.1915428 -0.6807835 -0.7069973 0.1721087 -0.6759155 -0.7166009 0.2252391 -0.6703896 -0.7069972 0.290869 -0.6446322 -0.7069969 0.258375 -0.6583295 -0.7069969 0.2385537 -0.65542 -0.7166008 0.2583751 -0.6583295 -0.7069969 0.2908686 -0.6446323 -0.7069969 0.2451818 -0.6736305 -0.6972142 0.3536089 -0.6124672 -0.7069969 0.3226395 -0.6293323 -0.7069969 0.3226397 -0.6293322 -0.7069967 0.3536089 -0.6124675 -0.7069967 0.3110352 -0.6458716 -0.6972138 0.3026264 -0.6284107 -0.7166011 0.3737976 -0.6116925 -0.6972141 0.3836975 -0.5940806 -0.7069968 0.4128329 -0.5742164 -0.7069968 0.3636925 -0.5951563 -0.7166008 0.4128331 -0.5742163 -0.7069969 0.3836973 -0.5940806 -0.7069968 0.4211435 -0.5559862 -0.7166014 0.4328456 -0.571435 -0.6972135 0.4409433 -0.5529234 -0.7069971 0.4679544 -0.5302583 -0.706997 0.4679554 -0.5302575 -0.706997 0.4409427 -0.5529239 -0.706997 0.4938049 -0.5062725 -0.706997 0.5184264 -0.4810294 -0.7069971 0.474409 -0.5112917 -0.716601 0.5184263 -0.4810301 -0.7069966 0.4938048 -0.5062733 -0.7069966 0.4875907 -0.5254983 -0.6972138 0.5417594 -0.4545898 -0.706997 0.5637448 -0.427021 -0.706997 0.5229598 -0.4615146 -0.7166013 0.5374905 -0.474338 -0.6972141 0.5637451 -0.427021 -0.7069969 0.5417597 -0.4545898 -0.7069969 0.5663129 -0.4071513 -0.7166014 0.5820485 -0.4184645 -0.6972138 0.5843298 -0.3983898 -0.7069966 0.6034619 -0.3687676 -0.7069966 0.6034617 -0.3687669 -0.7069971 0.5843296 -0.3983893 -0.7069972 0.6040382 -0.3487418 -0.716601 0.6208217 -0.3584317 -0.6972139 0.621093 -0.3382291 -0.7069969 0.6371801 -0.3068499 -0.7069969 0.6371803 -0.3068499 -0.7069967 0.621093 -0.3382294 -0.7069967 0.6516834 -0.2747073 -0.7069969 0.6645663 -0.2418823 -0.706997 0.6357602 -0.2868659 -0.716601 0.6645663 -0.2418825 -0.7069968 0.6516833 -0.2747076 -0.7069968 0.653425 -0.2948366 -0.6972139 0.6757972 -0.208456 -0.7069967 0.685348 -0.1745104 -0.7069966 0.6611634 -0.2221389 -0.7166013 0.6795341 -0.2283112 -0.6972139 0.6853479 -0.1745112 -0.7069966 0.6757975 -0.2084551 -0.7069967 0.6799961 -0.1552049 -0.7166009 0.6988896 -0.1595173 -0.6972142 0.6931942 -0.1401328 -0.7069969 0.6993176 -0.1054046 -0.7069969 0.6993178 -0.1054041 -0.7069969 0.6931942 -0.1401331 -0.706997 0.7112994 -0.08913732 -0.6972144 0.7037023 -0.07041664 -0.7069969 0.7063376 -0.03525138 -0.7069969 0.7063376 -0.03525129 -0.7069969 0.7037023 -0.07041688 -0.7069969 0.6920707 -0.08672765 -0.7166007 0.7072167 0 -0.7069969 0.7063376 0.03525139 -0.7069969 0.7063376 0.03525129 -0.7069969 0.6972666 -0.01738849 -0.716601 0.7072167 0 -0.7069969 0.7166402 -0.01787163 -0.6972141 0.6955326 0.05212307 -0.7166016 0.7148589 0.05357138 -0.6972136 0.7037023 0.07041665 -0.7069967 0.6993178 0.1054046 -0.7069968 0.6993179 0.1054041 -0.7069968 0.7037023 0.07041688 -0.7069968 0.6868864 0.1211165 -0.7166017 0.6853476 0.1745112 -0.7069968 0.6931942 0.1401331 -0.7069969 0.7059727 0.124482 -0.6972136 0.6931942 0.1401328 -0.7069969 0.6853478 0.1745104 -0.7069968 0.6645662 0.2418825 -0.7069969 0.6757972 0.208455 -0.7069969 0.6757969 0.208456 -0.7069969 0.6645663 0.2418823 -0.706997 0.6714146 0.1889065 -0.7166009 0.69007 0.1941554 -0.6972137 0.667309 0.2618997 -0.6972139 0.6371801 0.3068498 -0.706997 0.6516832 0.2747076 -0.706997 0.6516837 0.2747075 -0.7069965 0.6492686 0.2548194 -0.7166012 0.6371804 0.30685 -0.7069966 0.6206704 0.3181993 -0.7166013 0.6379164 0.3270408 -0.6972136 0.6034617 0.368767 -0.706997 0.6210928 0.3382292 -0.706997 0.6210933 0.3382293 -0.7069964 0.603462 0.3687676 -0.7069964 0.6021841 0.3889316 -0.6972134 0.5859036 0.3784166 -0.7166017 0.5637447 0.4270207 -0.7069973 0.5843294 0.3983891 -0.7069973 0.5843298 0.3983898 -0.7069966 0.5637452 0.4270213 -0.7069966 0.5453143 0.4348736 -0.7166013 0.5604661 0.4469568 -0.697214 0.5184259 0.4810297 -0.7069973 0.5417594 0.4545895 -0.7069973 0.5417597 0.45459 -0.7069967 0.5184266 0.4810295 -0.7069967 0.5131786 0.5005403 -0.6972139 0.4993051 0.4870085 -0.7166012 0.4679556 0.5302577 -0.7069968 0.4938047 0.5062732 -0.7069968 0.4938053 0.5062729 -0.7069965 0.4679548 0.5302587 -0.7069965 0.448334 0.534303 -0.716601 0.4607908 0.5491484 -0.6972144 0.4128331 0.5742164 -0.7069967 0.4409428 0.5529241 -0.7069967 0.4409434 0.5529235 -0.7069969 0.4128329 0.5742163 -0.7069969 0.353609 0.6124674 -0.7069967 0.3836974 0.5940807 -0.7069967 0.403823 0.5923002 -0.697214 0.392906 0.5762879 -0.7166011 0.3836975 0.5940805 -0.7069969 0.3536088 0.6124673 -0.7069969 0.2908691 0.6446323 -0.7069967 0.3226396 0.6293324 -0.7069968 0.3335742 0.6125446 -0.7166013 0.3226397 0.6293322 -0.7069967 0.3428429 0.6295648 -0.6972136 0.2908687 0.6446325 -0.7069968 0.2709268 0.6427143 -0.716601 0.2252397 0.6703901 -0.7069966 0.2583751 0.6583298 -0.7069966 0.2784545 0.6605722 -0.6972141 0.258375 0.6583292 -0.7069972 0.2252391 0.6703897 -0.7069971 0.157371 0.689485 -0.7069972 0.2112991 0.6850147 -0.6972142 0.2055869 0.666496 -0.7166011 0.1573709 0.6894855 -0.7069965 0.1915424 0.6807844 -0.7069964 0.1915428 0.6807836 -0.7069971 0.1228059 0.696472 -0.7069975 0.0879388 0.7017274 -0.7069975 0.1420438 0.7026494 -0.697214 0.1382038 0.6836541 -0.7166009 0.08793752 0.7017283 -0.7069968 0.1228074 0.6964725 -0.7069968 0.0528494 0.7052388 -0.7069975 0.01763146 0.7069963 -0.7069974 0.07137644 0.7133008 -0.697214 0.01763093 0.7069971 -0.7069967 0.05285053 0.7052394 -0.7069967 0.06944685 0.6940175 -0.7166008 -0.01763146 0.7069963 -0.7069974 -0.0528494 0.7052388 -0.7069975 -0.05285053 0.7052394 -0.7069967 -0.01763093 0.7069971 -0.7069967 0 0.7168626 -0.6972144 0 0.6974837 -0.7166007 -0.0879388 0.7017274 -0.7069975 -0.1228059 0.696472 -0.7069975 -0.1228074 0.6964725 -0.7069968 -0.08793752 0.7017283 -0.7069968 -0.06944685 0.6940175 -0.7166008 -0.07137644 0.7133008 -0.697214 -0.157371 0.689485 -0.7069972 -0.1915428 0.6807836 -0.7069971 -0.1915424 0.6807844 -0.7069964 -0.1573709 0.6894855 -0.7069965 -0.1420438 0.7026494 -0.697214 -0.1382038 0.6836541 -0.7166008 -0.2055869 0.666496 -0.7166011 -0.2252391 0.6703897 -0.7069971 -0.258375 0.6583292 -0.7069972 -0.2583751 0.6583298 -0.7069966 -0.2252397 0.6703901 -0.7069966 -0.2112991 0.6850147 -0.6972142 -0.2709268 0.6427144 -0.716601 -0.2908687 0.6446325 -0.7069968 -0.3226397 0.6293322 -0.7069967 -0.2784545 0.6605722 -0.6972141 -0.3226396 0.6293324 -0.7069968 -0.2908691 0.6446323 -0.7069967 -0.3536088 0.6124673 -0.7069969 -0.3836975 0.5940805 -0.7069969 -0.3428429 0.6295648 -0.6972137 -0.3335742 0.6125446 -0.7166013 -0.3836974 0.5940807 -0.7069967 -0.353609 0.6124674 -0.7069967 -0.4128329 0.5742163 -0.7069969 -0.4409434 0.5529235 -0.7069969 -0.4409428 0.5529241 -0.7069967 -0.4128331 0.5742164 -0.7069967 -0.403823 0.5923002 -0.697214 -0.392906 0.576288 -0.716601 -0.4679548 0.5302587 -0.7069965 -0.4938053 0.5062729 -0.7069965 -0.4938047 0.5062732 -0.7069968 -0.4679556 0.5302577 -0.7069968 -0.4607908 0.5491484 -0.6972144 -0.448334 0.534303 -0.716601 -0.5184266 0.4810295 -0.7069967 -0.5417597 0.45459 -0.7069967 -0.5417594 0.4545895 -0.7069973 -0.5184259 0.4810297 -0.7069973 -0.4993051 0.4870085 -0.7166012 -0.5131786 0.5005403 -0.6972138 -0.5637452 0.4270213 -0.7069966 -0.5843298 0.3983898 -0.7069966 -0.5843294 0.3983891 -0.7069973 -0.5637447 0.4270207 -0.7069973 -0.6021841 0.3889316 -0.6972134 -0.5859036 0.3784166 -0.7166017 -0.5604661 0.4469568 -0.697214 -0.5453142 0.4348736 -0.7166013 0 0 -1 0 0 -1 0 0 -1 0 0 -1 0 0 -1 0 0 -1 0 0 -1 0 0 -1 0 0 -1 0 0 -1 0 0 -1 0 0 -1 0 -0 -1 0 0 -1 0 0 -1 0 0 -1 0 -0 -1 0 0 -1 0 -0 -1 0 -0 -1 0 0 -1 0 0 -1 0 -0 -1 0 -0 -1 0 -0 -1 0 -0 -1 0 0 -1 0 0 -1 0 0 -1 0 0 -1 0 0 -1 0 -0 -1 0 -0 -1 0 0 -1 0 -0 -1 0 0 -1 0 0 -1 0 -0 -1 0 -0 -1 0 0 -1 0 -0 -1 0 0 -1 0 -0 -1 0 -0 -1 0 -0 -1 0 0 -1 0 0 -1 0 0 -1 0 0 -1 0 0 -1 0 0 -1 0 0 -1 0 -0 -1 0 -0 -1 0 -0 -1 0 -0 -1 0 -0 -1 0 0 -1 0 -0 -1 0 0 -1 0 0 -1 0 0 -1 0 0 -1 0 -0 -1 0 -0 -1 0 -0 -1 -0 -0 -1 0 -0 -1 0 -0 -1 0 -0 -1 0 0 -1 0 0 -1 0 0 -1 0 0 -1 0 -0 -1 0 0 -1 0 0 -1 0 0 -1 0 0 -1 0 0 -1 -0 -0 -1 -0 -0 -1 -0 -0 -1 0 0 -1 0 0 -1 -0 -0 -1 -0 -0 -1 -0 -0 -1 0 0 -1 0 0 -1 0 0 -1 -0 -0 -1 -0 -0 -1 0 0 -1 0 0 -1 0 0 -1 0 0 -1 -0 -0 -1 -0 -0 -1 -0 -0 -1 -0 -0 -1 -0 -0 -1 -0 -0 -1 -0 -0 -1 0 0 -1 -0 -0 -1 0 0 -1 0 0 -1 0 0 -1 0 0 -1 -0 -0 -1 -0 -0 -1 -0 -0 -1 -0 -0 -1 0 0 -1 0 0 -1 -0 -0 -1 0 -0 -1 0 0 -1 0 -0 -1 0 0 -1 0 0 -1 0 0 -1 0 0 -1 -0.8785123 0.4777197 0 -0.9017588 0.4322396 0 -0.8785123 0.4777197 0 -0.9226534 0.3856302 0 -0.9017588 0.4322396 0 -0.94114 0.3380172 0 -0.9226534 0.3856302 0 -0.9571717 0.289521 0 -0.94114 0.3380172 0 -0.9707062 0.2402698 0 -0.9571717 0.289521 0 -0.9817085 0.1903902 0 -0.9707062 0.2402698 0 -0.9901492 0.1400161 0 -0.9817085 0.1903902 0 -0.996007 0.08927593 0 -0.9901492 0.1400161 0 -0.9992662 0.03830352 0 -0.996007 0.08927593 0 -0.9999185 -0.01277063 -0 -0.9992662 0.03830352 0 -0.9979621 -0.06381007 -0 -0.9999185 -0.01277063 -0 -0.9934021 -0.1146832 -0 -0.9979621 -0.06381007 -0 -0.9934021 -0.1146832 -0 -0.9862503 -0.1652582 -0 -0.9862503 -0.1652582 -0 -0.9765259 -0.2154 -0 -0.9765259 -0.2154 -0 -0.9642535 -0.2649816 -0 -0.9642535 -0.2649816 -0 -0.9494655 -0.3138715 -0 -0.9494655 -0.3138715 -0 -0.9322008 -0.3619414 -0 -0.9322008 -0.3619414 -0 -0.9125033 -0.4090694 -0 -0.8904262 -0.4551277 -0 -0.9125033 -0.4090694 -0 -0.8660256 -0.4999997 -0 -0.8904262 -0.4551277 -0 -0.8393652 -0.5435678 -0 -0.8660256 -0.4999997 -0 -0.8105153 -0.5857174 -0 -0.8393652 -0.5435678 -0 -0.7795518 -0.6263377 -0 -0.8105153 -0.5857174 -0 -0.746553 -0.6653261 -0 -0.7795518 -0.6263377 -0 -0.7116076 -0.7025772 -0 -0.746553 -0.6653261 -0 -0.6748055 -0.7379956 -0 -0.7116076 -0.7025772 -0 -0.6362419 -0.7714896 -0 -0.6748055 -0.7379956 -0 -0.5960197 -0.8029698 -0 -0.6362419 -0.7714896 -0 -0.5542419 -0.8323556 -0 -0.5960197 -0.8029698 -0 -0.5110192 -0.8595694 -0 -0.5542419 -0.8323556 -0 -0.4664621 -0.8845412 -0 -0.5110192 -0.8595694 -0 -0.4206886 -0.9072052 -0 -0.4664621 -0.8845412 -0 -0.373817 -0.9275025 -0 -0.4206886 -0.9072052 -0 -0.3259707 -0.9453799 -0 -0.373817 -0.9275025 -0 -0.2772735 -0.9607911 -0 -0.3259707 -0.9453799 -0 -0.2278535 -0.9736955 -0 -0.2772735 -0.9607911 -0 -0.1778385 -0.9840596 -0 -0.2278535 -0.9736955 -0 -0.1778385 -0.9840596 -0 -0.1273604 -0.9918565 -0 -0.07654957 -0.9970658 -0 -0.1273604 -0.9918565 -0 -0.02553887 -0.9996738 -0 -0.07654957 -0.9970658 -0 -0.02553887 -0.9996738 1.031049e-16 0.07654957 -0.9970658 0 0.02553887 -0.9996738 0 0.02553887 -0.9996738 0 0.1273604 -0.9918565 0 0.07654957 -0.9970658 0 0.1778385 -0.9840596 0 0.1273604 -0.9918565 0 0.2278535 -0.9736955 0 0.1778385 -0.9840596 0 0.2278535 -0.9736955 0 0.2772735 -0.9607911 0 0.2772735 -0.9607911 0 0.3259707 -0.9453799 0 0.373817 -0.9275025 0 0.3259707 -0.9453799 0 0.373817 -0.9275025 0 0.4206886 -0.9072052 0 0.4206886 -0.9072052 0 0.4664621 -0.8845412 0 0.4664621 -0.8845412 0 0.5110192 -0.8595694 0 0.5542419 -0.8323556 0 0.5110192 -0.8595694 0 0.5542419 -0.8323556 0 0.5960197 -0.8029698 0 0.5960197 -0.8029698 0 0.6362419 -0.7714896 0 0.6362419 -0.7714896 0 0.6748055 -0.7379956 0 0.6748055 -0.7379956 0 0.7116076 -0.7025772 0 0.7116076 -0.7025772 0 0.746553 -0.6653261 0 0.746553 -0.6653261 0 0.7795518 -0.6263377 0 0.7795518 -0.6263377 0 0.8105153 -0.5857174 0 0.8105153 -0.5857174 0 0.8660256 -0.4999997 0 0.8393652 -0.5435678 0 0.8393652 -0.5435678 0 0.8904262 -0.4551277 0 0.8660256 -0.4999997 0 0.8904262 -0.4551277 0 0.9125033 -0.4090694 0 0.9322008 -0.3619414 0 0.9125033 -0.4090694 0 0.9322008 -0.3619414 0 0.9494655 -0.3138715 0 0.9494655 -0.3138715 0 0.9642535 -0.2649816 0 0.9642535 -0.2649816 0 0.9765259 -0.2154 0 0.9862503 -0.1652582 0 0.9765259 -0.2154 0 0.9862503 -0.1652582 0 0.9934021 -0.1146832 0 0.9934021 -0.1146832 0 0.9979621 -0.06381007 0 0.9979621 -0.06381007 0 0.9999185 -0.01277063 0 0.9999185 -0.01277063 0 0.9992662 0.03830352 0 0.9992662 0.03830352 0 0.996007 0.08927593 0 0.996007 0.08927593 0 0.9901492 0.1400161 0 0.9901492 0.1400161 0 0.9817085 0.1903902 0 0.9817085 0.1903902 0 0.9707062 0.2402698 0 0.9571717 0.289521 0 0.9707062 0.2402698 0 0.9571717 0.289521 0 0.94114 0.3380172 0 0.94114 0.3380172 0 0.9017588 0.4322396 0 0.9226534 0.3856302 0 0.9226534 0.3856302 0 0.8785123 0.4777197 0 0.9017588 0.4322396 0 0.8529735 0.5219542 0 0.8785123 0.4777197 0 0.8529735 0.5219542 0 0.7952929 0.6062254 0 0.8252096 0.5648265 0 0.8252096 0.5648265 0 0.7952929 0.6062254 0 0.7293177 0.6841753 0 0.7633014 0.6460425 0 0.7633014 0.6460425 0 0.7293177 0.6841753 0 0.6557373 0.7549891 0 0.6934332 0.7205209 0 0.6934332 0.7205209 0 0.6557373 0.7549891 0 0.6163322 0.7874862 0 0.6163322 0.7874862 0 0.5753186 0.8179294 0 0.5753186 0.8179294 0 0.5328038 0.8462387 0 0.5328038 0.8462387 0 0.4888997 0.87234 0 0.4888997 0.87234 0 0.4437201 0.8961654 0 0.3973822 0.9176533 0 0.4437201 0.8961654 0 0.3973822 0.9176533 0 0.3500086 0.9367465 0 0.3017208 0.9533963 0 0.3500086 0.9367465 0 0.3017208 0.9533963 0 0.2526455 0.9675589 0 0.2526455 0.9675589 0 0.2029119 0.979197 0 0.2029119 0.979197 0 0.1526503 0.9882802 0 0.1526503 0.9882802 0 0.05105979 0.9986956 0 0.1019879 0.9947856 0 0.1019879 0.9947856 0 0 1 0 0.05105979 0.9986956 0 -0.05105979 0.9986956 0 -0 1 0 -0.05105979 0.9986956 0 -0.1019879 0.9947856 0 -0.1019879 0.9947856 0 -0.2029119 0.979197 0 -0.1526503 0.9882802 0 -0.1526503 0.9882802 0 -0.2029119 0.979197 0 -0.3017208 0.9533963 0 -0.2526455 0.9675589 0 -0.2526455 0.9675589 0 -0.3017208 0.9533963 0 -0.3973822 0.9176533 0 -0.3500086 0.9367465 0 -0.3500086 0.9367465 0 -0.3973822 0.9176533 0 -0.4437201 0.8961654 0 -0.4437201 0.8961654 0 -0.5328038 0.8462387 0 -0.4888997 0.87234 0 -0.4888997 0.87234 0 -0.5328038 0.8462387 0 -0.5753186 0.8179294 0 -0.6163322 0.7874862 0 -0.5753186 0.8179294 0 -0.6163322 0.7874862 0 -0.6557373 0.7549891 0 -0.6557373 0.7549891 0 -0.6934332 0.7205209 0 -0.6934332 0.7205209 0 -0.7293177 0.6841753 0 -0.7633014 0.6460425 0 -0.7293177 0.6841753 0 -0.7633014 0.6460425 0 -0.8252096 0.5648265 0 -0.7952929 0.6062254 0 -0.7952929 0.6062254 0 -0.8252096 0.5648265 0 -0.8529735 0.5219542 0 -0.8529735 0.5219542 0 0 0 1 0 0 1 0 0 1 0 0 1 0 0 1 0 0 1 0 0 1 0 0 1 0 0 1 0 0 1 0 0 1 0 0 1 0 0 1 0 0 1 0 0 1 0 0 1 0 0 1 0 0 1 0 0 1 0 0 1 0 0 1 0 0 1 0 0 1 0 0 1 0 0 1 0 0 1 0 0 1 0 0 1 0 0 1 0 0 1 0 0 1 0 0 1 0 0 1 0 0 1 0 0 1 0 0 1 0 0 1 0 0 1 0 0 1 0 0 1 0 0 1 0 0 1 0 0 1 0 0 1 0 0 1 0 0 1 0 0 1 0 0 1 0 0 1 0 0 1 0 0 1 0 0 1 0 0 1 0 0 1 0 0 1 0 0 1 0 0 1 0 0 1 0 0 1 0 0 1 0 0 1 0 0 1 0 0 1 0 0 1 0 0 1 0 0 1 0 0 1 0 0 1 0 0 1 0 0 1 0 0 1 0 0 1 0 0 1 0 0 1 0 0 1 0 0 1 0 0 1 0 0 1 0 0 1 0 0 1 0 0 1 0 0 1 0 0 1 0 0 1 0 0 1 0 0 1 0 0 1 0 0 1 0 0 1 0 0 1 0 0 1 0 0 1 0 0 1 0 0 1 0 0 1 0 0 1 0 0 1 0 0 1 0 0 1 0 0 1 0 0 1 0 0 1 0 0 1 0 0 1 0 0 1 0 0 1 0 0 1 0 0 1 0 0 1 0 0 1 0 0 1 0 0 1 0 0 1 0 0 1 0 0 1 0 0 1 0 0 1 0 0 1 0 0 1 0 0 1 0 0 1 0 0 1 0 0 1 0 0 1 0 0 1 0 0 1 0 0 1 0 0 1 0 0 1 0 0 1 0 0 1 0 0 1 0 0 1 0 0 1 0 0 1 0 0 1 0 0 1 0 0 1 0 0 1 0 0 1 0 0 1 0 0 1 0 0 1 0 0 1 0 0 1 0 0 1 0 0 1 0 0 1 0 0 1 0 0 1 0 0 1 0 0 1 0 0 1 0 0 1 0 0 1 0 0 1 0 0 1 0 0 1 0 0 1 0 0 1 0 0 1 0 0 1 0 0 1 0 0 1 0 0 1 0 0 1 0 0 1 0 0 1 0 0 1 0 0 1 0 0 1 0 0 1 0 0 1 0 0 1 0 0 1 0 0 1 0 0 1 0 0 1 0 0 1 0 0 1 0 0 1 0 0 1 0 0 1 0 0 1 0 0 1 0 0 1 0 0 1 0 0 1 0 0 1 0 0 1 0 0 1 0 0 1 0 0 1 0 0 1 0 0 1 0 0 1 0 0 1 0 0 1 0 0 1 0 0 1 0 0 1 0 0 1 0 0 1 0 0 1 0 0 1 0 0 1 0 0 1 0 0 1 0 0 1 0 0 1 0 0 1 0 0 1 0 0 1 0 0 1 0 0 1 0 0 1 0 0 1 0 0 1 0 0 1 0 0 1 0 0 1 0 0 1 0 0 1 0 0 1 0 0 1 0 0 1 0 0 1 0 0 1 0 0 1 0 0 1 0 0 1 0 0 1 0 0 1 0 0 1 0 0 1 0 0 1 0 0 1 0 0 1 0 0 1 0 0 1 0 0 1 0 0 1 0 0 1 0 0 1 0 0 1 0 0 1 0 0 1 0 0 1 0 0 1 0 0 1 0 0 1 0 0 1 0 0 1 0 0 1 0 0 1 0 0 1 0 0 1 0 0 1 0 0 1 0 0 1 0 0 1 0 0 1 0 0 1 0 0 1 0 0 1 0 0 1 0 0 1 0 0 1 0 0 1 0 0 1 0 0 1 0 0 1 0 0 1 0 0 1 0 0 1 0 0 1 0 0 1 0 0 1 0 0 1 0 0 1 0 0 1 0 0 1 0 0 1 0 0 1 0 0 1 0 0 1 0 0 1 0 0 1 0 0 1 0 0 1 0 0 1 0 0 1 0 0 1 0 0 1 0 0 1 0 0 1 0 0 1 0 0 1 0 0 1 0 0 1 0 0 1 0 0 1 0 0 1 0 0 1 0 0 1 0 0 1 0 0 1 0 0 1 0 0 1 0 0 1 0 0 1 0 0 1 0 0 1 0 0 1 0 0 1 0 0 1 0 0 1 0 0 1 0 0 1 0 0 1 0 0 1 0 0 1 0 0 1 0 0 1 0 0 1 0 0 1 0 0 1 0 0 1 0 0 1 0 0 1 0 0 1 0 0 1 0 0 1 0 0 1 0 0 1 0 0 1 0 0 1 0 0 1 0 0 1 0 0 1 0 0 1 0 0 1 0 0 1 0 0 1 0 0 1 0 0 1 0 0 1 0 0 1 0 0 1 0 0 1 0 0 1 0 0 1 0 0 1 0 0 1 0 0 1 0 0 1 0 0 1 0 0 1 0 0 1 0 0 1 0 0 1 0 0 1 0 0 1 0 0 1 0 0 1 0 0 1 0 0 1 0 0 1 0 0 1 0 0 1 0 0 1 0 0 1 0 0 1 0 0 1 0 0 1 0 0 1 0 0 1 0 0 1 0 0 1 0 0 1 0 0 1 0 0 1 0 0 1 0 0 1 0 0 1 0 0 1 0 0 1 0 0 1 0 0 1 0 0 1 0 0 1 0 0 1 0 0 1 0 0 1 0 0 1 0 0 1 0 0 1 0 0 1 0 0 1 0 0 1 0 0 1 0 0 1 0 0 1 0 0 1 0 0 1 0 0 1 0 0 1 0 0 1 0 0 1 0 0 1 0 0 1 0 0 1 0 0 1 0 0 1 0 0 1 0 0 1 0 0 1 0 0 1 0 0 1 0 0 1 0 0 1 0 0 1 0 0 1 0 0 1 0 0 1 0 0 1 0 0 1 0 0 1 0 0 1 0 0 1 0 0 1 0 0 1 0 0 1 0 0 1 0 0 1 0 0 1 0 0 1 0 0 1 0 0 1 0 0 1 0 0 1 0 0 1 0 0 1 0 0 1 0 0 1 0 0 1 0 0 1 0 0 1 0 0 1 0 0 1 0 0 1 0 0 1 0 0 1 0 0 1 0 0 1 0 0 1 0 0 1 0 0 1 0 0 1 0 0 1 0 0 1 0 0 1 0 0 1 0 0 1 0 0 1 0 0 1 0 0 1 0 0 1 0 0 1 0 0 1 0 0 1 0 0 1 0 0 1 0 0 1 0 0 1 0 0 1 0 0 1 0 0 1 0 0 1 0 0 1 0 0 1 0 0 1 0 0 1 0 0 1 0 0 1 0 0 1 0 0 1 0 0 1 0 0 1 0 0 1 0 0 1 0 0 1 0 0 1 0 0 1 0 0 1 0 0 1 0 0 1 0 0 1 0 0 1 0 0 1 0 0 1 0 0 1 0 0 1 0 0 1 0 0 1 0 0 1 0 0 1 0 0 1 0 0 1 0 0 1 0 0 1 0 0 1 0 0 1 0 0 1 0 0 1 0 0 1 0 0 1 0 0 1 0 0 1 0 0 1 0 0 1 0 0 1 0 0 1 0 0 1 0 0 1 0 0 1 0 0 1 0 0 1 0 0 1 0 0 1 0 0 1 0 0 1 0 0 1 0 0 1 0 0 1 0 0 1 0 0 1 0 0 1 0 0 1 0 0 1 0 0 1 0 0 1 0 0 1 0 0 1 0 0 1 0 0 1 0 0 1 0 0 1 0 0 1 0 0 1 0 0 1 0 0 1 0 0 1 0 0 1 0 0 1 0 0 1 0 0 1 0 0 1 0 0 1 0 0 1 0 0 1 0 0 1 0 0 1 0 0 1 0 0 1 0 0 1 0 0 1 0 0 1 0 0 1 0 0 1 0 0 1 0 0 1 0 0 1 0 0 1 0 0 1 0 0 1 0 0 1 0 0 1 0 0 1 0 0 1 0 0 1 0 0 1 0 0 1 0 0 1 0 0 1 0 0 1 0 0 1 0 0 1 0 0 1 0 0 1 0 0 1 0 0 1 0 0 1 0 0 1 0 0 1 0 0 1 0 0 1 0 0 1 0 0 1 0 0 1 0 0 1 0 0 1 0 0 1 0 0 1 0 0 1 0 0 1 0 0 1 0 0 1 0 0 1 0 0 1 0 0 1 0 0 1 0 0 1 0 0 1 0 0 1 0 0 1 0 0 1 0 0 1 0 0 1 0 0 1 0 0 1 0 0 1 0 0 1 0 0 1 0 0 1 0 0 1 0 0 1 0 0 1 0 0 1 0 0 1 0 0 1 0 0 1 0 0 1 0 0 1 0 0 1 0 0 1 0 0 1 0 0 1 0 0 1 0 0 1 0 0 1 0 0 1 0 0 1 0 0 1 0 0 1 0 0 1 0 0 1 0 0 1 0 0 1 0 0 1 0 0 1 0 0 1 0 0 1 0 0 1 0 0 1 0 0 1 0 0 1 0 0 1 0 0 1 0 0 1 0 0 1 0 0 1 0 0 1 0 0 1 0 0 1 0 0 1 0 0 1 0 0 1 0 0 1 0 0 1 0 0 1 0 0 1 0 0 1 0 0 1 0 0 1 0 0 1 0 0 1 0 0 1 0 0 1 0 0 1 0 0 1 0 0 1 0 0 1 0 0 1 0 0 1 0 0 1 0 0 1 0 0 1 0 0 1 0 0 1 0 0 1 0 0 1 0 0 1 0 0 1 0 0 1 0 0 1 0 0 1 0 0 1 0 0 1 0 0 1 0 0 1 0 0 1 0 0 1 0 0 1 0 0 1 0 0 1 0 0 1 0 0 1</float_array>
          <technique_common>
            <accessor count="3976" source="#cubenormals-array0-array" stride="3">
              <param type="float" name="X"/>
              <param type="float" name="Y"/>
              <param type="float" name="Z"/>
            </accessor>
          </technique_common>
        </source>
        <vertices id="cubeverts-array0-vertices">
          <input semantic="POSITION" source="#cubeverts-array0"/>
        </vertices>
        <triangles count="3976" material="ref_Solid036">
          <input offset="0" semantic="VERTEX" source="#cubeverts-array0-vertices"/>
          <input offset="1" semantic="NORMAL" source="#cubenormals-array0"/>
          <p>0 0 1 0 2 0 0 1 3 1 1 1 4 2 5 2 6 2 6 3 5 3 7 3 5 4 8 4 7 4 7 5 8 5 9 5 8 6 10 6 9 6 9 7 10 7 11 7 10 8 12 8 11 8 11 9 12 9 13 9 12 10 14 10 13 10 13 11 14 11 15 11 14 12 16 12 15 12 15 13 16 13 17 13 16 14 18 14 17 14 17 15 18 15 19 15 18 16 20 16 19 16 19 17 20 17 21 17 20 18 22 18 21 18 21 19 22 19 23 19 22 20 24 20 23 20 23 21 24 21 25 21 24 22 26 22 25 22 25 23 26 23 27 23 26 24 28 24 27 24 27 25 28 25 29 25 29 26 30 26 31 26 28 27 30 27 29 27 31 28 30 28 32 28 32 29 33 29 34 29 30 30 33 30 32 30 34 31 35 31 36 31 33 32 35 32 34 32 36 33 37 33 38 33 35 34 37 34 36 34 38 35 39 35 40 35 37 36 39 36 38 36 40 37 41 37 42 37 39 38 41 38 40 38 42 39 43 39 44 39 44 40 43 40 45 40 41 41 43 41 42 41 45 42 46 42 47 42 43 43 46 43 45 43 47 44 48 44 49 44 49 45 48 45 50 45 46 46 48 46 47 46 48 47 51 47 50 47 50 48 51 48 52 48 52 49 51 49 53 49 51 50 54 50 53 50 53 51 54 51 55 51 54 52 56 52 55 52 55 53 56 53 57 53 56 54 58 54 57 54 57 55 58 55 59 55 58 56 60 56 59 56 59 57 60 57 61 57 60 58 62 58 61 58 61 59 62 59 63 59 63 60 62 60 64 60 62 61 65 61 64 61 64 62 65 62 66 62 65 63 67 63 66 63 66 64 67 64 68 64 68 65 67 65 69 65 67 66 70 66 69 66 69 67 70 67 71 67 70 68 72 68 71 68 71 69 72 69 73 69 72 70 74 70 73 70 73 71 74 71 75 71 75 72 74 72 76 72 74 73 77 73 76 73 76 74 77 74 78 74 77 75 79 75 78 75 78 76 79 76 80 76 80 77 79 77 81 77 79 78 82 78 81 78 81 79 82 79 83 79 82 80 84 80 83 80 83 81 84 81 85 81 85 82 84 82 86 82 84 83 87 83 86 83 86 84 87 84 88 84 88 85 87 85 89 85 87 86 90 86 89 86 89 87 90 87 91 87 90 88 92 88 91 88 91 89 92 89 93 89 93 90 92 90 94 90 92 91 95 91 94 91 94 92 95 92 96 92 97 93 98 93 99 93 95 94 98 94 96 94 96 95 98 95 97 95 99 96 100 96 101 96 98 97 100 97 99 97 101 98 102 98 103 98 100 99 102 99 101 99 103 100 102 100 104 100 102 101 105 101 104 101 104 102 105 102 106 102 106 103 107 103 108 103 108 104 107 104 109 104 105 105 107 105 106 105 109 106 110 106 111 106 107 107 110 107 109 107 111 108 112 108 113 108 110 109 112 109 111 109 113 110 0 110 2 110 112 111 0 111 113 111 0 112 114 112 3 112 0 113 115 113 114 113 0 114 116 114 115 114 0 115 117 115 116 115 0 116 118 116 117 116 112 117 118 117 0 117 100 118 119 118 102 118 102 119 119 119 105 119 105 120 119 120 107 120 107 121 119 121 110 121 110 122 119 122 112 122 112 123 119 123 118 123 82 124 120 124 84 124 84 125 120 125 87 125 87 126 120 126 90 126 90 127 120 127 92 127 92 128 120 128 95 128 95 129 120 129 98 129 98 130 120 130 100 130 100 131 120 131 119 131 65 132 121 132 67 132 67 133 121 133 70 133 70 134 121 134 72 134 72 135 121 135 74 135 74 136 121 136 77 136 77 137 121 137 79 137 79 138 121 138 82 138 82 139 121 139 120 139 48 140 122 140 51 140 51 141 122 141 54 141 65 142 122 142 121 142 54 143 122 143 56 143 56 144 122 144 58 144 58 145 122 145 60 145 60 146 122 146 62 146 62 147 122 147 65 147 33 148 123 148 35 148 35 149 123 149 37 149 37 150 123 150 39 150 39 151 123 151 41 151 41 152 123 152 43 152 43 153 123 153 46 153 46 154 123 154 48 154 48 155 123 155 122 155 18 156 124 156 20 156 20 157 124 157 22 157 22 158 124 158 24 158 24 159 124 159 26 159 26 160 124 160 28 160 28 161 124 161 30 161 30 162 124 162 33 162 33 163 124 163 123 163 8 164 125 164 10 164 10 165 125 165 12 165 12 166 125 166 14 166 14 167 125 167 16 167 16 168 125 168 18 168 18 169 125 169 124 169 5 170 126 170 8 170 8 171 126 171 125 171 5 172 127 172 126 172 5 173 128 173 127 173 5 174 129 174 128 174 5 175 130 175 129 175 5 176 4 176 130 176 131 177 122 177 123 177 132 178 123 178 124 178 132 179 131 179 123 179 133 180 124 180 125 180 133 181 132 181 124 181 134 182 125 182 126 182 134 183 133 183 125 183 135 184 126 184 127 184 135 185 134 185 126 185 136 186 127 186 128 186 136 187 135 187 127 187 137 188 128 188 129 188 137 189 136 189 128 189 138 190 129 190 130 190 138 191 137 191 129 191 139 192 4 192 6 192 140 193 138 193 130 193 140 194 130 194 4 194 141 195 4 195 139 195 141 196 140 196 4 196 141 197 139 197 142 197 143 198 141 198 142 198 143 199 142 199 144 199 145 200 143 200 144 200 145 201 144 201 146 201 147 202 145 202 146 202 147 203 146 203 148 203 149 204 147 204 148 204 149 205 148 205 150 205 151 206 149 206 150 206 151 207 150 207 152 207 153 208 151 208 152 208 153 209 152 209 154 209 155 210 153 210 154 210 155 211 154 211 156 211 157 212 156 212 158 212 157 213 155 213 156 213 159 214 158 214 160 214 159 215 157 215 158 215 161 216 160 216 162 216 161 217 159 217 160 217 163 218 162 218 164 218 163 219 161 219 162 219 165 220 164 220 166 220 165 221 163 221 164 221 167 222 168 222 169 222 170 223 166 223 168 223 170 224 165 224 166 224 171 225 168 225 167 225 171 226 170 226 168 226 172 227 167 227 173 227 172 228 171 228 167 228 174 229 173 229 175 229 174 230 172 230 173 230 176 231 175 231 177 231 176 232 174 232 175 232 178 233 177 233 179 233 178 234 176 234 177 234 180 235 179 235 181 235 180 236 178 236 179 236 182 237 181 237 183 237 182 238 180 238 181 238 184 239 183 239 185 239 184 240 182 240 183 240 186 241 184 241 185 241 186 242 185 242 187 242 186 243 187 243 188 243 189 244 186 244 188 244 189 245 188 245 190 245 191 246 189 246 190 246 191 247 190 247 192 247 193 248 191 248 192 248 193 249 192 249 194 249 195 250 193 250 194 250 195 251 194 251 196 251 197 252 195 252 196 252 197 253 196 253 198 253 199 254 197 254 198 254 199 255 198 255 200 255 201 256 199 256 200 256 201 257 200 257 202 257 203 258 204 258 205 258 206 259 201 259 202 259 206 260 202 260 204 260 207 261 206 261 204 261 207 262 204 262 203 262 208 263 207 263 203 263 208 264 203 264 209 264 210 265 208 265 209 265 210 266 209 266 211 266 212 267 210 267 211 267 212 268 211 268 213 268 214 269 212 269 213 269 214 270 213 270 215 270 216 271 214 271 215 271 216 272 215 272 217 272 218 273 216 273 217 273 218 274 217 274 219 274 220 275 218 275 219 275 220 276 219 276 221 276 222 277 220 277 221 277 222 278 221 278 223 278 224 279 223 279 225 279 224 280 222 280 223 280 226 281 225 281 227 281 226 282 224 282 225 282 228 283 227 283 229 283 228 284 226 284 227 284 230 285 229 285 231 285 230 286 228 286 229 286 232 287 231 287 233 287 232 288 230 288 231 288 234 289 235 289 236 289 237 290 235 290 234 290 237 291 233 291 235 291 237 292 232 292 233 292 238 293 237 293 234 293 238 294 234 294 239 294 240 295 238 295 239 295 240 296 239 296 241 296 242 297 240 297 241 297 242 298 241 298 243 298 244 299 242 299 243 299 244 300 243 300 245 300 246 301 244 301 245 301 246 302 245 302 247 302 248 303 246 303 247 303 248 304 247 304 249 304 250 305 248 305 249 305 250 306 249 306 251 306 252 307 250 307 251 307 252 308 251 308 253 308 254 309 252 309 253 309 254 310 253 310 255 310 256 311 254 311 255 311 256 312 255 312 257 312 258 313 256 313 257 313 258 314 257 314 259 314 260 315 258 315 259 315 260 316 259 316 261 316 262 317 261 317 263 317 262 318 260 318 261 318 264 319 263 319 265 319 264 320 262 320 263 320 266 321 265 321 267 321 266 322 264 322 265 322 268 323 267 323 269 323 268 324 266 324 267 324 270 325 271 325 272 325 273 326 269 326 271 326 273 327 268 327 269 327 274 328 270 328 275 328 274 329 271 329 270 329 274 330 273 330 271 330 276 331 275 331 277 331 276 332 274 332 275 332 278 333 277 333 279 333 278 334 276 334 277 334 280 335 279 335 281 335 280 336 278 336 279 336 282 337 281 337 283 337 282 338 280 338 281 338 284 339 283 339 285 339 284 340 282 340 283 340 286 341 285 341 287 341 286 342 284 342 285 342 288 343 287 343 289 343 288 344 286 344 287 344 290 345 288 345 289 345 290 346 289 346 291 346 292 347 291 347 293 347 292 348 290 348 291 348 294 349 293 349 295 349 294 350 292 350 293 350 296 351 295 351 297 351 296 352 294 352 295 352 298 353 297 353 299 353 298 354 296 354 297 354 300 355 301 355 302 355 303 356 299 356 301 356 303 357 298 357 299 357 304 358 303 358 301 358 304 359 301 359 300 359 305 360 300 360 306 360 305 361 304 361 300 361 307 362 306 362 308 362 307 363 305 363 306 363 309 364 308 364 310 364 309 365 307 365 308 365 311 366 310 366 312 366 311 367 309 367 310 367 313 368 312 368 314 368 313 369 311 369 312 369 315 370 314 370 316 370 315 371 313 371 314 371 317 372 316 372 318 372 317 373 315 373 316 373 319 374 318 374 320 374 319 375 317 375 318 375 321 376 320 376 322 376 321 377 322 377 323 377 321 378 319 378 320 378 324 379 323 379 325 379 324 380 321 380 323 380 326 381 325 381 327 381 326 382 324 382 325 382 328 383 327 383 329 383 328 384 326 384 327 384 330 385 329 385 331 385 330 386 328 386 329 386 332 387 331 387 333 387 332 388 330 388 331 388 334 389 333 389 335 389 334 390 332 390 333 390 336 391 337 391 338 391 339 392 335 392 337 392 339 393 334 393 335 393 340 394 339 394 337 394 340 395 337 395 336 395 341 396 340 396 336 396 341 397 336 397 342 397 343 398 341 398 342 398 343 399 342 399 344 399 345 400 343 400 344 400 345 401 344 401 346 401 347 402 345 402 346 402 347 403 346 403 348 403 349 404 347 404 348 404 349 405 348 405 350 405 351 406 349 406 350 406 351 407 350 407 352 407 353 408 351 408 352 408 353 409 352 409 354 409 355 410 353 410 354 410 355 411 354 411 356 411 357 412 355 412 356 412 357 413 356 413 358 413 359 414 358 414 360 414 359 415 357 415 358 415 361 416 360 416 362 416 361 417 359 417 360 417 363 418 362 418 364 418 363 419 361 419 362 419 365 420 364 420 366 420 365 421 363 421 364 421 3 422 367 422 1 422 368 423 366 423 367 423 368 424 365 424 366 424 368 425 367 425 3 425 369 426 3 426 114 426 369 427 368 427 3 427 370 428 114 428 115 428 370 429 369 429 114 429 371 430 115 430 116 430 371 431 370 431 115 431 372 432 116 432 117 432 372 433 371 433 116 433 373 434 117 434 118 434 373 435 372 435 117 435 374 436 118 436 119 436 374 437 373 437 118 437 375 438 119 438 120 438 375 439 374 439 119 439 376 440 120 440 121 440 376 441 375 441 120 441 131 442 121 442 122 442 131 443 376 443 121 443 377 444 50 444 52 444 377 445 52 445 53 445 49 446 50 446 377 446 47 447 49 447 377 447 378 448 47 448 377 448 45 449 47 449 378 449 44 450 45 450 378 450 379 451 44 451 378 451 42 452 44 452 379 452 40 453 379 453 380 453 40 454 42 454 379 454 38 455 40 455 380 455 36 456 38 456 380 456 36 457 380 457 381 457 34 458 36 458 381 458 32 459 381 459 382 459 32 460 34 460 381 460 31 461 382 461 383 461 31 462 32 462 382 462 29 463 31 463 383 463 27 464 29 464 383 464 384 465 385 465 386 465 387 466 386 466 385 466 387 467 385 467 388 467 389 468 390 468 385 468 389 469 385 469 384 469 391 470 387 470 388 470 392 471 390 471 389 471 393 472 390 472 392 472 394 473 391 473 388 473 394 474 388 474 395 474 396 475 394 475 395 475 397 476 396 476 395 476 397 477 395 477 398 477 399 478 397 478 398 478 400 479 399 479 398 479 401 480 398 480 402 480 401 481 400 481 398 481 403 482 401 482 402 482 404 483 403 483 402 483 405 484 404 484 402 484 406 485 404 485 405 485 407 486 406 486 405 486 408 487 407 487 405 487 409 488 15 488 17 488 409 489 17 489 19 489 409 490 19 490 21 490 409 491 21 491 23 491 409 492 23 492 25 492 409 493 25 493 27 493 409 494 383 494 410 494 409 495 410 495 411 495 409 496 27 496 383 496 412 497 411 497 413 497 412 498 413 498 414 498 412 499 409 499 411 499 415 500 7 500 9 500 415 501 9 501 11 501 415 502 11 502 13 502 415 503 13 503 15 503 415 504 15 504 409 504 416 505 412 505 414 505 416 506 414 506 417 506 416 507 417 507 418 507 419 508 415 508 409 508 419 509 409 509 412 509 420 510 416 510 418 510 420 511 418 511 421 511 420 512 421 512 422 512 423 513 6 513 7 513 423 514 142 514 139 514 423 515 139 515 6 515 423 516 7 516 415 516 424 517 416 517 420 517 424 518 412 518 416 518 424 519 419 519 412 519 425 520 420 520 422 520 425 521 422 521 426 521 425 522 426 522 427 522 428 523 146 523 144 523 428 524 144 524 142 524 428 525 142 525 423 525 428 526 423 526 415 526 428 527 415 527 419 527 429 528 424 528 420 528 430 529 425 529 427 529 430 530 427 530 431 530 430 531 431 531 432 531 433 532 148 532 146 532 433 533 428 533 419 533 433 534 146 534 428 534 433 535 419 535 424 535 433 536 150 536 148 536 434 537 429 537 420 537 434 538 420 538 425 538 434 539 425 539 430 539 435 540 432 540 436 540 435 541 436 541 437 541 435 542 430 542 432 542 438 543 433 543 424 543 438 544 424 544 429 544 438 545 429 545 434 545 438 546 150 546 433 546 438 547 154 547 152 547 438 548 152 548 150 548 439 549 434 549 430 549 440 550 435 550 437 550 440 551 437 551 441 551 440 552 441 552 390 552 440 553 393 553 442 553 440 554 442 554 443 554 440 555 443 555 444 555 440 556 444 556 445 556 440 557 445 557 446 557 440 558 446 558 447 558 440 559 447 559 448 559 440 560 448 560 449 560 440 561 449 561 450 561 440 562 390 562 393 562 451 563 154 563 438 563 451 564 438 564 434 564 451 565 434 565 439 565 451 566 158 566 156 566 451 567 156 567 154 567 452 568 439 568 430 568 452 569 430 569 435 569 453 570 158 570 451 570 453 571 451 571 439 571 453 572 162 572 160 572 453 573 160 573 158 573 454 574 452 574 435 574 454 575 440 575 450 575 454 576 435 576 440 576 454 577 450 577 455 577 454 578 455 578 456 578 454 579 456 579 457 579 454 580 457 580 458 580 454 581 458 581 459 581 454 582 459 582 460 582 461 583 453 583 439 583 461 584 439 584 452 584 461 585 454 585 460 585 461 586 452 586 454 586 461 587 460 587 169 587 461 588 169 588 168 588 461 589 168 589 166 589 461 590 166 590 164 590 461 591 164 591 162 591 461 592 162 592 453 592 462 593 463 593 464 593 464 594 463 594 465 594 463 595 466 595 465 595 465 596 466 596 467 596 466 597 468 597 467 597 467 598 468 598 469 598 468 599 470 599 469 599 469 600 470 600 471 600 470 601 472 601 471 601 471 602 472 602 473 602 472 603 474 603 473 603 473 604 474 604 475 604 474 605 476 605 475 605 475 606 476 606 477 606 476 607 478 607 477 607 477 608 478 608 479 608 478 609 480 609 479 609 479 610 480 610 481 610 480 611 482 611 481 611 481 612 482 612 483 612 482 613 484 613 483 613 483 614 484 614 485 614 485 615 486 615 487 615 484 616 486 616 485 616 487 617 486 617 488 617 488 618 489 618 490 618 486 619 489 619 488 619 490 620 491 620 492 620 489 621 491 621 490 621 492 622 493 622 494 622 491 623 493 623 492 623 494 624 495 624 496 624 493 625 495 625 494 625 496 626 497 626 498 626 495 627 497 627 496 627 498 628 499 628 500 628 500 629 499 629 501 629 497 630 499 630 498 630 501 631 502 631 503 631 499 632 502 632 501 632 503 633 504 633 505 633 505 634 504 634 506 634 502 635 504 635 503 635 504 636 507 636 506 636 506 637 507 637 508 637 508 638 507 638 509 638 507 639 510 639 509 639 509 640 510 640 511 640 510 641 512 641 511 641 511 642 512 642 513 642 512 643 514 643 513 643 513 644 514 644 515 644 514 645 516 645 515 645 515 646 516 646 408 646 516 647 517 647 408 647 408 648 517 648 407 648 407 649 517 649 406 649 517 650 518 650 406 650 406 651 518 651 404 651 518 652 519 652 404 652 404 653 519 653 403 653 403 654 519 654 401 654 519 655 520 655 401 655 401 656 520 656 400 656 520 657 521 657 400 657 400 658 521 658 399 658 521 659 522 659 399 659 399 660 522 660 397 660 397 661 522 661 396 661 522 662 523 662 396 662 396 663 523 663 394 663 523 664 524 664 394 664 394 665 524 665 391 665 391 666 524 666 387 666 524 667 525 667 387 667 387 668 525 668 386 668 525 669 526 669 386 669 386 670 526 670 384 670 384 671 526 671 389 671 526 672 527 672 389 672 389 673 527 673 392 673 392 674 527 674 393 674 527 675 528 675 393 675 393 676 528 676 442 676 528 677 529 677 442 677 442 678 529 678 443 678 443 679 529 679 444 679 529 680 530 680 444 680 444 681 530 681 445 681 446 682 531 682 447 682 530 683 531 683 445 683 445 684 531 684 446 684 447 685 532 685 448 685 531 686 532 686 447 686 448 687 533 687 449 687 532 688 533 688 448 688 449 689 533 689 450 689 533 690 534 690 450 690 450 691 534 691 455 691 455 692 535 692 456 692 456 693 535 693 457 693 534 694 535 694 455 694 457 695 536 695 458 695 535 696 536 696 457 696 458 697 537 697 459 697 536 698 537 698 458 698 459 699 538 699 460 699 537 700 538 700 459 700 538 701 169 701 460 701 538 702 167 702 169 702 204 703 462 703 205 703 205 704 462 704 464 704 204 705 202 705 462 705 202 706 200 706 462 706 200 707 198 707 462 707 198 708 196 708 462 708 462 709 194 709 463 709 463 710 194 710 466 710 196 711 194 711 462 711 466 712 192 712 468 712 468 713 192 713 470 713 470 714 192 714 472 714 472 715 192 715 474 715 474 716 192 716 476 716 476 717 192 717 478 717 478 718 192 718 480 718 194 719 192 719 466 719 480 720 190 720 482 720 482 721 190 721 484 721 484 722 190 722 486 722 486 723 190 723 489 723 489 724 190 724 491 724 491 725 190 725 493 725 493 726 190 726 495 726 192 727 190 727 480 727 495 728 188 728 497 728 497 729 188 729 499 729 499 730 188 730 502 730 502 731 188 731 504 731 504 732 188 732 507 732 507 733 188 733 510 733 510 734 188 734 512 734 190 735 188 735 495 735 512 736 187 736 514 736 514 737 187 737 516 737 188 738 187 738 512 738 516 739 187 739 517 739 517 740 187 740 518 740 518 741 187 741 519 741 519 742 187 742 520 742 520 743 187 743 521 743 521 744 187 744 522 744 522 745 185 745 523 745 523 746 185 746 524 746 524 747 185 747 525 747 525 748 185 748 526 748 526 749 185 749 527 749 527 750 185 750 528 750 528 751 185 751 529 751 187 752 185 752 522 752 185 753 183 753 529 753 529 754 183 754 530 754 530 755 183 755 531 755 531 756 183 756 532 756 532 757 183 757 533 757 533 758 183 758 534 758 534 759 183 759 535 759 535 760 183 760 536 760 183 761 181 761 536 761 536 762 181 762 537 762 537 763 181 763 538 763 181 764 179 764 538 764 179 765 177 765 538 765 177 766 175 766 538 766 175 767 173 767 538 767 173 768 167 768 538 768 539 769 506 769 508 769 539 770 508 770 509 770 505 771 506 771 539 771 503 772 505 772 539 772 540 773 503 773 539 773 501 774 503 774 540 774 500 775 501 775 540 775 541 776 500 776 540 776 498 777 500 777 541 777 496 778 541 778 542 778 496 779 498 779 541 779 494 780 496 780 542 780 492 781 494 781 542 781 492 782 542 782 543 782 490 783 492 783 543 783 488 784 543 784 544 784 488 785 490 785 543 785 487 786 544 786 545 786 487 787 488 787 544 787 485 788 487 788 545 788 483 789 485 789 545 789 546 790 547 790 548 790 549 791 548 791 547 791 549 792 547 792 550 792 551 793 552 793 547 793 551 794 547 794 546 794 553 795 549 795 550 795 554 796 552 796 551 796 555 797 552 797 554 797 556 798 553 798 550 798 556 799 550 799 557 799 558 800 556 800 557 800 559 801 558 801 557 801 559 802 557 802 560 802 561 803 559 803 560 803 562 804 561 804 560 804 563 805 560 805 564 805 563 806 562 806 560 806 565 807 563 807 564 807 566 808 565 808 564 808 567 809 566 809 564 809 568 810 566 810 567 810 569 811 568 811 567 811 570 812 569 812 567 812 571 813 471 813 473 813 571 814 473 814 475 814 571 815 475 815 477 815 571 816 477 816 479 816 571 817 479 817 481 817 571 818 481 818 483 818 571 819 545 819 572 819 571 820 572 820 573 820 571 821 483 821 545 821 574 822 571 822 573 822 574 823 573 823 575 823 574 824 575 824 576 824 577 825 464 825 465 825 577 826 465 826 467 826 577 827 467 827 469 827 577 828 469 828 471 828 577 829 571 829 574 829 577 830 471 830 571 830 578 831 574 831 576 831 578 832 576 832 579 832 578 833 579 833 580 833 581 834 577 834 574 834 582 835 578 835 580 835 582 836 580 836 583 836 582 837 583 837 584 837 585 838 209 838 203 838 585 839 203 839 205 839 585 840 205 840 464 840 585 841 464 841 577 841 586 842 574 842 578 842 586 843 581 843 574 843 587 844 582 844 584 844 587 845 584 845 588 845 587 846 588 846 589 846 590 847 213 847 211 847 590 848 211 848 209 848 590 849 209 849 585 849 590 850 585 850 577 850 590 851 577 851 581 851 591 852 578 852 582 852 591 853 586 853 578 853 592 854 589 854 593 854 592 855 593 855 594 855 592 856 587 856 589 856 595 857 590 857 581 857 595 858 581 858 586 858 595 859 213 859 590 859 595 860 217 860 215 860 595 861 215 861 213 861 596 862 582 862 587 862 596 863 591 863 582 863 597 864 594 864 598 864 597 865 598 865 599 865 597 866 592 866 594 866 600 867 595 867 586 867 600 868 586 868 591 868 600 869 217 869 595 869 600 870 221 870 219 870 600 871 219 871 217 871 601 872 587 872 592 872 601 873 596 873 587 873 602 874 599 874 603 874 602 875 603 875 552 875 602 876 555 876 604 876 602 877 597 877 599 877 602 878 604 878 605 878 602 879 605 879 606 879 602 880 606 880 607 880 602 881 607 881 608 881 602 882 608 882 609 882 602 883 609 883 610 883 602 884 610 884 611 884 602 885 611 885 612 885 602 886 552 886 555 886 613 887 591 887 596 887 613 888 596 888 601 888 613 889 221 889 600 889 613 890 600 890 591 890 613 891 225 891 223 891 613 892 223 892 221 892 614 893 601 893 592 893 614 894 592 894 597 894 615 895 613 895 601 895 615 896 225 896 613 896 615 897 229 897 227 897 615 898 227 898 225 898 616 899 602 899 612 899 616 900 597 900 602 900 616 901 612 901 617 901 616 902 617 902 618 902 616 903 618 903 619 903 616 904 619 904 620 904 616 905 620 905 621 905 616 906 621 906 622 906 616 907 614 907 597 907 623 908 601 908 614 908 623 909 615 909 601 909 623 910 229 910 615 910 623 911 614 911 616 911 623 912 622 912 236 912 623 913 236 913 235 913 623 914 235 914 233 914 623 915 233 915 231 915 623 916 231 916 229 916 623 917 616 917 622 917 624 918 625 918 626 918 624 919 626 919 627 919 628 920 625 920 624 920 629 921 628 921 624 921 630 922 629 922 624 922 631 923 629 923 630 923 632 924 631 924 630 924 633 925 632 925 630 925 634 926 632 926 633 926 635 927 634 927 633 927 635 928 633 928 636 928 637 929 635 929 636 929 638 930 637 930 636 930 638 931 636 931 639 931 640 932 638 932 639 932 641 933 640 933 639 933 641 934 639 934 642 934 643 935 641 935 642 935 643 936 642 936 644 936 645 937 643 937 644 937 646 938 645 938 644 938 85 939 647 939 83 939 81 940 83 940 647 940 81 941 647 941 648 941 86 942 649 942 647 942 86 943 647 943 85 943 80 944 81 944 648 944 88 945 649 945 86 945 89 946 649 946 88 946 78 947 80 947 648 947 78 948 648 948 650 948 76 949 78 949 650 949 75 950 76 950 650 950 75 951 650 951 651 951 73 952 75 952 651 952 71 953 73 953 651 953 69 954 71 954 651 954 69 955 651 955 652 955 68 956 69 956 652 956 66 957 68 957 652 957 653 958 66 958 652 958 64 959 66 959 653 959 63 960 64 960 653 960 61 961 63 961 653 961 654 962 655 962 656 962 654 963 656 963 657 963 654 964 657 964 658 964 654 965 658 965 659 965 654 966 659 966 660 966 654 967 660 967 646 967 654 968 644 968 661 968 654 969 661 969 662 969 654 970 646 970 644 970 663 971 654 971 662 971 663 972 662 972 664 972 663 973 664 973 665 973 666 974 655 974 654 974 666 975 667 975 668 975 666 976 668 976 669 976 666 977 669 977 670 977 666 978 670 978 655 978 671 979 663 979 665 979 671 980 665 980 672 980 671 981 672 981 673 981 674 982 666 982 654 982 674 983 654 983 663 983 675 984 671 984 673 984 675 985 673 985 676 985 675 986 676 986 677 986 678 987 342 987 336 987 678 988 336 988 338 988 678 989 338 989 667 989 678 990 667 990 666 990 679 991 674 991 663 991 679 992 663 992 671 992 680 993 677 993 681 993 680 994 681 994 682 994 680 995 675 995 677 995 683 996 342 996 678 996 683 997 346 997 344 997 683 998 344 998 342 998 683 999 666 999 674 999 683 1000 678 1000 666 1000 683 1001 674 1001 679 1001 684 1002 679 1002 671 1002 684 1003 675 1003 680 1003 684 1004 671 1004 675 1004 685 1005 682 1005 686 1005 685 1006 686 1006 687 1006 685 1007 680 1007 682 1007 688 1008 350 1008 348 1008 688 1009 348 1009 346 1009 688 1010 683 1010 679 1010 688 1011 346 1011 683 1011 689 1012 684 1012 680 1012 690 1013 685 1013 687 1013 690 1014 687 1014 691 1014 690 1015 691 1015 692 1015 693 1016 354 1016 352 1016 693 1017 352 1017 350 1017 693 1018 688 1018 679 1018 693 1019 679 1019 684 1019 693 1020 684 1020 689 1020 693 1021 350 1021 688 1021 694 1022 685 1022 690 1022 694 1023 680 1023 685 1023 694 1024 689 1024 680 1024 695 1025 692 1025 696 1025 695 1026 696 1026 649 1026 695 1027 690 1027 692 1027 695 1028 89 1028 91 1028 695 1029 649 1029 89 1029 695 1030 91 1030 93 1030 695 1031 93 1031 94 1031 695 1032 94 1032 96 1032 695 1033 96 1033 97 1033 695 1034 97 1034 99 1034 695 1035 99 1035 101 1035 695 1036 101 1036 103 1036 695 1037 103 1037 104 1037 697 1038 693 1038 689 1038 697 1039 358 1039 356 1039 697 1040 356 1040 354 1040 697 1041 354 1041 693 1041 698 1042 694 1042 690 1042 699 1043 697 1043 689 1043 699 1044 362 1044 360 1044 699 1045 360 1045 358 1045 699 1046 358 1046 697 1046 699 1047 689 1047 694 1047 700 1048 106 1048 108 1048 700 1049 108 1049 109 1049 700 1050 109 1050 111 1050 700 1051 111 1051 113 1051 700 1052 113 1052 2 1052 700 1053 690 1053 695 1053 700 1054 698 1054 690 1054 700 1055 695 1055 104 1055 700 1056 104 1056 106 1056 701 1057 699 1057 694 1057 701 1058 2 1058 1 1058 701 1059 1 1059 367 1059 701 1060 367 1060 366 1060 701 1061 366 1061 364 1061 701 1062 364 1062 362 1062 701 1063 700 1063 2 1063 701 1064 698 1064 700 1064 701 1065 362 1065 699 1065 701 1066 694 1066 698 1066 702 1067 236 1067 622 1067 702 1068 234 1068 236 1068 271 1069 703 1069 272 1069 272 1070 703 1070 704 1070 703 1071 705 1071 704 1071 704 1072 705 1072 706 1072 705 1073 707 1073 706 1073 706 1074 707 1074 708 1074 707 1075 709 1075 708 1075 708 1076 709 1076 710 1076 709 1077 711 1077 710 1077 710 1078 711 1078 712 1078 711 1079 713 1079 712 1079 712 1080 713 1080 714 1080 713 1081 715 1081 714 1081 714 1082 715 1082 716 1082 715 1083 717 1083 716 1083 716 1084 717 1084 718 1084 717 1085 719 1085 718 1085 718 1086 719 1086 720 1086 719 1087 721 1087 720 1087 720 1088 721 1088 722 1088 721 1089 723 1089 722 1089 722 1090 723 1090 724 1090 723 1091 725 1091 724 1091 724 1092 725 1092 726 1092 726 1093 727 1093 728 1093 725 1094 727 1094 726 1094 728 1095 727 1095 729 1095 729 1096 730 1096 731 1096 727 1097 730 1097 729 1097 731 1098 732 1098 733 1098 730 1099 732 1099 731 1099 733 1100 734 1100 735 1100 732 1101 734 1101 733 1101 735 1102 736 1102 737 1102 734 1103 736 1103 735 1103 737 1104 738 1104 739 1104 736 1105 738 1105 737 1105 739 1106 740 1106 741 1106 741 1107 740 1107 742 1107 738 1108 740 1108 739 1108 742 1109 743 1109 744 1109 740 1110 743 1110 742 1110 744 1111 745 1111 746 1111 746 1112 745 1112 747 1112 743 1113 745 1113 744 1113 745 1114 748 1114 747 1114 747 1115 748 1115 749 1115 749 1116 748 1116 750 1116 748 1117 751 1117 750 1117 750 1118 751 1118 752 1118 751 1119 753 1119 752 1119 752 1120 753 1120 754 1120 753 1121 755 1121 754 1121 754 1122 755 1122 756 1122 755 1123 757 1123 756 1123 756 1124 757 1124 570 1124 757 1125 758 1125 570 1125 570 1126 758 1126 569 1126 569 1127 758 1127 568 1127 758 1128 759 1128 568 1128 568 1129 759 1129 566 1129 759 1130 760 1130 566 1130 566 1131 760 1131 565 1131 565 1132 760 1132 563 1132 760 1133 761 1133 563 1133 563 1134 761 1134 562 1134 761 1135 762 1135 562 1135 562 1136 762 1136 561 1136 762 1137 763 1137 561 1137 561 1138 763 1138 559 1138 559 1139 763 1139 558 1139 763 1140 764 1140 558 1140 558 1141 764 1141 556 1141 764 1142 765 1142 556 1142 556 1143 765 1143 553 1143 553 1144 765 1144 549 1144 765 1145 766 1145 549 1145 549 1146 766 1146 548 1146 766 1147 767 1147 548 1147 548 1148 767 1148 546 1148 546 1149 767 1149 551 1149 767 1150 768 1150 551 1150 551 1151 768 1151 554 1151 554 1152 768 1152 555 1152 768 1153 769 1153 555 1153 555 1154 769 1154 604 1154 769 1155 770 1155 604 1155 604 1156 770 1156 605 1156 605 1157 770 1157 606 1157 770 1158 771 1158 606 1158 606 1159 771 1159 607 1159 608 1160 772 1160 609 1160 771 1161 772 1161 607 1161 607 1162 772 1162 608 1162 609 1163 773 1163 610 1163 772 1164 773 1164 609 1164 610 1165 774 1165 611 1165 773 1166 774 1166 610 1166 611 1167 774 1167 612 1167 774 1168 775 1168 612 1168 612 1169 775 1169 617 1169 617 1170 776 1170 618 1170 618 1171 776 1171 619 1171 775 1172 776 1172 617 1172 619 1173 777 1173 620 1173 776 1174 777 1174 619 1174 620 1175 778 1175 621 1175 777 1176 778 1176 620 1176 621 1177 702 1177 622 1177 778 1178 702 1178 621 1178 261 1179 703 1179 263 1179 263 1180 703 1180 265 1180 265 1181 703 1181 267 1181 267 1182 703 1182 269 1182 269 1183 703 1183 271 1183 261 1184 705 1184 703 1184 259 1185 707 1185 261 1185 261 1186 707 1186 705 1186 259 1187 709 1187 707 1187 259 1188 711 1188 709 1188 259 1189 713 1189 711 1189 259 1190 715 1190 713 1190 259 1191 717 1191 715 1191 259 1192 719 1192 717 1192 259 1193 721 1193 719 1193 257 1194 721 1194 259 1194 257 1195 723 1195 721 1195 257 1196 725 1196 723 1196 257 1197 727 1197 725 1197 257 1198 730 1198 727 1198 257 1199 732 1199 730 1199 257 1200 734 1200 732 1200 257 1201 736 1201 734 1201 255 1202 736 1202 257 1202 255 1203 738 1203 736 1203 255 1204 740 1204 738 1204 255 1205 743 1205 740 1205 255 1206 745 1206 743 1206 255 1207 748 1207 745 1207 255 1208 751 1208 748 1208 255 1209 753 1209 751 1209 253 1210 753 1210 255 1210 253 1211 755 1211 753 1211 253 1212 757 1212 755 1212 253 1213 758 1213 757 1213 253 1214 759 1214 758 1214 253 1215 760 1215 759 1215 253 1216 761 1216 760 1216 253 1217 762 1217 761 1217 251 1218 763 1218 253 1218 253 1219 763 1219 762 1219 234 1220 702 1220 239 1220 239 1221 702 1221 241 1221 241 1222 702 1222 243 1222 243 1223 702 1223 245 1223 245 1224 702 1224 247 1224 251 1225 764 1225 763 1225 702 1226 778 1226 247 1226 251 1227 765 1227 764 1227 247 1228 777 1228 249 1228 778 1229 777 1229 247 1229 251 1230 766 1230 765 1230 777 1231 776 1231 249 1231 251 1232 767 1232 766 1232 776 1233 775 1233 249 1233 251 1234 768 1234 767 1234 775 1235 774 1235 249 1235 251 1236 769 1236 768 1236 774 1237 773 1237 249 1237 249 1238 770 1238 251 1238 251 1239 770 1239 769 1239 773 1240 772 1240 249 1240 249 1241 771 1241 770 1241 772 1242 771 1242 249 1242 779 1243 747 1243 749 1243 779 1244 749 1244 750 1244 746 1245 747 1245 779 1245 744 1246 746 1246 779 1246 780 1247 744 1247 779 1247 742 1248 744 1248 780 1248 741 1249 742 1249 780 1249 781 1250 741 1250 780 1250 739 1251 741 1251 781 1251 737 1252 781 1252 782 1252 737 1253 739 1253 781 1253 735 1254 737 1254 782 1254 733 1255 735 1255 782 1255 733 1256 782 1256 783 1256 731 1257 733 1257 783 1257 729 1258 783 1258 784 1258 729 1259 731 1259 783 1259 728 1260 784 1260 785 1260 728 1261 729 1261 784 1261 726 1262 728 1262 785 1262 724 1263 726 1263 785 1263 786 1264 787 1264 788 1264 789 1265 788 1265 787 1265 789 1266 787 1266 790 1266 791 1267 792 1267 787 1267 791 1268 787 1268 786 1268 793 1269 789 1269 790 1269 794 1270 792 1270 791 1270 795 1271 792 1271 794 1271 796 1272 793 1272 790 1272 796 1273 790 1273 797 1273 798 1274 796 1274 797 1274 799 1275 798 1275 797 1275 799 1276 797 1276 800 1276 801 1277 799 1277 800 1277 802 1278 801 1278 800 1278 803 1279 800 1279 804 1279 803 1280 802 1280 800 1280 805 1281 803 1281 804 1281 806 1282 805 1282 804 1282 807 1283 806 1283 804 1283 808 1284 806 1284 807 1284 809 1285 808 1285 807 1285 810 1286 809 1286 807 1286 811 1287 712 1287 714 1287 811 1288 714 1288 716 1288 811 1289 716 1289 718 1289 811 1290 718 1290 720 1290 811 1291 720 1291 722 1291 811 1292 722 1292 724 1292 811 1293 785 1293 812 1293 811 1294 812 1294 813 1294 811 1295 724 1295 785 1295 814 1296 813 1296 815 1296 814 1297 815 1297 816 1297 814 1298 811 1298 813 1298 817 1299 704 1299 706 1299 817 1300 706 1300 708 1300 817 1301 708 1301 710 1301 817 1302 710 1302 712 1302 817 1303 712 1303 811 1303 818 1304 814 1304 816 1304 818 1305 816 1305 819 1305 818 1306 819 1306 820 1306 821 1307 817 1307 811 1307 821 1308 811 1308 814 1308 822 1309 818 1309 820 1309 822 1310 820 1310 823 1310 822 1311 823 1311 824 1311 825 1312 272 1312 704 1312 825 1313 275 1313 270 1313 825 1314 270 1314 272 1314 825 1315 704 1315 817 1315 826 1316 814 1316 818 1316 826 1317 821 1317 814 1317 827 1318 822 1318 824 1318 827 1319 824 1319 828 1319 827 1320 828 1320 829 1320 830 1321 279 1321 277 1321 830 1322 277 1322 275 1322 830 1323 275 1323 825 1323 830 1324 825 1324 817 1324 830 1325 817 1325 821 1325 831 1326 818 1326 822 1326 831 1327 826 1327 818 1327 832 1328 827 1328 829 1328 832 1329 829 1329 833 1329 832 1330 833 1330 834 1330 835 1331 281 1331 279 1331 835 1332 830 1332 821 1332 835 1333 279 1333 830 1333 835 1334 826 1334 831 1334 835 1335 821 1335 826 1335 835 1336 283 1336 281 1336 836 1337 822 1337 827 1337 836 1338 831 1338 822 1338 836 1339 827 1339 832 1339 837 1340 834 1340 838 1340 837 1341 838 1341 839 1341 837 1342 832 1342 834 1342 840 1343 283 1343 835 1343 840 1344 835 1344 831 1344 840 1345 287 1345 285 1345 840 1346 285 1346 283 1346 841 1347 836 1347 832 1347 842 1348 837 1348 839 1348 842 1349 839 1349 843 1349 842 1350 843 1350 792 1350 842 1351 795 1351 844 1351 842 1352 844 1352 845 1352 842 1353 845 1353 846 1353 842 1354 846 1354 847 1354 842 1355 847 1355 848 1355 842 1356 848 1356 849 1356 842 1357 849 1357 850 1357 842 1358 850 1358 851 1358 842 1359 851 1359 852 1359 842 1360 792 1360 795 1360 853 1361 831 1361 836 1361 853 1362 836 1362 841 1362 853 1363 287 1363 840 1363 853 1364 840 1364 831 1364 853 1365 291 1365 289 1365 853 1366 289 1366 287 1366 854 1367 832 1367 837 1367 854 1368 841 1368 832 1368 855 1369 853 1369 841 1369 855 1370 291 1370 853 1370 855 1371 295 1371 293 1371 855 1372 293 1372 291 1372 856 1373 842 1373 852 1373 856 1374 837 1374 842 1374 856 1375 852 1375 857 1375 856 1376 857 1376 858 1376 856 1377 858 1377 859 1377 856 1378 859 1378 860 1378 856 1379 854 1379 837 1379 856 1380 860 1380 861 1380 856 1381 861 1381 862 1381 863 1382 855 1382 841 1382 863 1383 854 1383 856 1383 863 1384 295 1384 855 1384 863 1385 856 1385 862 1385 863 1386 862 1386 302 1386 863 1387 302 1387 301 1387 863 1388 841 1388 854 1388 863 1389 301 1389 299 1389 863 1390 299 1390 297 1390 863 1391 297 1391 295 1391 864 1392 865 1392 667 1392 667 1393 865 1393 668 1393 865 1394 866 1394 668 1394 668 1395 866 1395 669 1395 866 1396 867 1396 669 1396 669 1397 867 1397 670 1397 867 1398 868 1398 670 1398 670 1399 868 1399 655 1399 868 1400 869 1400 655 1400 655 1401 869 1401 656 1401 869 1402 870 1402 656 1402 656 1403 870 1403 657 1403 870 1404 871 1404 657 1404 657 1405 871 1405 658 1405 871 1406 872 1406 658 1406 658 1407 872 1407 659 1407 872 1408 873 1408 659 1408 659 1409 873 1409 660 1409 873 1410 874 1410 660 1410 660 1411 874 1411 646 1411 874 1412 875 1412 646 1412 646 1413 875 1413 645 1413 645 1414 876 1414 643 1414 875 1415 876 1415 645 1415 643 1416 876 1416 641 1416 641 1417 877 1417 640 1417 876 1418 877 1418 641 1418 640 1419 878 1419 638 1419 877 1420 878 1420 640 1420 638 1421 879 1421 637 1421 878 1422 879 1422 638 1422 637 1423 880 1423 635 1423 879 1424 880 1424 637 1424 635 1425 881 1425 634 1425 880 1426 881 1426 635 1426 634 1427 882 1427 632 1427 632 1428 882 1428 631 1428 881 1429 882 1429 634 1429 631 1430 883 1430 629 1430 882 1431 883 1431 631 1431 629 1432 884 1432 628 1432 628 1433 884 1433 625 1433 883 1434 884 1434 629 1434 884 1435 885 1435 625 1435 625 1436 885 1436 626 1436 626 1437 885 1437 627 1437 885 1438 886 1438 627 1438 627 1439 886 1439 887 1439 886 1440 888 1440 887 1440 887 1441 888 1441 889 1441 888 1442 890 1442 889 1442 889 1443 890 1443 891 1443 890 1444 892 1444 891 1444 891 1445 892 1445 810 1445 892 1446 893 1446 810 1446 810 1447 893 1447 809 1447 809 1448 893 1448 808 1448 893 1449 894 1449 808 1449 808 1450 894 1450 806 1450 894 1451 895 1451 806 1451 806 1452 895 1452 805 1452 805 1453 895 1453 803 1453 895 1454 896 1454 803 1454 803 1455 896 1455 802 1455 896 1456 897 1456 802 1456 802 1457 897 1457 801 1457 897 1458 898 1458 801 1458 801 1459 898 1459 799 1459 799 1460 898 1460 798 1460 898 1461 899 1461 798 1461 798 1462 899 1462 796 1462 899 1463 900 1463 796 1463 796 1464 900 1464 793 1464 793 1465 900 1465 789 1465 900 1466 901 1466 789 1466 789 1467 901 1467 788 1467 901 1468 902 1468 788 1468 788 1469 902 1469 786 1469 786 1470 902 1470 791 1470 902 1471 903 1471 791 1471 791 1472 903 1472 794 1472 794 1473 903 1473 795 1473 903 1474 904 1474 795 1474 795 1475 904 1475 844 1475 904 1476 905 1476 844 1476 844 1477 905 1477 845 1477 845 1478 905 1478 846 1478 905 1479 906 1479 846 1479 846 1480 906 1480 847 1480 848 1481 907 1481 849 1481 906 1482 907 1482 847 1482 847 1483 907 1483 848 1483 849 1484 908 1484 850 1484 907 1485 908 1485 849 1485 850 1486 909 1486 851 1486 908 1487 909 1487 850 1487 851 1488 909 1488 852 1488 909 1489 910 1489 852 1489 852 1490 910 1490 857 1490 857 1491 911 1491 858 1491 858 1492 911 1492 859 1492 910 1493 911 1493 857 1493 859 1494 912 1494 860 1494 911 1495 912 1495 859 1495 860 1496 913 1496 861 1496 912 1497 913 1497 860 1497 861 1498 914 1498 862 1498 913 1499 914 1499 861 1499 914 1500 302 1500 862 1500 914 1501 300 1501 302 1501 337 1502 864 1502 338 1502 338 1503 864 1503 667 1503 300 1504 914 1504 306 1504 306 1505 914 1505 308 1505 308 1506 914 1506 310 1506 310 1507 914 1507 312 1507 312 1508 914 1508 314 1508 914 1509 913 1509 314 1509 314 1510 912 1510 316 1510 913 1511 912 1511 314 1511 912 1512 911 1512 316 1512 911 1513 910 1513 316 1513 910 1514 909 1514 316 1514 909 1515 908 1515 316 1515 908 1516 907 1516 316 1516 907 1517 906 1517 316 1517 906 1518 905 1518 316 1518 316 1519 905 1519 318 1519 905 1520 904 1520 318 1520 904 1521 903 1521 318 1521 903 1522 902 1522 318 1522 902 1523 901 1523 318 1523 901 1524 900 1524 318 1524 900 1525 899 1525 318 1525 899 1526 898 1526 318 1526 318 1527 898 1527 320 1527 898 1528 897 1528 320 1528 897 1529 896 1529 320 1529 896 1530 895 1530 320 1530 895 1531 894 1531 320 1531 894 1532 893 1532 320 1532 893 1533 892 1533 320 1533 892 1534 890 1534 320 1534 890 1535 888 1535 320 1535 320 1536 888 1536 322 1536 888 1537 886 1537 322 1537 886 1538 885 1538 322 1538 885 1539 884 1539 322 1539 884 1540 883 1540 322 1540 883 1541 882 1541 322 1541 882 1542 881 1542 322 1542 322 1543 880 1543 323 1543 881 1544 880 1544 322 1544 327 1545 864 1545 329 1545 329 1546 864 1546 331 1546 331 1547 864 1547 333 1547 333 1548 864 1548 335 1548 335 1549 864 1549 337 1549 880 1550 879 1550 323 1550 327 1551 865 1551 864 1551 879 1552 878 1552 323 1552 325 1553 866 1553 327 1553 327 1554 866 1554 865 1554 878 1555 877 1555 323 1555 325 1556 867 1556 866 1556 877 1557 876 1557 323 1557 325 1558 868 1558 867 1558 876 1559 875 1559 323 1559 325 1560 869 1560 868 1560 875 1561 874 1561 323 1561 325 1562 870 1562 869 1562 323 1563 873 1563 325 1563 874 1564 873 1564 323 1564 325 1565 871 1565 870 1565 873 1566 872 1566 325 1566 325 1567 872 1567 871 1567 915 1568 916 1568 917 1568 917 1569 916 1569 918 1569 916 1570 919 1570 918 1570 918 1571 919 1571 920 1571 919 1572 921 1572 920 1572 920 1573 921 1573 922 1573 921 1574 923 1574 922 1574 922 1575 923 1575 924 1575 924 1576 925 1576 926 1576 923 1577 925 1577 924 1577 926 1578 925 1578 927 1578 925 1579 928 1579 927 1579 927 1580 929 1580 930 1580 930 1581 929 1581 931 1581 928 1582 929 1582 927 1582 929 1583 932 1583 931 1583 932 1584 933 1584 931 1584 931 1585 933 1585 934 1585 934 1586 933 1586 935 1586 933 1587 936 1587 935 1587 936 1588 937 1588 935 1588 935 1589 937 1589 938 1589 937 1590 939 1590 938 1590 938 1591 939 1591 940 1591 940 1592 939 1592 941 1592 939 1593 942 1593 941 1593 942 1594 943 1594 941 1594 941 1595 943 1595 944 1595 944 1596 943 1596 945 1596 943 1597 946 1597 945 1597 946 1598 947 1598 945 1598 945 1599 947 1599 948 1599 947 1600 949 1600 948 1600 948 1601 949 1601 950 1601 950 1602 949 1602 951 1602 949 1603 952 1603 951 1603 951 1604 953 1604 954 1604 954 1605 953 1605 955 1605 952 1606 953 1606 951 1606 953 1607 956 1607 955 1607 955 1608 957 1608 958 1608 956 1609 957 1609 955 1609 958 1610 959 1610 960 1610 957 1611 959 1611 958 1611 960 1612 961 1612 962 1612 962 1613 961 1613 963 1613 959 1614 961 1614 960 1614 963 1615 964 1615 965 1615 961 1616 964 1616 963 1616 964 1617 966 1617 965 1617 965 1618 967 1618 968 1618 966 1619 967 1619 965 1619 968 1620 969 1620 970 1620 970 1621 969 1621 971 1621 967 1622 969 1622 968 1622 969 1623 972 1623 971 1623 971 1624 973 1624 974 1624 972 1625 973 1625 971 1625 974 1626 975 1626 976 1626 976 1627 975 1627 977 1627 973 1628 975 1628 974 1628 975 1629 978 1629 977 1629 977 1630 979 1630 980 1630 980 1631 979 1631 981 1631 978 1632 979 1632 977 1632 981 1633 982 1633 983 1633 979 1634 982 1634 981 1634 982 1635 984 1635 983 1635 983 1636 985 1636 986 1636 986 1637 985 1637 987 1637 984 1638 985 1638 983 1638 985 1639 988 1639 987 1639 988 1640 989 1640 987 1640 987 1641 989 1641 990 1641 990 1642 989 1642 991 1642 989 1643 992 1643 991 1643 991 1644 992 1644 993 1644 992 1645 994 1645 993 1645 993 1646 995 1646 996 1646 994 1647 995 1647 993 1647 995 1648 997 1648 996 1648 996 1649 997 1649 998 1649 998 1650 997 1650 999 1650 997 1651 1000 1651 999 1651 999 1652 1001 1652 1002 1652 1000 1653 1001 1653 999 1653 1002 1654 1003 1654 1004 1654 1001 1655 1003 1655 1002 1655 1004 1656 1005 1656 1006 1656 1006 1657 1005 1657 1007 1657 1003 1658 1005 1658 1004 1658 1005 1659 1008 1659 1007 1659 1007 1660 1009 1660 1010 1660 1008 1661 1009 1661 1007 1661 1010 1662 1011 1662 1012 1662 1009 1663 1011 1663 1010 1663 1012 1664 1013 1664 1014 1664 1011 1665 1013 1665 1012 1665 1014 1666 1015 1666 1016 1666 1013 1667 1015 1667 1014 1667 1016 1668 1017 1668 1018 1668 1018 1669 1017 1669 1019 1669 1015 1670 1017 1670 1016 1670 1019 1671 1020 1671 1021 1671 1017 1672 1020 1672 1019 1672 1020 1673 1022 1673 1021 1673 1021 1674 1023 1674 1024 1674 1024 1675 1023 1675 1025 1675 1022 1676 1023 1676 1021 1676 1023 1677 1026 1677 1025 1677 1025 1678 1027 1678 1028 1678 1026 1679 1027 1679 1025 1679 1028 1680 1029 1680 1030 1680 1027 1681 1029 1681 1028 1681 1030 1682 1031 1682 1032 1682 1029 1683 1031 1683 1030 1683 1032 1684 1033 1684 1034 1684 1031 1685 1033 1685 1032 1685 1033 1686 1035 1686 1034 1686 1034 1687 1035 1687 1036 1687 1035 1688 1037 1688 1036 1688 1036 1689 1037 1689 1038 1689 1037 1690 1039 1690 1038 1690 1038 1691 1039 1691 1040 1691 1040 1692 1039 1692 1041 1692 1039 1693 1042 1693 1041 1693 1042 1694 1043 1694 1041 1694 1041 1695 1043 1695 1044 1695 1043 1696 1045 1696 1044 1696 1044 1697 1045 1697 1046 1697 1046 1698 1045 1698 1047 1698 1045 1699 1048 1699 1047 1699 1048 1700 1049 1700 1047 1700 1047 1701 1049 1701 1050 1701 1049 1702 1051 1702 1050 1702 1050 1703 1051 1703 1052 1703 1051 1704 1053 1704 1052 1704 1052 1705 1053 1705 1054 1705 1054 1706 1053 1706 1055 1706 1053 1707 1056 1707 1055 1707 1056 1708 1057 1708 1055 1708 1055 1709 1057 1709 1058 1709 1058 1710 1057 1710 1059 1710 1057 1711 1060 1711 1059 1711 1059 1712 1060 1712 1061 1712 1061 1713 1062 1713 1063 1713 1060 1714 1062 1714 1061 1714 1062 1715 1064 1715 1063 1715 1063 1716 1065 1716 1066 1716 1064 1717 1065 1717 1063 1717 1066 1718 1067 1718 1068 1718 1065 1719 1067 1719 1066 1719 1068 1720 1069 1720 1070 1720 1070 1721 1069 1721 1071 1721 1067 1722 1069 1722 1068 1722 1069 1723 1072 1723 1071 1723 1071 1724 1073 1724 1074 1724 1072 1725 1073 1725 1071 1725 1074 1726 915 1726 917 1726 1073 1727 915 1727 1074 1727 932 1728 929 1728 933 1728 933 1729 928 1729 936 1729 936 1730 928 1730 937 1730 929 1731 928 1731 933 1731 937 1732 946 1732 939 1732 939 1733 946 1733 942 1733 942 1734 946 1734 943 1734 925 1735 923 1735 928 1735 946 1736 953 1736 947 1736 947 1737 953 1737 949 1737 949 1738 953 1738 952 1738 959 1739 964 1739 961 1739 1067 1740 1065 1740 1069 1740 1064 1741 1062 1741 1065 1741 966 1742 969 1742 967 1742 966 1743 972 1743 969 1743 1057 1744 1056 1744 1060 1744 972 1745 975 1745 973 1745 1056 1746 1053 1746 1060 1746 972 1747 978 1747 975 1747 959 1748 978 1748 964 1748 957 1749 978 1749 959 1749 964 1750 978 1750 966 1750 966 1751 978 1751 972 1751 915 1752 1049 1752 916 1752 916 1753 1049 1753 919 1753 919 1754 1049 1754 921 1754 1065 1755 1049 1755 1069 1755 1062 1756 1049 1756 1065 1756 1053 1757 1049 1757 1060 1757 1051 1758 1049 1758 1053 1758 1060 1759 1049 1759 1062 1759 1069 1760 1049 1760 1072 1760 1072 1761 1049 1761 1073 1761 1073 1762 1049 1762 915 1762 978 1763 982 1763 979 1763 956 1764 985 1764 957 1764 978 1765 985 1765 982 1765 982 1766 985 1766 984 1766 957 1767 985 1767 978 1767 1045 1768 1043 1768 1048 1768 985 1769 989 1769 988 1769 956 1770 989 1770 985 1770 1042 1771 1039 1771 1043 1771 989 1772 995 1772 992 1772 992 1773 995 1773 994 1773 1035 1774 1033 1774 1037 1774 1031 1775 1029 1775 1033 1775 995 1776 1003 1776 997 1776 997 1777 1003 1777 1000 1777 1000 1778 1003 1778 1001 1778 989 1779 1003 1779 995 1779 937 1780 1027 1780 946 1780 1033 1781 1027 1781 1037 1781 921 1782 1027 1782 923 1782 923 1783 1027 1783 928 1783 1029 1784 1027 1784 1033 1784 1049 1785 1027 1785 921 1785 1037 1786 1027 1786 1039 1786 1048 1787 1027 1787 1049 1787 1039 1788 1027 1788 1043 1788 1043 1789 1027 1789 1048 1789 928 1790 1027 1790 937 1790 1027 1791 1026 1791 946 1791 1023 1792 1022 1792 1026 1792 1008 1793 1013 1793 1009 1793 1009 1794 1013 1794 1011 1794 1022 1795 1017 1795 1026 1795 1020 1796 1017 1796 1022 1796 946 1797 1015 1797 953 1797 989 1798 1015 1798 1003 1798 953 1799 1015 1799 956 1799 1026 1800 1015 1800 946 1800 1017 1801 1015 1801 1026 1801 1008 1802 1015 1802 1013 1802 1003 1803 1015 1803 1005 1803 1005 1804 1015 1804 1008 1804 956 1805 1015 1805 989 1805 1075 1806 1076 1806 1077 1806 1077 1807 1076 1807 1078 1807 1076 1808 1079 1808 1078 1808 1078 1809 1079 1809 1080 1809 1079 1810 1081 1810 1080 1810 1080 1811 1081 1811 1082 1811 1081 1812 1083 1812 1082 1812 1082 1813 1083 1813 1084 1813 1084 1814 1085 1814 1086 1814 1083 1815 1085 1815 1084 1815 1086 1816 1085 1816 1087 1816 1085 1817 1088 1817 1087 1817 1087 1818 1089 1818 1090 1818 1090 1819 1089 1819 1091 1819 1088 1820 1089 1820 1087 1820 1089 1821 1092 1821 1091 1821 1092 1822 1093 1822 1091 1822 1091 1823 1093 1823 1094 1823 1094 1824 1093 1824 1095 1824 1093 1825 1096 1825 1095 1825 1096 1826 1097 1826 1095 1826 1095 1827 1097 1827 1098 1827 1097 1828 1099 1828 1098 1828 1098 1829 1099 1829 1100 1829 1100 1830 1099 1830 1101 1830 1099 1831 1102 1831 1101 1831 1102 1832 1103 1832 1101 1832 1101 1833 1103 1833 1104 1833 1104 1834 1103 1834 1105 1834 1103 1835 1106 1835 1105 1835 1106 1836 1107 1836 1105 1836 1105 1837 1107 1837 1108 1837 1107 1838 1109 1838 1108 1838 1108 1839 1109 1839 1110 1839 1110 1840 1109 1840 1111 1840 1109 1841 1112 1841 1111 1841 1111 1842 1113 1842 1114 1842 1114 1843 1113 1843 1115 1843 1112 1844 1113 1844 1111 1844 1113 1845 1116 1845 1115 1845 1115 1846 1117 1846 1118 1846 1116 1847 1117 1847 1115 1847 1118 1848 1119 1848 1120 1848 1117 1849 1119 1849 1118 1849 1120 1850 1121 1850 1122 1850 1122 1851 1121 1851 1123 1851 1119 1852 1121 1852 1120 1852 1123 1853 1124 1853 1125 1853 1121 1854 1124 1854 1123 1854 1124 1855 1126 1855 1125 1855 1125 1856 1127 1856 1128 1856 1126 1857 1127 1857 1125 1857 1128 1858 1129 1858 1130 1858 1130 1859 1129 1859 1131 1859 1127 1860 1129 1860 1128 1860 1129 1861 1132 1861 1131 1861 1131 1862 1133 1862 1134 1862 1132 1863 1133 1863 1131 1863 1134 1864 1135 1864 1136 1864 1136 1865 1135 1865 1137 1865 1133 1866 1135 1866 1134 1866 1135 1867 1138 1867 1137 1867 1137 1868 1139 1868 1140 1868 1140 1869 1139 1869 1141 1869 1138 1870 1139 1870 1137 1870 1141 1871 1142 1871 1143 1871 1139 1872 1142 1872 1141 1872 1142 1873 1144 1873 1143 1873 1143 1874 1145 1874 1146 1874 1146 1875 1145 1875 1147 1875 1144 1876 1145 1876 1143 1876 1145 1877 1148 1877 1147 1877 1148 1878 1149 1878 1147 1878 1147 1879 1149 1879 1150 1879 1150 1880 1149 1880 1151 1880 1149 1881 1152 1881 1151 1881 1151 1882 1152 1882 1153 1882 1152 1883 1154 1883 1153 1883 1153 1884 1155 1884 1156 1884 1154 1885 1155 1885 1153 1885 1155 1886 1157 1886 1156 1886 1156 1887 1157 1887 1158 1887 1158 1888 1157 1888 1159 1888 1157 1889 1160 1889 1159 1889 1159 1890 1161 1890 1162 1890 1160 1891 1161 1891 1159 1891 1162 1892 1163 1892 1164 1892 1161 1893 1163 1893 1162 1893 1164 1894 1165 1894 1166 1894 1166 1895 1165 1895 1167 1895 1163 1896 1165 1896 1164 1896 1165 1897 1168 1897 1167 1897 1167 1898 1169 1898 1170 1898 1168 1899 1169 1899 1167 1899 1170 1900 1171 1900 1172 1900 1169 1901 1171 1901 1170 1901 1172 1902 1173 1902 1174 1902 1171 1903 1173 1903 1172 1903 1174 1904 1175 1904 1176 1904 1173 1905 1175 1905 1174 1905 1176 1906 1177 1906 1178 1906 1178 1907 1177 1907 1179 1907 1175 1908 1177 1908 1176 1908 1179 1909 1180 1909 1181 1909 1177 1910 1180 1910 1179 1910 1180 1911 1182 1911 1181 1911 1181 1912 1183 1912 1184 1912 1184 1913 1183 1913 1185 1913 1182 1914 1183 1914 1181 1914 1183 1915 1186 1915 1185 1915 1185 1916 1187 1916 1188 1916 1186 1917 1187 1917 1185 1917 1188 1918 1189 1918 1190 1918 1187 1919 1189 1919 1188 1919 1190 1920 1191 1920 1192 1920 1189 1921 1191 1921 1190 1921 1192 1922 1193 1922 1194 1922 1191 1923 1193 1923 1192 1923 1193 1924 1195 1924 1194 1924 1194 1925 1195 1925 1196 1925 1195 1926 1197 1926 1196 1926 1196 1927 1197 1927 1198 1927 1197 1928 1199 1928 1198 1928 1198 1929 1199 1929 1200 1929 1200 1930 1199 1930 1201 1930 1199 1931 1202 1931 1201 1931 1202 1932 1203 1932 1201 1932 1201 1933 1203 1933 1204 1933 1203 1934 1205 1934 1204 1934 1204 1935 1205 1935 1206 1935 1206 1936 1205 1936 1207 1936 1205 1937 1208 1937 1207 1937 1208 1938 1209 1938 1207 1938 1207 1939 1209 1939 1210 1939 1209 1940 1211 1940 1210 1940 1210 1941 1211 1941 1212 1941 1211 1942 1213 1942 1212 1942 1212 1943 1213 1943 1214 1943 1214 1944 1213 1944 1215 1944 1213 1945 1216 1945 1215 1945 1216 1946 1217 1946 1215 1946 1215 1947 1217 1947 1218 1947 1218 1948 1217 1948 1219 1948 1217 1949 1220 1949 1219 1949 1219 1950 1220 1950 1221 1950 1221 1951 1222 1951 1223 1951 1220 1952 1222 1952 1221 1952 1222 1953 1224 1953 1223 1953 1223 1954 1225 1954 1226 1954 1224 1955 1225 1955 1223 1955 1226 1956 1227 1956 1228 1956 1225 1957 1227 1957 1226 1957 1228 1958 1229 1958 1230 1958 1230 1959 1229 1959 1231 1959 1227 1960 1229 1960 1228 1960 1229 1961 1232 1961 1231 1961 1231 1962 1233 1962 1234 1962 1232 1963 1233 1963 1231 1963 1234 1964 1075 1964 1077 1964 1233 1965 1075 1965 1234 1965 1102 1966 1106 1966 1103 1966 1085 1967 1083 1967 1088 1967 1107 1968 1112 1968 1109 1968 1116 1969 1119 1969 1117 1969 1227 1970 1225 1970 1229 1970 1116 1971 1126 1971 1119 1971 1119 1972 1126 1972 1121 1972 1121 1973 1126 1973 1124 1973 1224 1974 1222 1974 1225 1974 1225 1975 1220 1975 1229 1975 1222 1976 1220 1976 1225 1976 1229 1977 1220 1977 1232 1977 1107 1978 1132 1978 1112 1978 1106 1979 1132 1979 1107 1979 1112 1980 1132 1980 1113 1980 1113 1981 1132 1981 1116 1981 1126 1982 1132 1982 1127 1982 1127 1983 1132 1983 1129 1983 1116 1984 1132 1984 1126 1984 1217 1985 1216 1985 1220 1985 1132 1986 1135 1986 1133 1986 1216 1987 1213 1987 1220 1987 1132 1988 1138 1988 1135 1988 1213 1989 1211 1989 1220 1989 1075 1990 1209 1990 1076 1990 1076 1991 1209 1991 1079 1991 1079 1992 1209 1992 1081 1992 1220 1993 1209 1993 1232 1993 1211 1994 1209 1994 1220 1994 1232 1995 1209 1995 1233 1995 1233 1996 1209 1996 1075 1996 1139 1997 1144 1997 1142 1997 1144 1998 1148 1998 1145 1998 1139 1999 1149 1999 1144 1999 1138 2000 1149 2000 1139 2000 1144 2001 1149 2001 1148 2001 1149 2002 1154 2002 1152 2002 1197 2003 1195 2003 1199 2003 1199 2004 1195 2004 1202 2004 1202 2005 1195 2005 1203 2005 1203 2006 1195 2006 1205 2006 1205 2007 1195 2007 1208 2007 1154 2008 1157 2008 1155 2008 1195 2009 1193 2009 1208 2009 1191 2010 1189 2010 1193 2010 1154 2011 1163 2011 1157 2011 1157 2012 1163 2012 1160 2012 1160 2013 1163 2013 1161 2013 1163 2014 1168 2014 1165 2014 1183 2015 1182 2015 1186 2015 1186 2016 1182 2016 1187 2016 1187 2017 1182 2017 1189 2017 1189 2018 1182 2018 1193 2018 1081 2019 1175 2019 1083 2019 1193 2020 1175 2020 1208 2020 1083 2021 1175 2021 1088 2021 1088 2022 1175 2022 1089 2022 1089 2023 1175 2023 1092 2023 1092 2024 1175 2024 1093 2024 1154 2025 1175 2025 1163 2025 1093 2026 1175 2026 1096 2026 1096 2027 1175 2027 1097 2027 1097 2028 1175 2028 1099 2028 1099 2029 1175 2029 1102 2029 1182 2030 1175 2030 1193 2030 1209 2031 1175 2031 1081 2031 1168 2032 1175 2032 1169 2032 1169 2033 1175 2033 1171 2033 1132 2034 1175 2034 1138 2034 1171 2035 1175 2035 1173 2035 1177 2036 1175 2036 1180 2036 1180 2037 1175 2037 1182 2037 1208 2038 1175 2038 1209 2038 1138 2039 1175 2039 1149 2039 1149 2040 1175 2040 1154 2040 1102 2041 1175 2041 1106 2041 1163 2042 1175 2042 1168 2042 1106 2043 1175 2043 1132 2043 1235 2044 1236 2044 1237 2044 1237 2045 1236 2045 1238 2045 1236 2046 1239 2046 1238 2046 1238 2047 1239 2047 1240 2047 1239 2048 1241 2048 1240 2048 1240 2049 1241 2049 1242 2049 1241 2050 1243 2050 1242 2050 1242 2051 1243 2051 1244 2051 1244 2052 1245 2052 1246 2052 1243 2053 1245 2053 1244 2053 1246 2054 1245 2054 1247 2054 1245 2055 1248 2055 1247 2055 1247 2056 1249 2056 1250 2056 1250 2057 1249 2057 1251 2057 1248 2058 1249 2058 1247 2058 1249 2059 1252 2059 1251 2059 1252 2060 1253 2060 1251 2060 1251 2061 1253 2061 1254 2061 1254 2062 1253 2062 1255 2062 1253 2063 1256 2063 1255 2063 1256 2064 1257 2064 1255 2064 1255 2065 1257 2065 1258 2065 1257 2066 1259 2066 1258 2066 1258 2067 1259 2067 1260 2067 1260 2068 1259 2068 1261 2068 1259 2069 1262 2069 1261 2069 1262 2070 1263 2070 1261 2070 1261 2071 1263 2071 1264 2071 1264 2072 1263 2072 1265 2072 1263 2073 1266 2073 1265 2073 1266 2074 1267 2074 1265 2074 1265 2075 1267 2075 1268 2075 1267 2076 1269 2076 1268 2076 1268 2077 1269 2077 1270 2077 1270 2078 1269 2078 1271 2078 1269 2079 1272 2079 1271 2079 1271 2080 1273 2080 1274 2080 1274 2081 1273 2081 1275 2081 1272 2082 1273 2082 1271 2082 1273 2083 1276 2083 1275 2083 1275 2084 1277 2084 1278 2084 1276 2085 1277 2085 1275 2085 1278 2086 1279 2086 1280 2086 1277 2087 1279 2087 1278 2087 1280 2088 1281 2088 1282 2088 1282 2089 1281 2089 1283 2089 1279 2090 1281 2090 1280 2090 1283 2091 1284 2091 1285 2091 1281 2092 1284 2092 1283 2092 1284 2093 1286 2093 1285 2093 1285 2094 1287 2094 1288 2094 1286 2095 1287 2095 1285 2095 1288 2096 1289 2096 1290 2096 1290 2097 1289 2097 1291 2097 1287 2098 1289 2098 1288 2098 1289 2099 1292 2099 1291 2099 1291 2100 1293 2100 1294 2100 1292 2101 1293 2101 1291 2101 1294 2102 1295 2102 1296 2102 1296 2103 1295 2103 1297 2103 1293 2104 1295 2104 1294 2104 1295 2105 1298 2105 1297 2105 1297 2106 1299 2106 1300 2106 1300 2107 1299 2107 1301 2107 1298 2108 1299 2108 1297 2108 1301 2109 1302 2109 1303 2109 1299 2110 1302 2110 1301 2110 1302 2111 1304 2111 1303 2111 1303 2112 1305 2112 1306 2112 1306 2113 1305 2113 1307 2113 1304 2114 1305 2114 1303 2114 1305 2115 1308 2115 1307 2115 1308 2116 1309 2116 1307 2116 1307 2117 1309 2117 1310 2117 1310 2118 1309 2118 1311 2118 1309 2119 1312 2119 1311 2119 1311 2120 1312 2120 1313 2120 1312 2121 1314 2121 1313 2121 1313 2122 1315 2122 1316 2122 1314 2123 1315 2123 1313 2123 1315 2124 1317 2124 1316 2124 1316 2125 1317 2125 1318 2125 1318 2126 1317 2126 1319 2126 1317 2127 1320 2127 1319 2127 1319 2128 1321 2128 1322 2128 1320 2129 1321 2129 1319 2129 1322 2130 1323 2130 1324 2130 1321 2131 1323 2131 1322 2131 1324 2132 1325 2132 1326 2132 1326 2133 1325 2133 1327 2133 1323 2134 1325 2134 1324 2134 1325 2135 1328 2135 1327 2135 1327 2136 1329 2136 1330 2136 1328 2137 1329 2137 1327 2137 1330 2138 1331 2138 1332 2138 1329 2139 1331 2139 1330 2139 1332 2140 1333 2140 1334 2140 1331 2141 1333 2141 1332 2141 1334 2142 1335 2142 1336 2142 1333 2143 1335 2143 1334 2143 1336 2144 1337 2144 1338 2144 1338 2145 1337 2145 1339 2145 1335 2146 1337 2146 1336 2146 1339 2147 1340 2147 1341 2147 1337 2148 1340 2148 1339 2148 1340 2149 1342 2149 1341 2149 1341 2150 1343 2150 1344 2150 1344 2151 1343 2151 1345 2151 1342 2152 1343 2152 1341 2152 1343 2153 1346 2153 1345 2153 1345 2154 1347 2154 1348 2154 1346 2155 1347 2155 1345 2155 1348 2156 1349 2156 1350 2156 1347 2157 1349 2157 1348 2157 1350 2158 1351 2158 1352 2158 1349 2159 1351 2159 1350 2159 1352 2160 1353 2160 1354 2160 1351 2161 1353 2161 1352 2161 1353 2162 1355 2162 1354 2162 1354 2163 1355 2163 1356 2163 1355 2164 1357 2164 1356 2164 1356 2165 1357 2165 1358 2165 1357 2166 1359 2166 1358 2166 1358 2167 1359 2167 1360 2167 1360 2168 1359 2168 1361 2168 1359 2169 1362 2169 1361 2169 1362 2170 1363 2170 1361 2170 1361 2171 1363 2171 1364 2171 1363 2172 1365 2172 1364 2172 1364 2173 1365 2173 1366 2173 1366 2174 1365 2174 1367 2174 1365 2175 1368 2175 1367 2175 1368 2176 1369 2176 1367 2176 1367 2177 1369 2177 1370 2177 1369 2178 1371 2178 1370 2178 1370 2179 1371 2179 1372 2179 1371 2180 1373 2180 1372 2180 1372 2181 1373 2181 1374 2181 1374 2182 1373 2182 1375 2182 1373 2183 1376 2183 1375 2183 1376 2184 1377 2184 1375 2184 1375 2185 1377 2185 1378 2185 1378 2186 1377 2186 1379 2186 1377 2187 1380 2187 1379 2187 1379 2188 1380 2188 1381 2188 1381 2189 1382 2189 1383 2189 1380 2190 1382 2190 1381 2190 1382 2191 1384 2191 1383 2191 1383 2192 1385 2192 1386 2192 1384 2193 1385 2193 1383 2193 1386 2194 1387 2194 1388 2194 1385 2195 1387 2195 1386 2195 1388 2196 1389 2196 1390 2196 1390 2197 1389 2197 1391 2197 1387 2198 1389 2198 1388 2198 1389 2199 1392 2199 1391 2199 1391 2200 1393 2200 1394 2200 1392 2201 1393 2201 1391 2201 1394 2202 1235 2202 1237 2202 1393 2203 1235 2203 1394 2203 1262 2204 1266 2204 1263 2204 1245 2205 1243 2205 1248 2205 1267 2206 1272 2206 1269 2206 1276 2207 1279 2207 1277 2207 1387 2208 1385 2208 1389 2208 1276 2209 1286 2209 1279 2209 1279 2210 1286 2210 1281 2210 1281 2211 1286 2211 1284 2211 1384 2212 1382 2212 1385 2212 1385 2213 1380 2213 1389 2213 1382 2214 1380 2214 1385 2214 1389 2215 1380 2215 1392 2215 1267 2216 1292 2216 1272 2216 1266 2217 1292 2217 1267 2217 1272 2218 1292 2218 1273 2218 1273 2219 1292 2219 1276 2219 1286 2220 1292 2220 1287 2220 1287 2221 1292 2221 1289 2221 1276 2222 1292 2222 1286 2222 1377 2223 1376 2223 1380 2223 1292 2224 1295 2224 1293 2224 1376 2225 1373 2225 1380 2225 1292 2226 1298 2226 1295 2226 1373 2227 1371 2227 1380 2227 1235 2228 1369 2228 1236 2228 1236 2229 1369 2229 1239 2229 1239 2230 1369 2230 1241 2230 1380 2231 1369 2231 1392 2231 1371 2232 1369 2232 1380 2232 1392 2233 1369 2233 1393 2233 1393 2234 1369 2234 1235 2234 1299 2235 1304 2235 1302 2235 1304 2236 1308 2236 1305 2236 1299 2237 1309 2237 1304 2237 1298 2238 1309 2238 1299 2238 1304 2239 1309 2239 1308 2239 1309 2240 1314 2240 1312 2240 1357 2241 1355 2241 1359 2241 1359 2242 1355 2242 1362 2242 1362 2243 1355 2243 1363 2243 1363 2244 1355 2244 1365 2244 1365 2245 1355 2245 1368 2245 1314 2246 1317 2246 1315 2246 1355 2247 1353 2247 1368 2247 1351 2248 1349 2248 1353 2248 1314 2249 1323 2249 1317 2249 1317 2250 1323 2250 1320 2250 1320 2251 1323 2251 1321 2251 1323 2252 1328 2252 1325 2252 1343 2253 1342 2253 1346 2253 1346 2254 1342 2254 1347 2254 1347 2255 1342 2255 1349 2255 1349 2256 1342 2256 1353 2256 1241 2257 1335 2257 1243 2257 1353 2258 1335 2258 1368 2258 1243 2259 1335 2259 1248 2259 1248 2260 1335 2260 1249 2260 1249 2261 1335 2261 1252 2261 1252 2262 1335 2262 1253 2262 1314 2263 1335 2263 1323 2263 1253 2264 1335 2264 1256 2264 1256 2265 1335 2265 1257 2265 1257 2266 1335 2266 1259 2266 1259 2267 1335 2267 1262 2267 1342 2268 1335 2268 1353 2268 1369 2269 1335 2269 1241 2269 1328 2270 1335 2270 1329 2270 1329 2271 1335 2271 1331 2271 1292 2272 1335 2272 1298 2272 1331 2273 1335 2273 1333 2273 1337 2274 1335 2274 1340 2274 1340 2275 1335 2275 1342 2275 1368 2276 1335 2276 1369 2276 1298 2277 1335 2277 1309 2277 1309 2278 1335 2278 1314 2278 1262 2279 1335 2279 1266 2279 1323 2280 1335 2280 1328 2280 1266 2281 1335 2281 1292 2281 1395 2282 1396 2282 1397 2282 1397 2283 1396 2283 1398 2283 1396 2284 1399 2284 1398 2284 1398 2285 1399 2285 1400 2285 1399 2286 1401 2286 1400 2286 1400 2287 1401 2287 1402 2287 1401 2288 1403 2288 1402 2288 1402 2289 1403 2289 1404 2289 1404 2290 1405 2290 1406 2290 1403 2291 1405 2291 1404 2291 1406 2292 1405 2292 1407 2292 1405 2293 1408 2293 1407 2293 1407 2294 1409 2294 1410 2294 1410 2295 1409 2295 1411 2295 1408 2296 1409 2296 1407 2296 1409 2297 1412 2297 1411 2297 1412 2298 1413 2298 1411 2298 1411 2299 1413 2299 1414 2299 1414 2300 1413 2300 1415 2300 1413 2301 1416 2301 1415 2301 1416 2302 1417 2302 1415 2302 1415 2303 1417 2303 1418 2303 1417 2304 1419 2304 1418 2304 1418 2305 1419 2305 1420 2305 1420 2306 1419 2306 1421 2306 1419 2307 1422 2307 1421 2307 1422 2308 1423 2308 1421 2308 1421 2309 1423 2309 1424 2309 1424 2310 1423 2310 1425 2310 1423 2311 1426 2311 1425 2311 1426 2312 1427 2312 1425 2312 1425 2313 1427 2313 1428 2313 1427 2314 1429 2314 1428 2314 1428 2315 1429 2315 1430 2315 1430 2316 1429 2316 1431 2316 1429 2317 1432 2317 1431 2317 1431 2318 1433 2318 1434 2318 1434 2319 1433 2319 1435 2319 1432 2320 1433 2320 1431 2320 1433 2321 1436 2321 1435 2321 1435 2322 1437 2322 1438 2322 1436 2323 1437 2323 1435 2323 1438 2324 1439 2324 1440 2324 1437 2325 1439 2325 1438 2325 1440 2326 1441 2326 1442 2326 1442 2327 1441 2327 1443 2327 1439 2328 1441 2328 1440 2328 1443 2329 1444 2329 1445 2329 1441 2330 1444 2330 1443 2330 1444 2331 1446 2331 1445 2331 1445 2332 1447 2332 1448 2332 1446 2333 1447 2333 1445 2333 1448 2334 1449 2334 1450 2334 1450 2335 1449 2335 1451 2335 1447 2336 1449 2336 1448 2336 1449 2337 1452 2337 1451 2337 1451 2338 1453 2338 1454 2338 1452 2339 1453 2339 1451 2339 1454 2340 1455 2340 1456 2340 1456 2341 1455 2341 1457 2341 1453 2342 1455 2342 1454 2342 1455 2343 1458 2343 1457 2343 1457 2344 1459 2344 1460 2344 1460 2345 1459 2345 1461 2345 1458 2346 1459 2346 1457 2346 1461 2347 1462 2347 1463 2347 1459 2348 1462 2348 1461 2348 1462 2349 1464 2349 1463 2349 1463 2350 1465 2350 1466 2350 1466 2351 1465 2351 1467 2351 1464 2352 1465 2352 1463 2352 1465 2353 1468 2353 1467 2353 1468 2354 1469 2354 1467 2354 1467 2355 1469 2355 1470 2355 1470 2356 1469 2356 1471 2356 1469 2357 1472 2357 1471 2357 1471 2358 1472 2358 1473 2358 1472 2359 1474 2359 1473 2359 1473 2360 1475 2360 1476 2360 1474 2361 1475 2361 1473 2361 1475 2362 1477 2362 1476 2362 1476 2363 1477 2363 1478 2363 1478 2364 1477 2364 1479 2364 1477 2365 1480 2365 1479 2365 1479 2366 1481 2366 1482 2366 1480 2367 1481 2367 1479 2367 1482 2368 1483 2368 1484 2368 1481 2369 1483 2369 1482 2369 1484 2370 1485 2370 1486 2370 1486 2371 1485 2371 1487 2371 1483 2372 1485 2372 1484 2372 1485 2373 1488 2373 1487 2373 1487 2374 1489 2374 1490 2374 1488 2375 1489 2375 1487 2375 1490 2376 1491 2376 1492 2376 1489 2377 1491 2377 1490 2377 1492 2378 1493 2378 1494 2378 1491 2379 1493 2379 1492 2379 1494 2380 1495 2380 1496 2380 1493 2381 1495 2381 1494 2381 1496 2382 1497 2382 1498 2382 1498 2383 1497 2383 1499 2383 1495 2384 1497 2384 1496 2384 1499 2385 1500 2385 1501 2385 1497 2386 1500 2386 1499 2386 1500 2387 1502 2387 1501 2387 1501 2388 1503 2388 1504 2388 1504 2389 1503 2389 1505 2389 1502 2390 1503 2390 1501 2390 1503 2391 1506 2391 1505 2391 1505 2392 1507 2392 1508 2392 1506 2393 1507 2393 1505 2393 1508 2394 1509 2394 1510 2394 1507 2395 1509 2395 1508 2395 1510 2396 1511 2396 1512 2396 1509 2397 1511 2397 1510 2397 1512 2398 1513 2398 1514 2398 1511 2399 1513 2399 1512 2399 1513 2400 1515 2400 1514 2400 1514 2401 1515 2401 1516 2401 1515 2402 1517 2402 1516 2402 1516 2403 1517 2403 1518 2403 1517 2404 1519 2404 1518 2404 1518 2405 1519 2405 1520 2405 1520 2406 1519 2406 1521 2406 1519 2407 1522 2407 1521 2407 1522 2408 1523 2408 1521 2408 1521 2409 1523 2409 1524 2409 1523 2410 1525 2410 1524 2410 1524 2411 1525 2411 1526 2411 1526 2412 1525 2412 1527 2412 1525 2413 1528 2413 1527 2413 1528 2414 1529 2414 1527 2414 1527 2415 1529 2415 1530 2415 1529 2416 1531 2416 1530 2416 1530 2417 1531 2417 1532 2417 1531 2418 1533 2418 1532 2418 1532 2419 1533 2419 1534 2419 1534 2420 1533 2420 1535 2420 1533 2421 1536 2421 1535 2421 1536 2422 1537 2422 1535 2422 1535 2423 1537 2423 1538 2423 1538 2424 1537 2424 1539 2424 1537 2425 1540 2425 1539 2425 1539 2426 1540 2426 1541 2426 1541 2427 1542 2427 1543 2427 1540 2428 1542 2428 1541 2428 1542 2429 1544 2429 1543 2429 1543 2430 1545 2430 1546 2430 1544 2431 1545 2431 1543 2431 1546 2432 1547 2432 1548 2432 1545 2433 1547 2433 1546 2433 1548 2434 1549 2434 1550 2434 1550 2435 1549 2435 1551 2435 1547 2436 1549 2436 1548 2436 1549 2437 1552 2437 1551 2437 1551 2438 1553 2438 1554 2438 1552 2439 1553 2439 1551 2439 1554 2440 1395 2440 1397 2440 1553 2441 1395 2441 1554 2441 1422 2442 1426 2442 1423 2442 1405 2443 1403 2443 1408 2443 1426 2444 1429 2444 1427 2444 1552 2445 1549 2445 1553 2445 1437 2446 1446 2446 1439 2446 1439 2447 1446 2447 1441 2447 1441 2448 1446 2448 1444 2448 1542 2449 1540 2449 1544 2449 1544 2450 1540 2450 1545 2450 1545 2451 1540 2451 1547 2451 1437 2452 1452 2452 1446 2452 1436 2453 1452 2453 1437 2453 1446 2454 1452 2454 1447 2454 1447 2455 1452 2455 1449 2455 1433 2456 1453 2456 1436 2456 1436 2457 1453 2457 1452 2457 1537 2458 1536 2458 1540 2458 1453 2459 1458 2459 1455 2459 1533 2460 1531 2460 1536 2460 1531 2461 1529 2461 1536 2461 1458 2462 1462 2462 1459 2462 1453 2463 1462 2463 1458 2463 1528 2464 1525 2464 1529 2464 1395 2465 1523 2465 1396 2465 1396 2466 1523 2466 1399 2466 1399 2467 1523 2467 1401 2467 1549 2468 1523 2468 1553 2468 1540 2469 1523 2469 1547 2469 1536 2470 1523 2470 1540 2470 1529 2471 1523 2471 1536 2471 1547 2472 1523 2472 1549 2472 1553 2473 1523 2473 1395 2473 1525 2474 1523 2474 1529 2474 1462 2475 1469 2475 1464 2475 1464 2476 1469 2476 1465 2476 1465 2477 1469 2477 1468 2477 1519 2478 1517 2478 1522 2478 1522 2479 1517 2479 1523 2479 1469 2480 1474 2480 1472 2480 1453 2481 1474 2481 1462 2481 1462 2482 1474 2482 1469 2482 1474 2483 1477 2483 1475 2483 1515 2484 1513 2484 1517 2484 1517 2485 1513 2485 1523 2485 1477 2486 1481 2486 1480 2486 1511 2487 1509 2487 1513 2487 1509 2488 1503 2488 1513 2488 1506 2489 1503 2489 1507 2489 1507 2490 1503 2490 1509 2490 1481 2491 1489 2491 1483 2491 1483 2492 1489 2492 1485 2492 1485 2493 1489 2493 1488 2493 1489 2494 1493 2494 1491 2494 1500 2495 1497 2495 1502 2495 1403 2496 1495 2496 1408 2496 1401 2497 1495 2497 1403 2497 1477 2498 1495 2498 1481 2498 1513 2499 1495 2499 1523 2499 1408 2500 1495 2500 1409 2500 1409 2501 1495 2501 1412 2501 1412 2502 1495 2502 1413 2502 1413 2503 1495 2503 1416 2503 1497 2504 1495 2504 1502 2504 1416 2505 1495 2505 1417 2505 1417 2506 1495 2506 1419 2506 1503 2507 1495 2507 1513 2507 1419 2508 1495 2508 1422 2508 1481 2509 1495 2509 1489 2509 1474 2510 1495 2510 1477 2510 1429 2511 1495 2511 1432 2511 1432 2512 1495 2512 1433 2512 1453 2513 1495 2513 1474 2513 1523 2514 1495 2514 1401 2514 1502 2515 1495 2515 1503 2515 1433 2516 1495 2516 1453 2516 1489 2517 1495 2517 1493 2517 1422 2518 1495 2518 1426 2518 1426 2519 1495 2519 1429 2519 1555 2520 1556 2520 1557 2520 376 2521 131 2521 1555 2521 1555 2522 1558 2522 1556 2522 131 2523 132 2523 1555 2523 1559 2524 1557 2524 1560 2524 1559 2525 1560 2525 1561 2525 1559 2526 374 2526 375 2526 1559 2527 375 2527 376 2527 1559 2528 1555 2528 1557 2528 1559 2529 376 2529 1555 2529 1562 2530 1561 2530 1563 2530 1562 2531 1563 2531 1564 2531 1562 2532 372 2532 373 2532 1562 2533 373 2533 374 2533 1562 2534 1559 2534 1561 2534 1562 2535 374 2535 1559 2535 1565 2536 1564 2536 1566 2536 1565 2537 1566 2537 1567 2537 1565 2538 370 2538 371 2538 1565 2539 371 2539 372 2539 1565 2540 1562 2540 1564 2540 1565 2541 372 2541 1562 2541 1568 2542 1567 2542 1569 2542 1568 2543 1569 2543 1570 2543 1568 2544 1565 2544 1567 2544 1568 2545 370 2545 1565 2545 1568 2546 368 2546 369 2546 1568 2547 369 2547 370 2547 1571 2548 1570 2548 1572 2548 1571 2549 1572 2549 1573 2549 1571 2550 363 2550 365 2550 1571 2551 365 2551 368 2551 1571 2552 1568 2552 1570 2552 1571 2553 368 2553 1568 2553 1574 2554 1573 2554 1575 2554 1574 2555 1575 2555 1576 2555 1574 2556 359 2556 361 2556 1574 2557 361 2557 363 2557 1574 2558 1571 2558 1573 2558 1574 2559 363 2559 1571 2559 1577 2560 359 2560 1574 2560 1577 2561 1576 2561 1578 2561 1577 2562 1578 2562 1579 2562 1577 2563 355 2563 357 2563 1577 2564 357 2564 359 2564 1577 2565 1574 2565 1576 2565 1580 2566 1579 2566 1581 2566 1580 2567 1581 2567 1582 2567 1580 2568 351 2568 353 2568 1580 2569 353 2569 355 2569 1580 2570 1577 2570 1579 2570 1580 2571 355 2571 1577 2571 1583 2572 1582 2572 1584 2572 1583 2573 1584 2573 1585 2573 1583 2574 347 2574 349 2574 1583 2575 349 2575 351 2575 1583 2576 1580 2576 1582 2576 1583 2577 351 2577 1580 2577 1586 2578 1585 2578 1587 2578 1586 2579 1587 2579 1588 2579 1586 2580 343 2580 345 2580 1586 2581 345 2581 347 2581 1586 2582 1583 2582 1585 2582 1586 2583 347 2583 1583 2583 1589 2584 1588 2584 1590 2584 1589 2585 1586 2585 1588 2585 1589 2586 1590 2586 1591 2586 1589 2587 343 2587 1586 2587 1589 2588 340 2588 341 2588 1589 2589 341 2589 343 2589 1592 2590 1591 2590 1593 2590 1592 2591 1593 2591 1594 2591 1592 2592 334 2592 339 2592 1592 2593 339 2593 340 2593 1592 2594 340 2594 1589 2594 1592 2595 1589 2595 1591 2595 1595 2596 1594 2596 1596 2596 1595 2597 330 2597 332 2597 1595 2598 332 2598 334 2598 1595 2599 1596 2599 1597 2599 1595 2600 1592 2600 1594 2600 1595 2601 334 2601 1592 2601 1598 2602 330 2602 1595 2602 1598 2603 1595 2603 1597 2603 1598 2604 326 2604 328 2604 1598 2605 328 2605 330 2605 1598 2606 1597 2606 1599 2606 1598 2607 1599 2607 1600 2607 1601 2608 321 2608 324 2608 1601 2609 324 2609 326 2609 1601 2610 1600 2610 1602 2610 1601 2611 1602 2611 1603 2611 1601 2612 326 2612 1598 2612 1601 2613 1598 2613 1600 2613 1604 2614 317 2614 319 2614 1604 2615 319 2615 321 2615 1604 2616 1603 2616 1605 2616 1604 2617 1605 2617 1606 2617 1604 2618 321 2618 1601 2618 1604 2619 1601 2619 1603 2619 1607 2620 1604 2620 1606 2620 1607 2621 313 2621 315 2621 1607 2622 315 2622 317 2622 1607 2623 1606 2623 1608 2623 1607 2624 1608 2624 1609 2624 1607 2625 317 2625 1604 2625 1610 2626 309 2626 311 2626 1610 2627 313 2627 1607 2627 1610 2628 311 2628 313 2628 1610 2629 1607 2629 1609 2629 1610 2630 1609 2630 1611 2630 1610 2631 1611 2631 1612 2631 1613 2632 305 2632 307 2632 1613 2633 307 2633 309 2633 1613 2634 1610 2634 1612 2634 1613 2635 1612 2635 1614 2635 1613 2636 1614 2636 1615 2636 1613 2637 309 2637 1610 2637 1616 2638 303 2638 304 2638 1616 2639 304 2639 305 2639 1616 2640 1615 2640 1617 2640 1616 2641 1617 2641 1618 2641 1616 2642 1613 2642 1615 2642 1616 2643 305 2643 1613 2643 1619 2644 296 2644 298 2644 1619 2645 298 2645 303 2645 1619 2646 1616 2646 1618 2646 1619 2647 303 2647 1616 2647 1619 2648 1618 2648 1620 2648 1619 2649 1620 2649 1621 2649 1622 2650 296 2650 1619 2650 1622 2651 292 2651 294 2651 1622 2652 294 2652 296 2652 1622 2653 1621 2653 1623 2653 1622 2654 1623 2654 1624 2654 1622 2655 1619 2655 1621 2655 1625 2656 288 2656 290 2656 1625 2657 290 2657 292 2657 1625 2658 1624 2658 1626 2658 1625 2659 1626 2659 1627 2659 1625 2660 1622 2660 1624 2660 1625 2661 292 2661 1622 2661 1628 2662 284 2662 286 2662 1628 2663 286 2663 288 2663 1628 2664 1625 2664 1627 2664 1628 2665 1627 2665 1629 2665 1628 2666 288 2666 1625 2666 1628 2667 1629 2667 1630 2667 1631 2668 280 2668 282 2668 1631 2669 282 2669 284 2669 1631 2670 284 2670 1628 2670 1631 2671 1630 2671 1632 2671 1631 2672 1632 2672 1633 2672 1631 2673 1628 2673 1630 2673 1634 2674 276 2674 278 2674 1634 2675 278 2675 280 2675 1634 2676 1633 2676 1635 2676 1634 2677 1635 2677 1636 2677 1634 2678 1631 2678 1633 2678 1634 2679 280 2679 1631 2679 1637 2680 1634 2680 1636 2680 1637 2681 1636 2681 1638 2681 1637 2682 1638 2682 1639 2682 1637 2683 276 2683 1634 2683 1637 2684 273 2684 274 2684 1637 2685 274 2685 276 2685 1640 2686 273 2686 1637 2686 1640 2687 1637 2687 1639 2687 1640 2688 1639 2688 1641 2688 1640 2689 1641 2689 1642 2689 1640 2690 266 2690 268 2690 1640 2691 268 2691 273 2691 1643 2692 1642 2692 1644 2692 1643 2693 1644 2693 1645 2693 1643 2694 266 2694 1640 2694 1643 2695 262 2695 264 2695 1643 2696 264 2696 266 2696 1643 2697 1640 2697 1642 2697 1646 2698 1645 2698 1647 2698 1646 2699 1647 2699 1648 2699 1646 2700 262 2700 1643 2700 1646 2701 1643 2701 1645 2701 1646 2702 258 2702 260 2702 1646 2703 260 2703 262 2703 1649 2704 258 2704 1646 2704 1649 2705 1646 2705 1648 2705 1649 2706 1648 2706 1650 2706 1649 2707 1650 2707 1651 2707 1649 2708 254 2708 256 2708 1649 2709 256 2709 258 2709 1652 2710 254 2710 1649 2710 1652 2711 1649 2711 1651 2711 1652 2712 1651 2712 1653 2712 1652 2713 1653 2713 1654 2713 1652 2714 250 2714 252 2714 1652 2715 252 2715 254 2715 1655 2716 1654 2716 1656 2716 1655 2717 1656 2717 1657 2717 1655 2718 250 2718 1652 2718 1655 2719 246 2719 248 2719 1655 2720 248 2720 250 2720 1655 2721 1652 2721 1654 2721 1658 2722 1657 2722 1659 2722 1658 2723 1659 2723 1660 2723 1658 2724 246 2724 1655 2724 1658 2725 1655 2725 1657 2725 1658 2726 242 2726 244 2726 1658 2727 244 2727 246 2727 1661 2728 242 2728 1658 2728 1661 2729 1658 2729 1660 2729 1661 2730 1660 2730 1662 2730 1661 2731 1662 2731 1663 2731 1661 2732 238 2732 240 2732 1661 2733 240 2733 242 2733 1664 2734 1661 2734 1663 2734 1664 2735 1663 2735 1665 2735 1664 2736 1665 2736 1666 2736 1664 2737 232 2737 237 2737 1664 2738 237 2738 238 2738 1664 2739 238 2739 1661 2739 1667 2740 1666 2740 1668 2740 1667 2741 1668 2741 1669 2741 1667 2742 228 2742 230 2742 1667 2743 232 2743 1664 2743 1667 2744 230 2744 232 2744 1667 2745 1664 2745 1666 2745 1670 2746 228 2746 1667 2746 1670 2747 1667 2747 1669 2747 1670 2748 1669 2748 1671 2748 1670 2749 1671 2749 1672 2749 1670 2750 224 2750 226 2750 1670 2751 226 2751 228 2751 1673 2752 224 2752 1670 2752 1673 2753 220 2753 222 2753 1673 2754 222 2754 224 2754 1673 2755 1670 2755 1672 2755 1673 2756 1672 2756 1674 2756 1673 2757 1674 2757 1675 2757 1676 2758 216 2758 218 2758 1676 2759 218 2759 220 2759 1676 2760 1675 2760 1677 2760 1676 2761 1677 2761 1678 2761 1676 2762 220 2762 1673 2762 1676 2763 1673 2763 1675 2763 1679 2764 1676 2764 1678 2764 1679 2765 212 2765 214 2765 1679 2766 214 2766 216 2766 1679 2767 1678 2767 1680 2767 1679 2768 216 2768 1676 2768 1679 2769 1680 2769 1681 2769 1682 2770 212 2770 1679 2770 1682 2771 1679 2771 1681 2771 1682 2772 208 2772 210 2772 1682 2773 210 2773 212 2773 1682 2774 1681 2774 1683 2774 1682 2775 1683 2775 1684 2775 1685 2776 1682 2776 1684 2776 1685 2777 208 2777 1682 2777 1685 2778 206 2778 207 2778 1685 2779 207 2779 208 2779 1685 2780 1684 2780 1686 2780 1685 2781 1686 2781 1687 2781 1688 2782 206 2782 1685 2782 1688 2783 1685 2783 1687 2783 1688 2784 199 2784 201 2784 1688 2785 201 2785 206 2785 1688 2786 1687 2786 1689 2786 1688 2787 1689 2787 1690 2787 1691 2788 1688 2788 1690 2788 1691 2789 199 2789 1688 2789 1691 2790 195 2790 197 2790 1691 2791 197 2791 199 2791 1691 2792 1690 2792 1692 2792 1691 2793 1692 2793 1693 2793 1694 2794 195 2794 1691 2794 1694 2795 1691 2795 1693 2795 1694 2796 191 2796 193 2796 1694 2797 193 2797 195 2797 1694 2798 1693 2798 1695 2798 1694 2799 1695 2799 1696 2799 1697 2800 186 2800 189 2800 1697 2801 189 2801 191 2801 1697 2802 1694 2802 1696 2802 1697 2803 191 2803 1694 2803 1697 2804 1696 2804 1698 2804 1697 2805 1698 2805 1699 2805 1700 2806 182 2806 184 2806 1700 2807 184 2807 186 2807 1700 2808 186 2808 1697 2808 1700 2809 1699 2809 1701 2809 1700 2810 1697 2810 1699 2810 1700 2811 1701 2811 1702 2811 1703 2812 182 2812 1700 2812 1703 2813 178 2813 180 2813 1703 2814 180 2814 182 2814 1703 2815 1700 2815 1702 2815 1703 2816 1702 2816 1704 2816 1703 2817 1704 2817 1705 2817 1706 2818 1707 2818 1708 2818 1706 2819 1703 2819 1705 2819 1706 2820 178 2820 1703 2820 1706 2821 174 2821 176 2821 1706 2822 176 2822 178 2822 1706 2823 1705 2823 1707 2823 1709 2824 1708 2824 1710 2824 1709 2825 1710 2825 1711 2825 1709 2826 1706 2826 1708 2826 1709 2827 174 2827 1706 2827 1709 2828 171 2828 172 2828 1709 2829 172 2829 174 2829 1712 2830 1711 2830 1713 2830 1712 2831 1713 2831 1714 2831 1712 2832 1709 2832 1711 2832 1712 2833 165 2833 170 2833 1712 2834 170 2834 171 2834 1712 2835 171 2835 1709 2835 1715 2836 1714 2836 1716 2836 1715 2837 1716 2837 1717 2837 1715 2838 161 2838 163 2838 1715 2839 163 2839 165 2839 1715 2840 1712 2840 1714 2840 1715 2841 165 2841 1712 2841 1718 2842 1717 2842 1719 2842 1718 2843 1719 2843 1720 2843 1718 2844 157 2844 159 2844 1718 2845 159 2845 161 2845 1718 2846 161 2846 1715 2846 1718 2847 1715 2847 1717 2847 1721 2848 1720 2848 1722 2848 1721 2849 1722 2849 1723 2849 1721 2850 153 2850 155 2850 1721 2851 155 2851 157 2851 1721 2852 1718 2852 1720 2852 1721 2853 157 2853 1718 2853 1724 2854 153 2854 1721 2854 1724 2855 1723 2855 1725 2855 1724 2856 1725 2856 1726 2856 1724 2857 149 2857 151 2857 1724 2858 151 2858 153 2858 1724 2859 1721 2859 1723 2859 1727 2860 149 2860 1724 2860 1727 2861 1726 2861 1728 2861 1727 2862 1728 2862 1729 2862 1727 2863 1724 2863 1726 2863 1727 2864 145 2864 147 2864 1727 2865 147 2865 149 2865 1730 2866 1729 2866 1731 2866 1730 2867 1731 2867 1732 2867 1730 2868 1727 2868 1729 2868 1730 2869 145 2869 1727 2869 1730 2870 141 2870 143 2870 1730 2871 143 2871 145 2871 1733 2872 1732 2872 1734 2872 1733 2873 1734 2873 1735 2873 1733 2874 138 2874 140 2874 1733 2875 140 2875 141 2875 1733 2876 1730 2876 1732 2876 1733 2877 141 2877 1730 2877 1736 2878 1735 2878 1737 2878 1736 2879 1737 2879 1738 2879 1736 2880 136 2880 137 2880 1736 2881 137 2881 138 2881 1736 2882 1733 2882 1735 2882 1736 2883 138 2883 1733 2883 1739 2884 1738 2884 1740 2884 1739 2885 1740 2885 1741 2885 1739 2886 134 2886 135 2886 1739 2887 135 2887 136 2887 1739 2888 136 2888 1736 2888 1739 2889 1736 2889 1738 2889 1742 2890 1741 2890 1743 2890 1742 2891 1743 2891 1558 2891 1742 2892 132 2892 133 2892 1742 2893 133 2893 134 2893 1742 2894 1558 2894 1555 2894 1742 2895 1555 2895 132 2895 1742 2896 1739 2896 1741 2896 1742 2897 134 2897 1739 2897 1581 2898 1584 2898 1582 2898 1578 2899 1576 2899 1579 2899 1579 2900 1576 2900 1581 2900 1581 2901 1576 2901 1584 2901 1576 2902 1585 2902 1584 2902 1572 2903 1570 2903 1573 2903 1573 2904 1570 2904 1575 2904 1575 2905 1570 2905 1576 2905 1585 2906 1570 2906 1587 2906 1576 2907 1570 2907 1585 2907 1587 2908 1591 2908 1588 2908 1588 2909 1591 2909 1590 2909 1569 2910 1567 2910 1570 2910 1591 2911 1594 2911 1593 2911 1570 2912 1596 2912 1587 2912 1587 2913 1596 2913 1591 2913 1567 2914 1596 2914 1570 2914 1591 2915 1596 2915 1594 2915 1566 2916 1564 2916 1567 2916 1564 2917 1563 2917 1567 2917 1596 2918 1599 2918 1597 2918 1567 2919 1599 2919 1596 2919 1560 2920 1557 2920 1561 2920 1561 2921 1557 2921 1563 2921 1556 2922 1558 2922 1557 2922 1557 2923 1558 2923 1563 2923 1599 2924 1608 2924 1600 2924 1600 2925 1608 2925 1602 2925 1602 2926 1608 2926 1603 2926 1603 2927 1608 2927 1605 2927 1605 2928 1608 2928 1606 2928 1743 2929 1741 2929 1558 2929 1558 2930 1741 2930 1563 2930 1608 2931 1611 2931 1609 2931 1563 2932 1611 2932 1567 2932 1567 2933 1611 2933 1599 2933 1599 2934 1611 2934 1608 2934 1738 2935 1737 2935 1740 2935 1740 2936 1737 2936 1741 2936 1611 2937 1614 2937 1612 2937 1735 2938 1734 2938 1737 2938 1615 2939 1618 2939 1617 2939 1732 2940 1731 2940 1734 2940 1734 2941 1729 2941 1737 2941 1731 2942 1729 2942 1734 2942 1611 2943 1621 2943 1614 2943 1615 2944 1621 2944 1618 2944 1614 2945 1621 2945 1615 2945 1618 2946 1621 2946 1620 2946 1563 2947 1624 2947 1611 2947 1611 2948 1624 2948 1621 2948 1621 2949 1624 2949 1623 2949 1725 2950 1723 2950 1726 2950 1726 2951 1723 2951 1728 2951 1728 2952 1723 2952 1729 2952 1737 2953 1723 2953 1741 2953 1729 2954 1723 2954 1737 2954 1624 2955 1627 2955 1626 2955 1722 2956 1720 2956 1723 2956 1627 2957 1630 2957 1629 2957 1627 2958 1632 2958 1630 2958 1624 2959 1633 2959 1627 2959 1627 2960 1633 2960 1632 2960 1716 2961 1714 2961 1717 2961 1717 2962 1714 2962 1719 2962 1719 2963 1714 2963 1720 2963 1713 2964 1711 2964 1714 2964 1723 2965 1711 2965 1741 2965 1720 2966 1711 2966 1723 2966 1714 2967 1711 2967 1720 2967 1633 2968 1639 2968 1635 2968 1635 2969 1639 2969 1636 2969 1624 2970 1639 2970 1633 2970 1636 2971 1639 2971 1638 2971 1711 2972 1710 2972 1741 2972 1563 2973 1645 2973 1624 2973 1639 2974 1645 2974 1641 2974 1641 2975 1645 2975 1642 2975 1642 2976 1645 2976 1644 2976 1624 2977 1645 2977 1639 2977 1707 2978 1704 2978 1708 2978 1708 2979 1704 2979 1710 2979 1705 2980 1704 2980 1707 2980 1645 2981 1650 2981 1647 2981 1647 2982 1650 2982 1648 2982 1704 2983 1699 2983 1710 2983 1701 2984 1699 2984 1702 2984 1702 2985 1699 2985 1704 2985 1645 2986 1651 2986 1650 2986 1651 2987 1654 2987 1653 2987 1645 2988 1654 2988 1651 2988 1696 2989 1695 2989 1698 2989 1698 2990 1695 2990 1699 2990 1645 2991 1657 2991 1654 2991 1654 2992 1657 2992 1656 2992 1645 2993 1660 2993 1657 2993 1657 2994 1660 2994 1659 2994 1695 2995 1689 2995 1699 2995 1690 2996 1689 2996 1692 2996 1692 2997 1689 2997 1693 2997 1693 2998 1689 2998 1695 2998 1689 2999 1687 2999 1699 2999 1699 3000 1686 3000 1710 3000 1687 3001 1686 3001 1699 3001 1662 3002 1665 3002 1663 3002 1684 3003 1683 3003 1686 3003 1665 3004 1668 3004 1666 3004 1662 3005 1669 3005 1665 3005 1665 3006 1669 3006 1668 3006 1660 3007 1669 3007 1662 3007 1681 3008 1680 3008 1683 3008 1683 3009 1678 3009 1686 3009 1680 3010 1678 3010 1683 3010 1686 3011 1677 3011 1710 3011 1645 3012 1677 3012 1660 3012 1660 3013 1677 3013 1669 3013 1678 3014 1677 3014 1686 3014 1710 3015 1677 3015 1741 3015 1563 3016 1677 3016 1645 3016 1741 3017 1677 3017 1563 3017 1677 3018 1675 3018 1669 3018 1669 3019 1675 3019 1671 3019 1671 3020 1675 3020 1672 3020 1672 3021 1675 3021 1674 3021 1744 3022 1745 3022 1746 3022 1747 3023 1746 3023 1748 3023 1747 3024 1744 3024 1746 3024 1749 3025 1748 3025 1750 3025 1749 3026 1747 3026 1748 3026 1751 3027 1750 3027 1752 3027 1751 3028 1749 3028 1750 3028 1753 3029 1752 3029 1754 3029 1753 3030 1751 3030 1752 3030 1755 3031 1754 3031 1756 3031 1755 3032 1753 3032 1754 3032 1757 3033 1756 3033 1758 3033 1757 3034 1755 3034 1756 3034 1759 3035 1758 3035 1760 3035 1759 3036 1757 3036 1758 3036 1761 3037 1760 3037 1762 3037 1761 3038 1759 3038 1760 3038 1763 3039 1762 3039 1764 3039 1763 3040 1761 3040 1762 3040 1765 3041 1764 3041 1766 3041 1765 3042 1763 3042 1764 3042 1767 3043 1766 3043 1768 3043 1767 3044 1765 3044 1766 3044 1769 3045 1768 3045 1770 3045 1769 3046 1767 3046 1768 3046 1771 3047 1769 3047 1770 3047 1771 3048 1770 3048 1772 3048 1773 3049 1771 3049 1772 3049 1773 3050 1772 3050 1774 3050 1775 3051 1773 3051 1774 3051 1775 3052 1774 3052 1776 3052 1777 3053 1775 3053 1776 3053 1777 3054 1776 3054 1778 3054 1779 3055 1777 3055 1778 3055 1779 3056 1778 3056 1780 3056 1781 3057 1779 3057 1780 3057 1781 3058 1780 3058 1782 3058 1783 3059 1782 3059 1784 3059 1783 3060 1781 3060 1782 3060 1785 3061 1784 3061 1786 3061 1785 3062 1783 3062 1784 3062 1787 3063 1786 3063 1788 3063 1787 3064 1785 3064 1786 3064 1789 3065 1788 3065 1790 3065 1789 3066 1787 3066 1788 3066 1791 3067 1790 3067 1792 3067 1791 3068 1789 3068 1790 3068 1793 3069 1792 3069 1794 3069 1793 3070 1791 3070 1792 3070 1795 3071 1794 3071 1796 3071 1795 3072 1793 3072 1794 3072 1797 3073 1796 3073 1798 3073 1797 3074 1795 3074 1796 3074 1799 3075 1798 3075 1800 3075 1799 3076 1797 3076 1798 3076 1801 3077 1800 3077 1802 3077 1801 3078 1799 3078 1800 3078 1803 3079 1802 3079 1804 3079 1803 3080 1801 3080 1802 3080 1805 3081 1804 3081 1806 3081 1805 3082 1803 3082 1804 3082 1807 3083 1806 3083 1808 3083 1807 3084 1805 3084 1806 3084 1809 3085 1808 3085 1810 3085 1809 3086 1807 3086 1808 3086 1811 3087 1810 3087 1812 3087 1811 3088 1809 3088 1810 3088 1813 3089 1812 3089 1814 3089 1813 3090 1811 3090 1812 3090 1815 3091 1814 3091 1816 3091 1815 3092 1813 3092 1814 3092 1817 3093 1816 3093 1818 3093 1817 3094 1815 3094 1816 3094 1819 3095 1818 3095 1820 3095 1819 3096 1817 3096 1818 3096 1821 3097 1819 3097 1820 3097 1821 3098 1820 3098 1822 3098 1823 3099 1822 3099 1824 3099 1823 3100 1821 3100 1822 3100 1825 3101 1824 3101 1826 3101 1825 3102 1823 3102 1824 3102 1827 3103 1825 3103 1826 3103 1828 3104 1829 3104 1830 3104 1828 3105 1826 3105 1829 3105 1828 3106 1827 3106 1826 3106 1831 3107 1830 3107 1832 3107 1831 3108 1828 3108 1830 3108 1833 3109 1832 3109 1834 3109 1833 3110 1831 3110 1832 3110 1835 3111 1834 3111 1836 3111 1835 3112 1833 3112 1834 3112 1837 3113 1835 3113 1836 3113 1837 3114 1836 3114 1838 3114 1839 3115 1837 3115 1838 3115 1840 3116 1839 3116 1838 3116 1840 3117 1841 3117 1842 3117 1840 3118 1838 3118 1841 3118 1843 3119 1840 3119 1842 3119 1843 3120 1842 3120 1844 3120 1845 3121 1843 3121 1844 3121 1845 3122 1844 3122 1846 3122 1847 3123 1845 3123 1846 3123 1848 3124 1847 3124 1846 3124 1848 3125 1849 3125 1850 3125 1848 3126 1846 3126 1849 3126 1851 3127 1848 3127 1850 3127 1851 3128 1850 3128 1852 3128 1853 3129 1851 3129 1852 3129 1853 3130 1852 3130 1854 3130 1855 3131 1853 3131 1854 3131 1855 3132 1854 3132 1856 3132 1857 3133 1855 3133 1856 3133 1857 3134 1856 3134 1858 3134 1859 3135 1857 3135 1858 3135 1859 3136 1858 3136 1860 3136 1861 3137 1859 3137 1860 3137 1861 3138 1860 3138 1862 3138 1863 3139 1861 3139 1862 3139 1863 3140 1862 3140 1864 3140 1865 3141 1863 3141 1864 3141 1866 3142 1867 3142 1868 3142 1866 3143 1864 3143 1867 3143 1866 3144 1865 3144 1864 3144 1869 3145 1868 3145 1870 3145 1869 3146 1866 3146 1868 3146 1871 3147 1869 3147 1870 3147 1871 3148 1870 3148 1872 3148 1873 3149 1872 3149 1874 3149 1873 3150 1871 3150 1872 3150 1875 3151 1873 3151 1874 3151 1875 3152 1874 3152 1876 3152 1877 3153 1875 3153 1876 3153 1877 3154 1876 3154 1878 3154 1879 3155 1877 3155 1878 3155 1880 3156 1879 3156 1878 3156 1880 3157 1881 3157 1882 3157 1880 3158 1878 3158 1881 3158 1883 3159 1880 3159 1882 3159 1883 3160 1882 3160 1884 3160 1885 3161 1883 3161 1884 3161 1885 3162 1884 3162 1886 3162 1887 3163 1885 3163 1886 3163 1887 3164 1886 3164 1888 3164 1889 3165 1887 3165 1888 3165 1889 3166 1888 3166 1890 3166 1891 3167 1889 3167 1890 3167 1891 3168 1890 3168 1892 3168 1893 3169 1891 3169 1892 3169 1893 3170 1892 3170 1894 3170 1895 3171 1893 3171 1894 3171 1895 3172 1894 3172 1896 3172 1897 3173 1895 3173 1896 3173 1898 3174 1897 3174 1896 3174 1898 3175 1899 3175 1900 3175 1898 3176 1896 3176 1899 3176 1901 3177 1898 3177 1900 3177 1901 3178 1900 3178 1902 3178 1903 3179 1901 3179 1902 3179 1904 3180 1905 3180 1906 3180 1904 3181 1902 3181 1905 3181 1904 3182 1903 3182 1902 3182 1907 3183 1906 3183 1908 3183 1907 3184 1904 3184 1906 3184 1909 3185 1908 3185 1910 3185 1909 3186 1907 3186 1908 3186 1911 3187 1909 3187 1910 3187 1912 3188 1913 3188 1914 3188 1912 3189 1910 3189 1913 3189 1912 3190 1911 3190 1910 3190 1915 3191 1912 3191 1914 3191 1916 3192 1917 3192 1918 3192 1916 3193 1914 3193 1917 3193 1916 3194 1915 3194 1914 3194 1919 3195 1916 3195 1918 3195 1920 3196 1921 3196 1922 3196 1920 3197 1918 3197 1921 3197 1920 3198 1919 3198 1918 3198 1923 3199 1920 3199 1922 3199 1924 3200 1923 3200 1922 3200 1924 3201 1922 3201 1925 3201 1926 3202 1924 3202 1925 3202 1926 3203 1925 3203 1927 3203 1928 3204 1926 3204 1927 3204 1928 3205 1927 3205 1929 3205 1930 3206 1928 3206 1929 3206 1930 3207 1929 3207 1931 3207 1932 3208 1930 3208 1931 3208 1932 3209 1933 3209 1934 3209 1932 3210 1931 3210 1933 3210 1935 3211 1932 3211 1934 3211 1936 3212 1935 3212 1934 3212 1936 3213 1937 3213 1938 3213 1936 3214 1934 3214 1937 3214 1939 3215 1936 3215 1938 3215 1940 3216 1939 3216 1938 3216 1940 3217 1938 3217 1941 3217 1942 3218 1940 3218 1941 3218 1942 3219 1941 3219 1943 3219 1944 3220 1943 3220 1945 3220 1944 3221 1942 3221 1943 3221 1946 3222 1947 3222 1948 3222 1946 3223 1945 3223 1947 3223 1946 3224 1944 3224 1945 3224 1949 3225 1948 3225 1950 3225 1949 3226 1946 3226 1948 3226 1951 3227 1950 3227 1952 3227 1951 3228 1949 3228 1950 3228 1953 3229 1951 3229 1952 3229 1954 3230 1952 3230 1955 3230 1954 3231 1953 3231 1952 3231 1956 3232 1957 3232 1958 3232 1956 3233 1955 3233 1957 3233 1956 3234 1954 3234 1955 3234 1959 3235 1956 3235 1958 3235 1960 3236 1961 3236 1962 3236 1960 3237 1958 3237 1961 3237 1960 3238 1959 3238 1958 3238 1963 3239 1960 3239 1962 3239 1964 3240 1965 3240 1966 3240 1964 3241 1962 3241 1965 3241 1964 3242 1963 3242 1962 3242 1967 3243 1964 3243 1966 3243 1968 3244 1966 3244 1969 3244 1968 3245 1967 3245 1966 3245 1970 3246 1971 3246 1972 3246 1970 3247 1969 3247 1971 3247 1970 3248 1968 3248 1969 3248 1973 3249 1970 3249 1972 3249 1974 3250 1973 3250 1972 3250 1974 3251 1975 3251 1976 3251 1974 3252 1972 3252 1975 3252 1977 3253 1974 3253 1976 3253 1978 3254 1977 3254 1976 3254 1978 3255 1976 3255 1979 3255 1980 3256 1978 3256 1979 3256 1980 3257 1979 3257 1981 3257 1982 3258 1980 3258 1981 3258 1982 3259 1983 3259 1984 3259 1982 3260 1981 3260 1983 3260 1985 3261 1982 3261 1984 3261 1986 3262 1987 3262 1988 3262 1986 3263 1984 3263 1987 3263 1986 3264 1985 3264 1984 3264 1989 3265 1986 3265 1988 3265 1744 3266 1988 3266 1745 3266 1744 3267 1989 3267 1988 3267 1769 3268 1771 3268 1773 3268 1767 3269 1773 3269 1775 3269 1767 3270 1769 3270 1773 3270 1785 3271 1779 3271 1781 3271 1785 3272 1781 3272 1783 3272 1761 3273 1763 3273 1765 3273 1793 3274 1775 3274 1777 3274 1793 3275 1777 3275 1779 3275 1793 3276 1785 3276 1787 3276 1793 3277 1787 3277 1789 3277 1793 3278 1789 3278 1791 3278 1793 3279 1779 3279 1785 3279 1799 3280 1793 3280 1795 3280 1799 3281 1795 3281 1797 3281 1749 3282 1751 3282 1753 3282 1749 3283 1753 3283 1755 3283 1749 3284 1755 3284 1757 3284 1749 3285 1757 3285 1759 3285 1803 3286 1799 3286 1801 3286 1744 3287 1747 3287 1749 3287 1813 3288 1809 3288 1811 3288 1982 3289 1985 3289 1986 3289 1817 3290 1813 3290 1815 3290 1978 3291 1980 3291 1982 3291 1819 3292 1813 3292 1817 3292 1819 3293 1807 3293 1809 3293 1819 3294 1809 3294 1813 3294 1974 3295 1978 3295 1982 3295 1974 3296 1977 3296 1978 3296 1974 3297 1986 3297 1989 3297 1974 3298 1982 3298 1986 3298 1823 3299 1819 3299 1821 3299 1828 3300 1807 3300 1819 3300 1828 3301 1819 3301 1823 3301 1828 3302 1805 3302 1807 3302 1828 3303 1823 3303 1825 3303 1828 3304 1825 3304 1827 3304 1967 3305 1968 3305 1970 3305 1960 3306 1963 3306 1964 3306 1960 3307 1964 3307 1967 3307 1960 3308 1967 3308 1970 3308 1837 3309 1831 3309 1833 3309 1837 3310 1833 3310 1835 3310 1959 3311 1970 3311 1973 3311 1959 3312 1960 3312 1970 3312 1839 3313 1828 3313 1831 3313 1839 3314 1831 3314 1837 3314 1956 3315 1959 3315 1973 3315 1954 3316 1956 3316 1973 3316 1843 3317 1839 3317 1840 3317 1953 3318 1954 3318 1973 3318 1845 3319 1839 3319 1843 3319 1848 3320 1845 3320 1847 3320 1946 3321 1949 3321 1951 3321 1946 3322 1951 3322 1953 3322 1851 3323 1839 3323 1845 3323 1851 3324 1845 3324 1848 3324 1944 3325 1759 3325 1761 3325 1944 3326 1974 3326 1989 3326 1944 3327 1973 3327 1974 3327 1944 3328 1953 3328 1973 3328 1944 3329 1989 3329 1744 3329 1944 3330 1946 3330 1953 3330 1944 3331 1749 3331 1759 3331 1944 3332 1744 3332 1749 3332 1940 3333 1942 3333 1944 3333 1857 3334 1851 3334 1853 3334 1857 3335 1853 3335 1855 3335 1859 3336 1851 3336 1857 3336 1859 3337 1839 3337 1851 3337 1859 3338 1828 3338 1839 3338 1861 3339 1805 3339 1828 3339 1861 3340 1803 3340 1805 3340 1861 3341 1799 3341 1803 3341 1861 3342 1828 3342 1859 3342 1865 3343 1861 3343 1863 3343 1926 3344 1928 3344 1930 3344 1926 3345 1930 3345 1932 3345 1926 3346 1932 3346 1935 3346 1871 3347 1861 3347 1865 3347 1871 3348 1865 3348 1866 3348 1871 3349 1866 3349 1869 3349 1920 3350 1923 3350 1924 3350 1920 3351 1924 3351 1926 3351 1919 3352 1920 3352 1926 3352 1879 3353 1875 3353 1877 3353 1916 3354 1926 3354 1935 3354 1916 3355 1919 3355 1926 3355 1916 3356 1935 3356 1936 3356 1916 3357 1936 3357 1939 3357 1880 3358 1875 3358 1879 3358 1880 3359 1871 3359 1873 3359 1880 3360 1873 3360 1875 3360 1915 3361 1916 3361 1939 3361 1915 3362 1940 3362 1944 3362 1915 3363 1939 3363 1940 3363 1883 3364 1871 3364 1880 3364 1911 3365 1912 3365 1915 3365 1909 3366 1911 3366 1915 3366 1889 3367 1885 3367 1887 3367 1891 3368 1885 3368 1889 3368 1904 3369 1907 3369 1909 3369 1895 3370 1885 3370 1891 3370 1895 3371 1883 3371 1885 3371 1895 3372 1891 3372 1893 3372 1898 3373 1915 3373 1944 3373 1898 3374 1765 3374 1767 3374 1898 3375 1871 3375 1883 3375 1898 3376 1944 3376 1761 3376 1898 3377 1909 3377 1915 3377 1898 3378 1775 3378 1793 3378 1898 3379 1767 3379 1775 3379 1898 3380 1761 3380 1765 3380 1898 3381 1883 3381 1895 3381 1898 3382 1904 3382 1909 3382 1898 3383 1793 3383 1799 3383 1898 3384 1895 3384 1897 3384 1898 3385 1901 3385 1903 3385 1898 3386 1903 3386 1904 3386 1898 3387 1861 3387 1871 3387 1898 3388 1799 3388 1861 3388 59 3389 61 3389 653 3389 887 3390 624 3390 627 3390 807 3391 891 3391 810 3391 377 3392 53 3392 55 3392 1214 3393 677 3393 676 3393 1214 3394 1215 3394 677 3394 1218 3395 681 3395 677 3395 1218 3396 677 3396 1215 3396 1219 3397 682 3397 681 3397 1219 3398 681 3398 1218 3398 1212 3399 1214 3399 676 3399 1212 3400 676 3400 673 3400 1221 3401 682 3401 1219 3401 1210 3402 1212 3402 673 3402 1223 3403 686 3403 682 3403 1223 3404 682 3404 1221 3404 1207 3405 673 3405 672 3405 1207 3406 1210 3406 673 3406 1206 3407 672 3407 665 3407 1206 3408 1207 3408 672 3408 1226 3409 687 3409 686 3409 1226 3410 686 3410 1223 3410 1228 3411 687 3411 1226 3411 1204 3412 1206 3412 665 3412 1230 3413 691 3413 687 3413 1230 3414 687 3414 1228 3414 1201 3415 665 3415 664 3415 1201 3416 1204 3416 665 3416 1231 3417 692 3417 691 3417 1231 3418 691 3418 1230 3418 1200 3419 664 3419 662 3419 1200 3420 1201 3420 664 3420 1234 3421 692 3421 1231 3421 1198 3422 1200 3422 662 3422 1077 3423 696 3423 692 3423 1077 3424 692 3424 1234 3424 1196 3425 662 3425 661 3425 1196 3426 1198 3426 662 3426 1194 3427 661 3427 644 3427 1194 3428 1196 3428 661 3428 1078 3429 649 3429 696 3429 1078 3430 696 3430 1077 3430 1080 3431 647 3431 649 3431 1080 3432 649 3432 1078 3432 1192 3433 644 3433 642 3433 1192 3434 1194 3434 644 3434 1190 3435 1192 3435 642 3435 1082 3436 647 3436 1080 3436 1188 3437 1190 3437 642 3437 1188 3438 642 3438 639 3438 1084 3439 647 3439 1082 3439 1084 3440 648 3440 647 3440 1086 3441 648 3441 1084 3441 1086 3442 650 3442 648 3442 1185 3443 639 3443 636 3443 1185 3444 1188 3444 639 3444 1087 3445 650 3445 1086 3445 1087 3446 651 3446 650 3446 1184 3447 636 3447 633 3447 1184 3448 1185 3448 636 3448 1181 3449 633 3449 630 3449 1181 3450 1184 3450 633 3450 1090 3451 651 3451 1087 3451 1090 3452 652 3452 651 3452 1179 3453 630 3453 624 3453 1179 3454 1181 3454 630 3454 1091 3455 653 3455 652 3455 1091 3456 652 3456 1090 3456 1178 3457 1179 3457 624 3457 1178 3458 624 3458 887 3458 1094 3459 653 3459 1091 3459 1094 3460 59 3460 653 3460 1176 3461 887 3461 889 3461 1176 3462 1178 3462 887 3462 1095 3463 57 3463 59 3463 1095 3464 59 3464 1094 3464 1098 3465 57 3465 1095 3465 1174 3466 1176 3466 889 3466 1774 3467 1134 3467 1136 3467 1776 3468 1774 3468 1136 3468 1776 3469 1136 3469 1137 3469 1772 3470 1134 3470 1774 3470 1772 3471 1131 3471 1134 3471 1778 3472 1776 3472 1137 3472 1778 3473 1137 3473 1140 3473 1770 3474 1131 3474 1772 3474 1780 3475 1778 3475 1140 3475 1780 3476 1140 3476 1141 3476 1768 3477 1131 3477 1770 3477 1768 3478 1130 3478 1131 3478 1782 3479 1780 3479 1141 3479 1766 3480 1130 3480 1768 3480 1766 3481 1128 3481 1130 3481 1784 3482 1782 3482 1141 3482 1784 3483 1141 3483 1143 3483 1764 3484 1128 3484 1766 3484 1764 3485 1125 3485 1128 3485 1786 3486 1784 3486 1143 3486 1786 3487 1143 3487 1146 3487 1762 3488 1123 3488 1125 3488 1762 3489 1125 3489 1764 3489 1788 3490 1146 3490 1147 3490 1788 3491 1786 3491 1146 3491 1760 3492 1123 3492 1762 3492 1790 3493 1788 3493 1147 3493 1790 3494 1147 3494 1150 3494 1758 3495 1122 3495 1123 3495 1758 3496 1123 3496 1760 3496 1792 3497 1790 3497 1150 3497 1756 3498 1120 3498 1122 3498 1756 3499 1122 3499 1758 3499 1794 3500 1792 3500 1150 3500 1794 3501 1150 3501 1151 3501 1754 3502 1118 3502 1120 3502 1754 3503 1120 3503 1756 3503 1796 3504 1151 3504 1153 3504 1796 3505 1794 3505 1151 3505 1752 3506 1118 3506 1754 3506 1752 3507 1115 3507 1118 3507 1798 3508 1796 3508 1153 3508 1798 3509 1153 3509 1156 3509 1750 3510 1115 3510 1752 3510 1800 3511 1156 3511 1158 3511 1800 3512 1798 3512 1156 3512 1748 3513 1115 3513 1750 3513 1748 3514 1114 3514 1115 3514 1802 3515 1800 3515 1158 3515 1746 3516 1114 3516 1748 3516 1746 3517 1111 3517 1114 3517 1804 3518 1802 3518 1158 3518 1804 3519 1158 3519 1159 3519 1745 3520 1111 3520 1746 3520 1806 3521 1804 3521 1159 3521 1375 3522 55 3522 57 3522 1535 3523 889 3523 891 3523 1538 3524 889 3524 1535 3524 1538 3525 1174 3525 889 3525 1374 3526 57 3526 1098 3526 1374 3527 1375 3527 57 3527 1378 3528 55 3528 1375 3528 1378 3529 377 3529 55 3529 1534 3530 891 3530 807 3530 1534 3531 1535 3531 891 3531 1379 3532 378 3532 377 3532 1379 3533 377 3533 1378 3533 1532 3534 1534 3534 807 3534 1532 3535 807 3535 804 3535 1539 3536 1172 3536 1174 3536 1539 3537 1174 3537 1538 3537 1372 3538 1374 3538 1098 3538 1372 3539 1098 3539 1100 3539 1370 3540 1100 3540 1101 3540 1370 3541 1372 3541 1100 3541 1381 3542 379 3542 378 3542 1381 3543 378 3543 1379 3543 1530 3544 1532 3544 804 3544 1530 3545 804 3545 800 3545 1541 3546 1172 3546 1539 3546 1541 3547 1170 3547 1172 3547 1367 3548 1370 3548 1101 3548 1367 3549 1101 3549 1104 3549 1383 3550 380 3550 379 3550 1383 3551 379 3551 1381 3551 1543 3552 1170 3552 1541 3552 1543 3553 1167 3553 1170 3553 1527 3554 1530 3554 800 3554 1527 3555 800 3555 797 3555 1546 3556 1166 3556 1167 3556 1546 3557 1167 3557 1543 3557 1366 3558 1367 3558 1104 3558 1366 3559 1104 3559 1105 3559 1366 3560 1105 3560 1108 3560 1526 3561 797 3561 790 3561 1526 3562 1527 3562 797 3562 1386 3563 381 3563 380 3563 1386 3564 380 3564 1383 3564 1364 3565 1366 3565 1108 3565 1388 3566 382 3566 381 3566 1388 3567 381 3567 1386 3567 1524 3568 1526 3568 790 3568 1524 3569 790 3569 787 3569 1548 3570 1164 3570 1166 3570 1548 3571 1166 3571 1546 3571 1361 3572 1108 3572 1110 3572 1361 3573 1364 3573 1108 3573 1390 3574 382 3574 1388 3574 1521 3575 1524 3575 787 3575 1550 3576 1162 3576 1164 3576 1550 3577 1164 3577 1548 3577 1391 3578 383 3578 382 3578 1391 3579 382 3579 1390 3579 1551 3580 1159 3580 1162 3580 1551 3581 1806 3581 1159 3581 1551 3582 1808 3582 1806 3582 1551 3583 1162 3583 1550 3583 1360 3584 1745 3584 1988 3584 1360 3585 1361 3585 1110 3585 1360 3586 1110 3586 1111 3586 1360 3587 1111 3587 1745 3587 1520 3588 1521 3588 787 3588 1520 3589 787 3589 792 3589 1554 3590 1808 3590 1551 3590 1554 3591 1810 3591 1808 3591 1358 3592 1988 3592 1987 3592 1358 3593 1360 3593 1988 3593 1394 3594 410 3594 383 3594 1394 3595 383 3595 1391 3595 1518 3596 792 3596 843 3596 1518 3597 1520 3597 792 3597 1356 3598 1358 3598 1987 3598 1356 3599 1987 3599 1984 3599 1356 3600 1984 3600 1983 3600 1237 3601 410 3601 1394 3601 1237 3602 411 3602 410 3602 1516 3603 1518 3603 843 3603 1516 3604 843 3604 839 3604 1397 3605 1810 3605 1554 3605 1397 3606 1812 3606 1810 3606 1354 3607 1356 3607 1983 3607 1354 3608 1983 3608 1981 3608 1398 3609 1812 3609 1397 3609 1398 3610 1816 3610 1814 3610 1398 3611 1814 3611 1812 3611 1238 3612 411 3612 1237 3612 1514 3613 1516 3613 839 3613 1352 3614 1354 3614 1981 3614 1352 3615 1981 3615 1979 3615 1240 3616 413 3616 411 3616 1240 3617 411 3617 1238 3617 1512 3618 1514 3618 839 3618 1512 3619 839 3619 838 3619 1400 3620 1818 3620 1816 3620 1400 3621 1816 3621 1398 3621 1350 3622 1352 3622 1979 3622 1350 3623 1979 3623 1976 3623 1402 3624 1820 3624 1818 3624 1402 3625 1818 3625 1400 3625 1242 3626 414 3626 413 3626 1242 3627 413 3627 1240 3627 1510 3628 1512 3628 838 3628 1510 3629 838 3629 834 3629 1348 3630 1976 3630 1975 3630 1348 3631 1975 3631 1972 3631 1348 3632 1350 3632 1976 3632 1244 3633 414 3633 1242 3633 1404 3634 1822 3634 1820 3634 1404 3635 1820 3635 1402 3635 1508 3636 1510 3636 834 3636 1345 3637 1972 3637 1971 3637 1345 3638 1348 3638 1972 3638 1406 3639 1826 3639 1824 3639 1406 3640 1824 3640 1822 3640 1406 3641 1822 3641 1404 3641 1246 3642 417 3642 414 3642 1246 3643 414 3643 1244 3643 1505 3644 834 3644 833 3644 1505 3645 1508 3645 834 3645 1344 3646 1971 3646 1969 3646 1344 3647 1345 3647 1971 3647 1407 3648 1826 3648 1406 3648 1407 3649 1829 3649 1826 3649 1247 3650 418 3650 417 3650 1247 3651 417 3651 1246 3651 1504 3652 1505 3652 833 3652 1504 3653 833 3653 829 3653 1410 3654 1830 3654 1829 3654 1410 3655 1829 3655 1407 3655 1341 3656 1969 3656 1966 3656 1341 3657 1344 3657 1969 3657 1250 3658 418 3658 1247 3658 1501 3659 1504 3659 829 3659 1251 3660 418 3660 1250 3660 1251 3661 421 3661 418 3661 1499 3662 1501 3662 829 3662 1499 3663 829 3663 828 3663 1339 3664 1966 3664 1965 3664 1339 3665 1341 3665 1966 3665 1411 3666 1830 3666 1410 3666 1411 3667 1832 3667 1830 3667 1962 3668 1339 3668 1965 3668 1338 3669 1339 3669 1962 3669 1254 3670 421 3670 1251 3670 1498 3671 1499 3671 828 3671 1414 3672 1834 3672 1832 3672 1414 3673 1832 3673 1411 3673 1961 3674 1338 3674 1962 3674 1836 3675 1834 3675 1414 3675 1336 3676 1338 3676 1961 3676 1415 3677 1836 3677 1414 3677 824 3678 1498 3678 828 3678 824 3679 1496 3679 1498 3679 422 3680 421 3680 1254 3680 422 3681 1254 3681 1255 3681 1958 3682 1336 3682 1961 3682 1838 3683 1836 3683 1415 3683 1334 3684 1336 3684 1958 3684 1258 3685 422 3685 1255 3685 1418 3686 1838 3686 1415 3686 1494 3687 1496 3687 824 3687 1957 3688 1334 3688 1958 3688 1841 3689 1838 3689 1418 3689 1332 3690 1334 3690 1957 3690 1420 3691 1841 3691 1418 3691 1955 3692 1332 3692 1957 3692 1842 3693 1841 3693 1420 3693 1330 3694 1332 3694 1955 3694 1421 3695 1842 3695 1420 3695 1952 3696 1330 3696 1955 3696 1844 3697 1842 3697 1421 3697 1424 3698 1844 3698 1421 3698 1950 3699 1327 3699 1330 3699 1950 3700 1330 3700 1952 3700 1846 3701 1844 3701 1424 3701 1948 3702 1327 3702 1950 3702 1948 3703 1326 3703 1327 3703 1849 3704 1846 3704 1424 3704 1849 3705 1424 3705 1425 3705 823 3706 1494 3706 824 3706 823 3707 1492 3707 1494 3707 426 3708 1258 3708 1260 3708 426 3709 422 3709 1258 3709 1947 3710 1326 3710 1948 3710 1947 3711 1324 3711 1326 3711 1850 3712 1425 3712 1428 3712 1850 3713 1849 3713 1425 3713 1945 3714 1324 3714 1947 3714 1945 3715 1322 3715 1324 3715 1852 3716 1428 3716 1430 3716 1852 3717 1850 3717 1428 3717 1943 3718 1322 3718 1945 3718 1854 3719 1430 3719 1431 3719 1854 3720 1852 3720 1430 3720 1941 3721 1322 3721 1943 3721 1941 3722 1319 3722 1322 3722 1856 3723 1854 3723 1431 3723 1938 3724 1319 3724 1941 3724 1938 3725 1318 3725 1319 3725 1858 3726 1431 3726 1434 3726 1858 3727 1856 3727 1431 3727 1937 3728 1318 3728 1938 3728 1937 3729 1316 3729 1318 3729 1860 3730 1434 3730 1435 3730 1860 3731 1858 3731 1434 3731 820 3732 1492 3732 823 3732 820 3733 1487 3733 1490 3733 820 3734 1490 3734 1492 3734 427 3735 1260 3735 1261 3735 427 3736 1261 3736 1264 3736 427 3737 426 3737 1260 3737 1934 3738 1316 3738 1937 3738 1934 3739 1313 3739 1316 3739 1862 3740 1435 3740 1438 3740 1862 3741 1860 3741 1435 3741 1933 3742 1313 3742 1934 3742 1864 3743 1438 3743 1440 3743 1864 3744 1862 3744 1438 3744 1931 3745 1313 3745 1933 3745 1931 3746 1311 3746 1313 3746 1867 3747 1864 3747 1440 3747 1929 3748 1311 3748 1931 3748 1868 3749 1867 3749 1440 3749 819 3750 1487 3750 820 3750 819 3751 1486 3751 1487 3751 431 3752 427 3752 1264 3752 431 3753 1264 3753 1265 3753 816 3754 1486 3754 819 3754 816 3755 1482 3755 1484 3755 816 3756 1484 3756 1486 3756 432 3757 1265 3757 1268 3757 432 3758 1268 3758 1270 3758 432 3759 431 3759 1265 3759 815 3760 1482 3760 816 3760 815 3761 1479 3761 1482 3761 436 3762 1270 3762 1271 3762 436 3763 432 3763 1270 3763 813 3764 1479 3764 815 3764 813 3765 1476 3765 1478 3765 813 3766 1478 3766 1479 3766 437 3767 1271 3767 1274 3767 437 3768 1274 3768 1275 3768 437 3769 436 3769 1271 3769 812 3770 1473 3770 1476 3770 812 3771 1476 3771 813 3771 441 3772 437 3772 1275 3772 441 3773 1275 3773 1278 3773 1055 3774 1899 3774 1896 3774 1054 3775 1055 3775 1896 3775 1054 3776 1896 3776 1894 3776 1058 3777 1899 3777 1055 3777 1058 3778 1902 3778 1900 3778 1058 3779 1900 3779 1899 3779 1052 3780 1894 3780 1892 3780 1052 3781 1054 3781 1894 3781 1059 3782 1902 3782 1058 3782 1059 3783 1905 3783 1902 3783 1050 3784 1892 3784 1890 3784 1050 3785 1052 3785 1892 3785 1061 3786 1905 3786 1059 3786 1061 3787 1906 3787 1905 3787 1047 3788 1890 3788 1888 3788 1047 3789 1888 3789 1886 3789 1047 3790 1050 3790 1890 3790 1063 3791 1906 3791 1061 3791 1063 3792 1908 3792 1906 3792 1046 3793 1886 3793 1884 3793 1046 3794 1047 3794 1886 3794 1066 3795 1908 3795 1063 3795 1066 3796 1913 3796 1910 3796 1066 3797 1910 3797 1908 3797 785 3798 1471 3798 1473 3798 785 3799 1473 3799 812 3799 390 3800 441 3800 1278 3800 390 3801 1278 3801 1280 3801 1044 3802 1884 3802 1882 3802 1044 3803 1046 3803 1884 3803 1068 3804 1913 3804 1066 3804 1068 3805 1914 3805 1913 3805 1041 3806 1882 3806 1881 3806 1041 3807 1044 3807 1882 3807 1070 3808 1917 3808 1914 3808 1070 3809 1914 3809 1068 3809 1040 3810 1041 3810 1881 3810 1040 3811 1881 3811 1878 3811 1040 3812 1878 3812 1876 3812 1071 3813 1918 3813 1917 3813 1071 3814 1917 3814 1070 3814 1038 3815 1876 3815 1874 3815 1038 3816 1040 3816 1876 3816 1074 3817 1922 3817 1921 3817 1074 3818 1921 3818 1918 3818 1074 3819 1918 3819 1071 3819 1036 3820 1874 3820 1872 3820 1036 3821 1038 3821 1874 3821 917 3822 1922 3822 1074 3822 917 3823 1925 3823 1922 3823 1034 3824 1872 3824 1870 3824 1034 3825 1036 3825 1872 3825 918 3826 1925 3826 917 3826 918 3827 1927 3827 1925 3827 1032 3828 1868 3828 1440 3828 1032 3829 1034 3829 1870 3829 1032 3830 1870 3830 1868 3830 920 3831 1927 3831 918 3831 920 3832 1311 3832 1929 3832 920 3833 1929 3833 1927 3833 1030 3834 1032 3834 1440 3834 1030 3835 1440 3835 1442 3835 922 3836 1311 3836 920 3836 922 3837 1310 3837 1311 3837 784 3838 1471 3838 785 3838 784 3839 1467 3839 1470 3839 784 3840 1470 3840 1471 3840 385 3841 390 3841 1280 3841 385 3842 1280 3842 1282 3842 385 3843 1282 3843 1283 3843 924 3844 1310 3844 922 3844 924 3845 1307 3845 1310 3845 1028 3846 1442 3846 1443 3846 1028 3847 1443 3847 1445 3847 1028 3848 1030 3848 1442 3848 1025 3849 1445 3849 1448 3849 1025 3850 1028 3850 1445 3850 926 3851 1307 3851 924 3851 926 3852 1306 3852 1307 3852 1024 3853 1025 3853 1448 3853 927 3854 1306 3854 926 3854 927 3855 1301 3855 1303 3855 927 3856 1303 3856 1306 3856 1021 3857 1448 3857 1450 3857 1021 3858 1450 3858 1451 3858 1021 3859 1024 3859 1448 3859 930 3860 1301 3860 927 3860 930 3861 1300 3861 1301 3861 1019 3862 1021 3862 1451 3862 1019 3863 1451 3863 1454 3863 931 3864 1300 3864 930 3864 783 3865 1467 3865 784 3865 783 3866 1466 3866 1467 3866 388 3867 385 3867 1283 3867 388 3868 1283 3868 1285 3868 1018 3869 1019 3869 1454 3869 934 3870 1297 3870 1300 3870 934 3871 1300 3871 931 3871 782 3872 1466 3872 783 3872 782 3873 1463 3873 1466 3873 395 3874 388 3874 1285 3874 395 3875 1285 3875 1288 3875 781 3876 1461 3876 1463 3876 781 3877 1463 3877 782 3877 398 3878 395 3878 1288 3878 398 3879 1288 3879 1290 3879 780 3880 1460 3880 1461 3880 780 3881 1461 3881 781 3881 402 3882 1290 3882 1291 3882 402 3883 398 3883 1290 3883 779 3884 1457 3884 1460 3884 779 3885 1460 3885 780 3885 405 3886 402 3886 1291 3886 405 3887 1291 3887 1294 3887 752 3888 779 3888 750 3888 752 3889 1456 3889 1457 3889 752 3890 1457 3890 779 3890 515 3891 408 3891 405 3891 515 3892 1294 3892 1296 3892 515 3893 405 3893 1294 3893 754 3894 1454 3894 1456 3894 754 3895 1456 3895 752 3895 754 3896 1016 3896 1018 3896 754 3897 1018 3897 1454 3897 513 3898 1297 3898 934 3898 513 3899 1296 3899 1297 3899 513 3900 515 3900 1296 3900 513 3901 934 3901 935 3901 756 3902 1014 3902 1016 3902 756 3903 1016 3903 754 3903 511 3904 513 3904 935 3904 511 3905 935 3905 938 3905 539 3906 509 3906 511 3906 539 3907 511 3907 938 3907 539 3908 938 3908 940 3908 567 3909 1012 3909 1014 3909 567 3910 1014 3910 756 3910 567 3911 756 3911 570 3911 540 3912 539 3912 940 3912 540 3913 940 3913 941 3913 564 3914 1010 3914 1012 3914 564 3915 1012 3915 567 3915 541 3916 540 3916 941 3916 541 3917 941 3917 944 3917 560 3918 1007 3918 1010 3918 560 3919 1010 3919 564 3919 542 3920 541 3920 944 3920 542 3921 944 3921 945 3921 557 3922 1007 3922 560 3922 557 3923 1006 3923 1007 3923 543 3924 542 3924 945 3924 543 3925 945 3925 948 3925 550 3926 1006 3926 557 3926 550 3927 1004 3927 1006 3927 544 3928 543 3928 948 3928 544 3929 948 3929 950 3929 544 3930 950 3930 951 3930 547 3931 999 3931 1002 3931 547 3932 1002 3932 1004 3932 547 3933 1004 3933 550 3933 545 3934 544 3934 951 3934 545 3935 951 3935 954 3935 552 3936 998 3936 999 3936 552 3937 999 3937 547 3937 572 3938 545 3938 954 3938 572 3939 954 3939 955 3939 603 3940 996 3940 998 3940 603 3941 998 3941 552 3941 573 3942 572 3942 955 3942 573 3943 955 3943 958 3943 573 3944 958 3944 960 3944 599 3945 991 3945 993 3945 599 3946 993 3946 996 3946 599 3947 996 3947 603 3947 575 3948 573 3948 960 3948 575 3949 960 3949 962 3949 598 3950 990 3950 991 3950 598 3951 991 3951 599 3951 576 3952 575 3952 962 3952 576 3953 962 3953 963 3953 576 3954 963 3954 965 3954 594 3955 986 3955 987 3955 594 3956 987 3956 990 3956 594 3957 990 3957 598 3957 579 3958 965 3958 968 3958 579 3959 576 3959 965 3959 593 3960 983 3960 986 3960 593 3961 986 3961 594 3961 580 3962 968 3962 970 3962 580 3963 970 3963 971 3963 580 3964 579 3964 968 3964 589 3965 980 3965 981 3965 589 3966 981 3966 983 3966 589 3967 983 3967 593 3967 583 3968 971 3968 974 3968 583 3969 580 3969 971 3969 588 3970 977 3970 980 3970 588 3971 980 3971 589 3971 584 3972 977 3972 588 3972 584 3973 974 3973 976 3973 584 3974 976 3974 977 3974 584 3975 583 3975 974 3975</p>
        </triangles>
      </mesh>
    </geometry>
  </library_geometries>
  <library_materials>
    <material id="mat_Solid036" name="Solid036">
      <instance_effect url="#effect_Solid036"/>
    </material>
  </library_materials>
  <library_visual_scenes>
    <visual_scene id="scene">
      <node id="node0" name="node0">
        <instance_geometry url="#geometry0">
          <bind_material>
            <technique_common>
              <instance_material symbol="ref_Solid036" target="#mat_Solid036"/>
            </technique_common>
          </bind_material>
        </instance_geometry>
      </node>
    </visual_scene>
  </library_visual_scenes>
  <scene>
    <instance_visual_scene url="#scene"/>
  </scene>
</COLLADA>
